1,0,0.04052873
1,32,0.034548074
1,64,0.030667739
1,96,0.02728617
1,128,0.024315806
1,160,0.022411115
1,192,0.021654136
1,224,0.021253476
1,256,0.020877916
1,288,0.020473223
1,320,0.020216988
1,352,0.020103252
1,384,0.019953799
1,416,0.019719679
1,448,0.019656477
1,480,0.019580772
1,512,0.019480862
1,544,0.019244693
1,576,0.019224
1,608,0.019062916
1,640,0.019002153
1,672,0.018799668
1,704,0.018740151
1,736,0.018599767
1,768,0.018650383
1,800,0.018576058
1,832,0.018516367
1,864,0.018499028
1,896,0.018354245
1,928,0.018303817
1,960,0.018245496
1,992,0.01823925
1,1024,0.018163031
1,1056,0.01808982
1,1088,0.018036906
1,1120,0.018029315
1,1152,0.01798678
1,1184,0.017913181
1,1216,0.017827557
1,1248,0.017726276
1,1280,0.01771953
1,1312,0.017761074
1,1344,0.017633937
1,1376,0.017720092
1,1408,0.017651094
1,1440,0.017544404
1,1472,0.017574605
1,1504,0.017591216
1,1536,0.017457968
1,1568,0.017517103
1,1600,0.017493535
1,1632,0.017402465
1,1664,0.017354809
1,1696,0.017321093
1,1728,0.01733485
1,1760,0.017278826
1,1792,0.017286165
1,1824,0.01723099
1,1856,0.017189454
1,1888,0.017189959
1,1920,0.017116843
1,1952,0.017154347
1,1984,0.017120324
1,2016,0.017069248
1,2048,0.017055342
1,2080,0.017092656
1,2112,0.016965872
1,2144,0.017003922
1,2176,0.016942168
1,2208,0.01693101
1,2240,0.016925199
1,2272,0.01690837
1,2304,0.016927121
1,2336,0.01686229
1,2368,0.01675285
1,2400,0.016818956
1,2432,0.016729178
1,2464,0.016789103
1,2496,0.016712915
1,2528,0.016676715
1,2560,0.016651616
1,2592,0.016701287
1,2624,0.016711902
1,2656,0.0167353
1,2688,0.01671249
1,2720,0.016547646
1,2752,0.016643032
1,2784,0.016564466
1,2816,0.016578833
1,2848,0.016513675
1,2880,0.016581643
1,2912,0.016584462
1,2944,0.016396297
1,2976,0.01646378
1,3008,0.016436966
1,3040,0.016468855
1,3072,0.016435081
1,3104,0.016453959
1,3136,0.016365848
1,3168,0.016402045
1,3200,0.016310196
1,3232,0.016353097
1,3264,0.01631518
1,3296,0.016339146
1,3328,0.016302055
1,3360,0.016200047
1,3392,0.016247502
1,3424,0.01621449
1,3456,0.01621789
1,3488,0.016257351
1,3520,0.016220499
1,3552,0.016189933
1,3584,0.01619302
1,3616,0.016167419
1,3648,0.016136998
1,3680,0.016082304
1,3712,0.01609731
1,3744,0.01613196
1,3776,0.016091343
1,3808,0.016146312
1,3840,0.016050316
1,3872,0.015967414
1,3904,0.01608916
1,3936,0.016127817
1,3968,0.015975164
1,4000,0.015972605
1,4032,0.015958127
1,4064,0.016021147
1,4096,0.016053205
1,4128,0.017018303
1,4160,0.016839005
1,4192,0.01686792
1,4224,0.016775658
1,4256,0.016770273
1,4288,0.01668582
1,4320,0.016615424
1,4352,0.016614715
1,4384,0.016582469
1,4416,0.01658977
1,4448,0.016506998
1,4480,0.016548801
1,4512,0.016511574
1,4544,0.016512783
1,4576,0.01641428
1,4608,0.016456107
1,4640,0.016388835
1,4672,0.016320543
1,4704,0.016295526
1,4736,0.016286965
1,4768,0.016288668
1,4800,0.016341876
1,4832,0.016232725
1,4864,0.016197965
1,4896,0.016231002
1,4928,0.016207222
1,4960,0.01620213
1,4992,0.016107127
1,5024,0.016175842
1,5056,0.016145889
1,5088,0.016156862
1,5120,0.01616326
1,5152,0.01616013
1,5184,0.016084488
1,5216,0.016068425
1,5248,0.016002739
1,5280,0.01602601
1,5312,0.015981851
1,5344,0.016037604
1,5376,0.016016226
1,5408,0.015923537
1,5440,0.015978219
1,5472,0.015927007
1,5504,0.016007181
1,5536,0.015927836
1,5568,0.015951475
1,5600,0.015893588
1,5632,0.015783977
1,5664,0.015861515
1,5696,0.015905453
1,5728,0.015680533
1,5760,0.015855264
1,5792,0.015774855
1,5824,0.015922181
1,5856,0.015830416
1,5888,0.015784975
1,5920,0.01576467
1,5952,0.015833944
1,5984,0.015702432
1,6016,0.015753988
1,6048,0.015721075
1,6080,0.015786221
2,0,0.015697127
2,32,0.015640233
2,64,0.01574993
2,96,0.015706878
2,128,0.015687475
2,160,0.015676355
2,192,0.015710205
2,224,0.015660169
2,256,0.015581838
2,288,0.015570374
2,320,0.015619302
2,352,0.015614078
2,384,0.015668847
2,416,0.0155161
2,448,0.015542355
2,480,0.015616981
2,512,0.015574334
2,544,0.01565774
2,576,0.015516849
2,608,0.015484957
2,640,0.01546784
2,672,0.015521421
2,704,0.015476627
2,736,0.015560956
2,768,0.01549798
2,800,0.015462819
2,832,0.015497656
2,864,0.015449134
2,896,0.0154742
2,928,0.015465635
2,960,0.015441794
2,992,0.015431327
2,1024,0.015430677
2,1056,0.015363798
2,1088,0.015451764
2,1120,0.015436751
2,1152,0.015387551
2,1184,0.015413353
2,1216,0.015400394
2,1248,0.015326562
2,1280,0.015415191
2,1312,0.015325711
2,1344,0.015250938
2,1376,0.015317291
2,1408,0.015247802
2,1440,0.015397337
2,1472,0.015420584
2,1504,0.015348951
2,1536,0.015281018
2,1568,0.015263656
2,1600,0.015315461
2,1632,0.015361136
2,1664,0.015206842
2,1696,0.015240068
2,1728,0.015267882
2,1760,0.015289768
2,1792,0.015275832
2,1824,0.015247347
2,1856,0.015191402
2,1888,0.015177319
2,1920,0.015209212
2,1952,0.015247044
2,1984,0.015162984
2,2016,0.01520001
2,2048,0.015167002
2,2080,0.015119157
2,2112,0.01590657
2,2144,0.016208619
2,2176,0.016143654
2,2208,0.016053123
2,2240,0.016020088
2,2272,0.015984155
2,2304,0.01590264
2,2336,0.01598877
2,2368,0.015856076
2,2400,0.015820831
2,2432,0.01576341
2,2464,0.015790598
2,2496,0.015786044
2,2528,0.01573246
2,2560,0.015774047
2,2592,0.01568478
2,2624,0.015660036
2,2656,0.015763216
2,2688,0.015643736
2,2720,0.0156415
2,2752,0.015625438
2,2784,0.015581191
2,2816,0.015524217
2,2848,0.01562987
2,2880,0.015599816
2,2912,0.015580848
2,2944,0.015507702
2,2976,0.01547119
2,3008,0.015517879
2,3040,0.015444655
2,3072,0.015526364
2,3104,0.0154982945
2,3136,0.015412476
2,3168,0.015401523
2,3200,0.015447645
2,3232,0.01538162
2,3264,0.0153277395
2,3296,0.0153306
2,3328,0.0153612085
2,3360,0.015439547
2,3392,0.015269728
2,3424,0.015341531
2,3456,0.015363421
2,3488,0.015288898
2,3520,0.015345596
2,3552,0.015294433
2,3584,0.015287429
2,3616,0.015270083
2,3648,0.015319589
2,3680,0.015327814
2,3712,0.015217391
2,3744,0.0152841145
2,3776,0.015240496
2,3808,0.0153051745
2,3840,0.015211472
2,3872,0.0151256155
2,3904,0.015201898
2,3936,0.015194534
2,3968,0.01516325
2,4000,0.015167044
2,4032,0.015185703
2,4064,0.015095183
2,4096,0.0151655525
2,4128,0.015135505
2,4160,0.015123257
2,4192,0.015140771
2,4224,0.015177349
2,4256,0.015018115
2,4288,0.015114199
2,4320,0.0150823435
2,4352,0.015078866
2,4384,0.015128234
2,4416,0.015074373
2,4448,0.015112839
2,4480,0.015015392
2,4512,0.014998594
2,4544,0.01494501
2,4576,0.01505827
2,4608,0.015086536
2,4640,0.015087655
2,4672,0.015002424
2,4704,0.014997591
2,4736,0.014904462
2,4768,0.014999048
2,4800,0.014939116
2,4832,0.014971663
2,4864,0.014942721
2,4896,0.015009237
2,4928,0.014949509
2,4960,0.014921697
2,4992,0.014989576
2,5024,0.0149194505
2,5056,0.014965329
2,5088,0.014866857
2,5120,0.014895322
2,5152,0.014849131
2,5184,0.014933449
2,5216,0.014852286
2,5248,0.014876509
2,5280,0.014908252
2,5312,0.014856482
2,5344,0.014903616
2,5376,0.014878851
2,5408,0.014825676
2,5440,0.014906032
2,5472,0.014924531
2,5504,0.014805815
2,5536,0.014859687
2,5568,0.014758856
2,5600,0.014846774
2,5632,0.014880609
2,5664,0.014804514
2,5696,0.014768781
2,5728,0.014762319
2,5760,0.0147461165
2,5792,0.014805016
2,5824,0.0147050405
2,5856,0.014835788
2,5888,0.014855368
2,5920,0.014682857
2,5952,0.014804156
2,5984,0.01475394
2,6016,0.014761513
2,6048,0.014746778
2,6080,0.014744099
3,0,0.0146848215
3,32,0.01473861
3,64,0.014751069
3,96,0.01532247
3,128,0.015784327
3,160,0.015656142
3,192,0.015586722
3,224,0.015638573
3,256,0.015532853
3,288,0.015470463
3,320,0.015451446
3,352,0.015448466
3,384,0.015381083
3,416,0.015373559
3,448,0.015406651
3,480,0.015388353
3,512,0.015384123
3,544,0.015320881
3,576,0.015299171
3,608,0.015196605
3,640,0.015301648
3,672,0.015190942
3,704,0.015245214
3,736,0.0151840495
3,768,0.015182585
3,800,0.015253096
3,832,0.015207643
3,864,0.01516018
3,896,0.015035895
3,928,0.015053298
3,960,0.015168334
3,992,0.015107419
3,1024,0.015052962
3,1056,0.015054027
3,1088,0.014988115
3,1120,0.015043071
3,1152,0.015066575
3,1184,0.015016093
3,1216,0.015002234
3,1248,0.01497604
3,1280,0.014997757
3,1312,0.014977135
3,1344,0.014955054
3,1376,0.014980208
3,1408,0.014995619
3,1440,0.014888753
3,1472,0.014918539
3,1504,0.01485136
3,1536,0.014877333
3,1568,0.014918296
3,1600,0.014859164
3,1632,0.014894325
3,1664,0.014885265
3,1696,0.014814144
3,1728,0.014899898
3,1760,0.01489688
3,1792,0.01483421
3,1824,0.014829969
3,1856,0.014847032
3,1888,0.014730293
3,1920,0.014689075
3,1952,0.014828283
3,1984,0.014826534
3,2016,0.014822973
3,2048,0.014831834
3,2080,0.01479002
3,2112,0.014766595
3,2144,0.014809471
3,2176,0.014712668
3,2208,0.014786062
3,2240,0.0146838315
3,2272,0.014854539
3,2304,0.014684912
3,2336,0.014721009
3,2368,0.014713349
3,2400,0.014755409
3,2432,0.014716719
3,2464,0.014707849
3,2496,0.014747423
3,2528,0.014738596
3,2560,0.014660695
3,2592,0.014700246
3,2624,0.014751216
3,2656,0.014672288
3,2688,0.014650793
3,2720,0.014665811
3,2752,0.014683357
3,2784,0.014668398
3,2816,0.014639851
3,2848,0.0146857295
3,2880,0.014742789
3,2912,0.014610099
3,2944,0.014564014
3,2976,0.01460966
3,3008,0.014605102
3,3040,0.014599577
3,3072,0.0146159
3,3104,0.01462463
3,3136,0.014615062
3,3168,0.014550352
3,3200,0.014546856
3,3232,0.01459834
3,3264,0.014553369
3,3296,0.01461514
3,3328,0.01452966
3,3360,0.014550101
3,3392,0.014580145
3,3424,0.014550713
3,3456,0.01458292
3,3488,0.014497263
3,3520,0.014484059
3,3552,0.014550154
3,3584,0.0145378485
3,3616,0.014500449
3,3648,0.014589928
3,3680,0.014489496
3,3712,0.014508932
3,3744,0.0144624915
3,3776,0.014539166
3,3808,0.014426051
3,3840,0.014473166
3,3872,0.014525401
3,3904,0.014510413
3,3936,0.014559403
3,3968,0.014500396
3,4000,0.014443185
3,4032,0.014578932
3,4064,0.014466468
3,4096,0.014481684
3,4128,0.0144288
3,4160,0.014453696
3,4192,0.015000677
3,4224,0.015443111
3,4256,0.015351906
3,4288,0.015341788
3,4320,0.015323664
3,4352,0.015304248
3,4384,0.015194038
3,4416,0.015120751
3,4448,0.015087906
3,4480,0.015143983
3,4512,0.015100547
3,4544,0.015154223
3,4576,0.015087083
3,4608,0.01520035
3,4640,0.014983836
3,4672,0.015028345
3,4704,0.014990307
3,4736,0.014965898
3,4768,0.014878708
3,4800,0.014939638
3,4832,0.014907519
3,4864,0.014952973
3,4896,0.014927906
3,4928,0.0148144085
3,4960,0.014870053
3,4992,0.0148408
3,5024,0.014816557
3,5056,0.014850316
3,5088,0.014775387
3,5120,0.014826661
3,5152,0.014779051
3,5184,0.014770802
3,5216,0.014818941
3,5248,0.014746837
3,5280,0.014794732
3,5312,0.014723619
3,5344,0.014816468
3,5376,0.014821979
3,5408,0.01469078
3,5440,0.014691744
3,5472,0.014728589
3,5504,0.0146958595
3,5536,0.014644408
3,5568,0.014680813
3,5600,0.014678912
3,5632,0.014654796
3,5664,0.014691104
3,5696,0.014602692
3,5728,0.014636039
3,5760,0.014719685
3,5792,0.014630521
3,5824,0.014585951
3,5856,0.014561403
3,5888,0.01459184
3,5920,0.014615707
3,5952,0.014587075
3,5984,0.014558701
3,6016,0.0145805525
3,6048,0.014659686
3,6080,0.014575384
4,0,0.014621653
4,32,0.014638344
4,64,0.014529994
4,96,0.014539171
4,128,0.014529126
4,160,0.014610205
4,192,0.014584973
4,224,0.014577086
4,256,0.014511407
4,288,0.014524019
4,320,0.014527848
4,352,0.014487623
4,384,0.014479919
4,416,0.014512923
4,448,0.014451145
4,480,0.014522089
4,512,0.01451435
4,544,0.0144949285
4,576,0.014532262
4,608,0.014381674
4,640,0.014384799
4,672,0.014431168
4,704,0.014386005
4,736,0.014436454
4,768,0.014425166
4,800,0.014475407
4,832,0.014423127
4,864,0.014496604
4,896,0.014384239
4,928,0.014462579
4,960,0.014433331
4,992,0.014505583
4,1024,0.014414857
4,1056,0.01439356
4,1088,0.014437511
4,1120,0.014438243
4,1152,0.014460819
4,1184,0.014353715
4,1216,0.014421066
4,1248,0.014421947
4,1280,0.014434591
4,1312,0.014399442
4,1344,0.014426208
4,1376,0.0143994875
4,1408,0.014355596
4,1440,0.014387362
4,1472,0.014388072
4,1504,0.014365569
4,1536,0.014309339
4,1568,0.014392762
4,1600,0.014335946
4,1632,0.0143350465
4,1664,0.014373814
4,1696,0.014385126
4,1728,0.014328378
4,1760,0.014339124
4,1792,0.014327854
4,1824,0.014309569
4,1856,0.014328094
4,1888,0.014233137
4,1920,0.0142651955
4,1952,0.014269479
4,1984,0.014363439
4,2016,0.014278453
4,2048,0.014346767
4,2080,0.014361814
4,2112,0.014286185
4,2144,0.014286759
4,2176,0.014579395
4,2208,0.015241964
4,2240,0.015259169
4,2272,0.015167241
4,2304,0.015109049
4,2336,0.015047833
4,2368,0.015013451
4,2400,0.014968694
4,2432,0.014968337
4,2464,0.015022214
4,2496,0.014958076
4,2528,0.014940637
4,2560,0.014877373
4,2592,0.014842686
4,2624,0.014864101
4,2656,0.014802876
4,2688,0.014807193
4,2720,0.014854127
4,2752,0.014783728
4,2784,0.0147570195
4,2816,0.014703765
4,2848,0.014737959
4,2880,0.01468794
4,2912,0.014733383
4,2944,0.014727469
4,2976,0.01467768
4,3008,0.014670898
4,3040,0.014722287
4,3072,0.0146713685
4,3104,0.0145534575
4,3136,0.014655156
4,3168,0.014651746
4,3200,0.014563773
4,3232,0.014574689
4,3264,0.01453608
4,3296,0.014574112
4,3328,0.014529693
4,3360,0.014595614
4,3392,0.014579708
4,3424,0.01453827
4,3456,0.014475267
4,3488,0.01459116
4,3520,0.014505819
4,3552,0.014423062
4,3584,0.014517431
4,3616,0.014537947
4,3648,0.01450886
4,3680,0.014468424
4,3712,0.014467762
4,3744,0.014423711
4,3776,0.014466841
4,3808,0.0144621115
4,3840,0.014368331
4,3872,0.014430919
4,3904,0.01443959
4,3936,0.0144447265
4,3968,0.014391555
4,4000,0.014368463
4,4032,0.014409149
4,4064,0.014403116
4,4096,0.014422026
4,4128,0.01440331
4,4160,0.014442931
4,4192,0.014469592
4,4224,0.014361691
4,4256,0.014410274
4,4288,0.0143119935
4,4320,0.014352582
4,4352,0.014384
4,4384,0.014405594
4,4416,0.014329407
4,4448,0.014333327
4,4480,0.01438487
4,4512,0.014289458
4,4544,0.014309311
4,4576,0.014294851
4,4608,0.014310457
4,4640,0.014268157
4,4672,0.014355659
4,4704,0.014318356
4,4736,0.014259868
4,4768,0.014310386
4,4800,0.014289787
4,4832,0.0142612
4,4864,0.014265257
4,4896,0.014249342
4,4928,0.014295778
4,4960,0.014289115
4,4992,0.01423488
4,5024,0.014239608
4,5056,0.01425831
4,5088,0.014268262
4,5120,0.014208304
4,5152,0.014237502
4,5184,0.014265054
4,5216,0.014160364
4,5248,0.014154101
4,5280,0.014220648
4,5312,0.014211167
4,5344,0.014197657
4,5376,0.014196972
4,5408,0.014190193
4,5440,0.014087172
4,5472,0.014214796
4,5504,0.014196699
4,5536,0.014182476
4,5568,0.014150266
4,5600,0.014162342
4,5632,0.014126338
4,5664,0.014152052
4,5696,0.014188556
4,5728,0.014190675
4,5760,0.014117382
4,5792,0.014193983
4,5824,0.014147462
4,5856,0.01415864
4,5888,0.014164927
4,5920,0.014211071
4,5952,0.014234464
4,5984,0.014161399
4,6016,0.014047351
4,6048,0.014138984
4,6080,0.014086776
5,0,0.01415746
5,32,0.0141622145
5,64,0.014087697
5,96,0.014120052
5,128,0.014126462
5,160,0.014149216
5,192,0.015226399
5,224,0.015200114
5,256,0.015048086
5,288,0.015044245
5,320,0.014952034
5,352,0.014916956
5,384,0.014962366
5,416,0.014948405
5,448,0.014863926
5,480,0.014867535
5,512,0.014821347
5,544,0.014757822
5,576,0.0147959255
5,608,0.014761632
5,640,0.014767979
5,672,0.014684904
5,704,0.014656436
5,736,0.014684784
5,768,0.014584334
5,800,0.014748668
5,832,0.014699032
5,864,0.014575407
5,896,0.014700503
5,928,0.014626535
5,960,0.014546453
5,992,0.014534752
5,1024,0.014592218
5,1056,0.014460809
5,1088,0.014535654
5,1120,0.014589548
5,1152,0.014518765
5,1184,0.014486258
5,1216,0.014481386
5,1248,0.014504158
5,1280,0.014496448
5,1312,0.014486279
5,1344,0.014474651
5,1376,0.01449095
5,1408,0.01448026
5,1440,0.014478696
5,1472,0.01443392
5,1504,0.01441076
5,1536,0.014426283
5,1568,0.014405134
5,1600,0.014388467
5,1632,0.014437326
5,1664,0.0144501375
5,1696,0.014334679
5,1728,0.014420284
5,1760,0.014393543
5,1792,0.0143657625
5,1824,0.014413368
5,1856,0.014345358
5,1888,0.01427249
5,1920,0.0143942125
5,1952,0.014365316
5,1984,0.014343781
5,2016,0.014337634
5,2048,0.014340389
5,2080,0.014333386
5,2112,0.014328958
5,2144,0.01421041
5,2176,0.014290531
5,2208,0.014292477
5,2240,0.014264686
5,2272,0.014269385
5,2304,0.014231992
5,2336,0.014279838
5,2368,0.014329364
5,2400,0.014240054
5,2432,0.014331062
5,2464,0.01426249
5,2496,0.014269045
5,2528,0.014226293
5,2560,0.014180834
5,2592,0.014244897
5,2624,0.014238836
5,2656,0.014199378
5,2688,0.014235724
5,2720,0.01420902
5,2752,0.014211903
5,2784,0.014182205
5,2816,0.014199524
5,2848,0.014179921
5,2880,0.014218584
5,2912,0.014185553
5,2944,0.014183389
5,2976,0.014165975
5,3008,0.014081073
5,3040,0.014196231
5,3072,0.014176078
5,3104,0.014096159
5,3136,0.014176132
5,3168,0.014155879
5,3200,0.014142185
5,3232,0.01412555
5,3264,0.014032686
5,3296,0.014191544
5,3328,0.014104377
5,3360,0.014148207
5,3392,0.014141493
5,3424,0.014210032
5,3456,0.014124357
5,3488,0.014117166
5,3520,0.01410983
5,3552,0.01416555
5,3584,0.014153444
5,3616,0.014057428
5,3648,0.014083623
5,3680,0.014138684
5,3712,0.014015292
5,3744,0.014047194
5,3776,0.014126254
5,3808,0.014114425
5,3840,0.014115664
5,3872,0.014134136
5,3904,0.014130045
5,3936,0.0140174385
5,3968,0.014111508
5,4000,0.014045423
5,4032,0.014042382
5,4064,0.013994258
5,4096,0.01408416
5,4128,0.014102194
5,4160,0.014017948
5,4192,0.014038213
5,4224,0.0140302945
5,4256,0.014114919
5,4288,0.015084931
5,4320,0.015002832
5,4352,0.014952444
5,4384,0.014853507
5,4416,0.014856953
5,4448,0.014820704
5,4480,0.014799608
5,4512,0.014796012
5,4544,0.01474876
5,4576,0.014664647
5,4608,0.014694761
5,4640,0.014716336
5,4672,0.014678276
5,4704,0.014720462
5,4736,0.0146926865
5,4768,0.01461736
5,4800,0.014627444
5,4832,0.014570251
5,4864,0.014621257
5,4896,0.014574432
5,4928,0.01459533
5,4960,0.014486305
5,4992,0.0145972315
5,5024,0.014421934
5,5056,0.014515545
5,5088,0.014460672
5,5120,0.014468855
5,5152,0.014428225
5,5184,0.014448174
5,5216,0.014406406
5,5248,0.014475344
5,5280,0.014440047
5,5312,0.014409791
5,5344,0.014442702
5,5376,0.014372201
5,5408,0.014425473
5,5440,0.014370292
5,5472,0.014362081
5,5504,0.014334043
5,5536,0.014327187
5,5568,0.014346764
5,5600,0.014289105
5,5632,0.014322297
5,5664,0.014363601
5,5696,0.014312855
5,5728,0.01426794
5,5760,0.014282604
5,5792,0.0142867835
5,5824,0.014323451
5,5856,0.014267129
5,5888,0.014235357
5,5920,0.014312065
5,5952,0.014315912
5,5984,0.014264589
5,6016,0.014216447
5,6048,0.014219325
5,6080,0.014246908
6,0,0.014204412
6,32,0.014231435
6,64,0.014232148
6,96,0.014320571
6,128,0.014231396
6,160,0.0142022
6,192,0.014178036
6,224,0.014217018
6,256,0.01425413
6,288,0.014164666
6,320,0.014156539
6,352,0.014189924
6,384,0.014158754
6,416,0.014199887
6,448,0.014176347
6,480,0.01419429
6,512,0.014182111
6,544,0.014232597
6,576,0.014218709
6,608,0.014212382
6,640,0.014104888
6,672,0.014186888
6,704,0.014117587
6,736,0.014191991
6,768,0.014201912
6,800,0.014219392
6,832,0.014154276
6,864,0.014139375
6,896,0.01413696
6,928,0.014161985
6,960,0.014147345
6,992,0.014141885
6,1024,0.014137663
6,1056,0.014100353
6,1088,0.014105855
6,1120,0.014037217
6,1152,0.01408001
6,1184,0.014047831
6,1216,0.0141314315
6,1248,0.014045622
6,1280,0.014068669
6,1312,0.014066242
6,1344,0.014077177
6,1376,0.014083608
6,1408,0.014139474
6,1440,0.014076808
6,1472,0.014038658
6,1504,0.014096461
6,1536,0.014018255
6,1568,0.014066532
6,1600,0.014033167
6,1632,0.014047462
6,1664,0.014047491
6,1696,0.014033544
6,1728,0.0139546245
6,1760,0.014046876
6,1792,0.0140911015
6,1824,0.014065567
6,1856,0.014096726
6,1888,0.014014373
6,1920,0.014034869
6,1952,0.01402524
6,1984,0.013999329
6,2016,0.013988147
6,2048,0.014029756
6,2080,0.013971156
6,2112,0.0140300775
6,2144,0.014022715
6,2176,0.0140369
6,2208,0.013965814
6,2240,0.0140456045
6,2272,0.014798747
6,2304,0.015022551
6,2336,0.014893406
6,2368,0.014850172
6,2400,0.014735315
6,2432,0.014749826
6,2464,0.014795023
6,2496,0.014730182
6,2528,0.014686249
6,2560,0.014603657
6,2592,0.0146087445
6,2624,0.014645739
6,2656,0.014601818
6,2688,0.014544795
6,2720,0.014586132
6,2752,0.014465834
6,2784,0.014499132
6,2816,0.01454295
6,2848,0.0144214425
6,2880,0.014520801
6,2912,0.014421177
6,2944,0.014479992
6,2976,0.014399855
6,3008,0.014376507
6,3040,0.014390584
6,3072,0.014429684
6,3104,0.014340431
6,3136,0.014356945
6,3168,0.01441081
6,3200,0.014274811
6,3232,0.014388128
6,3264,0.014329642
6,3296,0.014319254
6,3328,0.0142908
6,3360,0.014336163
6,3392,0.014282454
6,3424,0.014262591
6,3456,0.01425929
6,3488,0.01438262
6,3520,0.014373068
6,3552,0.014227198
6,3584,0.014303796
6,3616,0.014267537
6,3648,0.01424504
6,3680,0.014224446
6,3712,0.014191587
6,3744,0.014223657
6,3776,0.014201028
6,3808,0.014270657
6,3840,0.014182404
6,3872,0.014171285
6,3904,0.014170384
6,3936,0.014176646
6,3968,0.014105238
6,4000,0.014120083
6,4032,0.014129216
6,4064,0.014141729
6,4096,0.014180567
6,4128,0.014094101
6,4160,0.014103976
6,4192,0.014121956
6,4224,0.014083193
6,4256,0.014155459
6,4288,0.014051526
6,4320,0.014106674
6,4352,0.014105397
6,4384,0.014101839
6,4416,0.01413245
6,4448,0.014094204
6,4480,0.014054131
6,4512,0.014067722
6,4544,0.014042431
6,4576,0.014088405
6,4608,0.0141390525
6,4640,0.014033181
6,4672,0.014087892
6,4704,0.014018767
6,4736,0.0140413325
6,4768,0.014059745
6,4800,0.01400403
6,4832,0.014070022
6,4864,0.014114861
6,4896,0.013980521
6,4928,0.014046624
6,4960,0.013992513
6,4992,0.014040479
6,5024,0.013964604
6,5056,0.014041742
6,5088,0.013976142
6,5120,0.013970575
6,5152,0.014001619
6,5184,0.013956683
6,5216,0.014046464
6,5248,0.01392677
6,5280,0.014011058
6,5312,0.013946131
6,5344,0.013917091
6,5376,0.014001583
6,5408,0.01392409
6,5440,0.013994296
6,5472,0.0140047325
6,5504,0.01400798
6,5536,0.013953079
6,5568,0.013973542
6,5600,0.013867071
6,5632,0.013952015
6,5664,0.013902898
6,5696,0.013905749
6,5728,0.013871224
6,5760,0.013856681
6,5792,0.013887098
6,5824,0.0139479255
6,5856,0.013930667
6,5888,0.01396306
6,5920,0.013927237
6,5952,0.013880851
6,5984,0.013943837
6,6016,0.013905537
6,6048,0.013942886
6,6080,0.0138995005
7,0,0.013906568
7,32,0.013913434
7,64,0.01396229
7,96,0.013987272
7,128,0.013909498
7,160,0.01398379
7,192,0.013815238
7,224,0.013902435
7,256,0.01450951
7,288,0.015054538
7,320,0.014882687
7,352,0.014867202
7,384,0.014823483
7,416,0.014658239
7,448,0.014784635
7,480,0.014719719
7,512,0.014643802
7,544,0.014616897
7,576,0.014654731
7,608,0.014626251
7,640,0.014594102
7,672,0.014511798
7,704,0.014555516
7,736,0.01450478
7,768,0.01454244
7,800,0.014493559
7,832,0.014396843
7,864,0.014414908
7,896,0.014405463
7,928,0.014405452
7,960,0.014439513
7,992,0.014398773
7,1024,0.014445475
7,1056,0.014397178
7,1088,0.0143478075
7,1120,0.014343365
7,1152,0.0143832
7,1184,0.014310877
7,1216,0.014330673
7,1248,0.014307593
7,1280,0.014312542
7,1312,0.014319792
7,1344,0.014265353
7,1376,0.014293379
7,1408,0.014272586
7,1440,0.014323445
7,1472,0.014322448
7,1504,0.0141714765
7,1536,0.014233104
7,1568,0.014170012
7,1600,0.01419149
7,1632,0.01416471
7,1664,0.014234137
7,1696,0.014217682
7,1728,0.014252075
7,1760,0.014132173
7,1792,0.014249105
7,1824,0.014120974
7,1856,0.014127436
7,1888,0.014210625
7,1920,0.014173541
7,1952,0.014242019
7,1984,0.014141114
7,2016,0.014213901
7,2048,0.014176396
7,2080,0.014149316
7,2112,0.014049067
7,2144,0.014126436
7,2176,0.0141038755
7,2208,0.014110572
7,2240,0.014068728
7,2272,0.014037365
7,2304,0.01409536
7,2336,0.014078508
7,2368,0.014119481
7,2400,0.0140666
7,2432,0.014063732
7,2464,0.014068861
7,2496,0.01408185
7,2528,0.014058043
7,2560,0.014108622
7,2592,0.014087243
7,2624,0.0141117815
7,2656,0.014140256
7,2688,0.0140277315
7,2720,0.014015803
7,2752,0.014020383
7,2784,0.013981959
7,2816,0.014050645
7,2848,0.01409264
7,2880,0.013966199
7,2912,0.0140559105
7,2944,0.014073873
7,2976,0.01399712
7,3008,0.014051006
7,3040,0.013986571
7,3072,0.01406016
7,3104,0.0140132215
7,3136,0.014066401
7,3168,0.013982618
7,3200,0.013992744
7,3232,0.013974468
7,3264,0.0140104685
7,3296,0.013999229
7,3328,0.013976766
7,3360,0.014013324
7,3392,0.01397274
7,3424,0.014022373
7,3456,0.013979761
7,3488,0.014006051
7,3520,0.0139785325
7,3552,0.013948502
7,3584,0.013916027
7,3616,0.013964398
7,3648,0.013992471
7,3680,0.013987558
7,3712,0.013968354
7,3744,0.013941154
7,3776,0.013902737
7,3808,0.013933605
7,3840,0.013907157
7,3872,0.013942437
7,3904,0.013895228
7,3936,0.013905714
7,3968,0.013930732
7,4000,0.014001836
7,4032,0.013983821
7,4064,0.013926138
7,4096,0.013952678
7,4128,0.013914034
7,4160,0.013929263
7,4192,0.01397641
7,4224,0.013884017
7,4256,0.013896296
7,4288,0.013918047
7,4320,0.013954544
7,4352,0.014476764
7,4384,0.014938187
7,4416,0.01482285
7,4448,0.014768314
7,4480,0.0146613065
7,4512,0.0147110205
7,4544,0.014637185
7,4576,0.014603451
7,4608,0.014538163
7,4640,0.014566102
7,4672,0.014550821
7,4704,0.014539724
7,4736,0.0145040965
7,4768,0.014565532
7,4800,0.0144364135
7,4832,0.014484411
7,4864,0.014402263
7,4896,0.014409837
7,4928,0.0144169675
7,4960,0.014369753
7,4992,0.014348526
7,5024,0.014295793
7,5056,0.014295348
7,5088,0.0144081395
7,5120,0.014330457
7,5152,0.014261035
7,5184,0.014235179
7,5216,0.014279973
7,5248,0.014300125
7,5280,0.014204264
7,5312,0.014280094
7,5344,0.014228702
7,5376,0.014215455
7,5408,0.014253699
7,5440,0.014152145
7,5472,0.0141868275
7,5504,0.014196157
7,5536,0.014164888
7,5568,0.014167099
7,5600,0.014160425
7,5632,0.014206334
7,5664,0.014162156
7,5696,0.014129658
7,5728,0.014167355
7,5760,0.014157217
7,5792,0.014133471
7,5824,0.01414265
7,5856,0.014091673
7,5888,0.014184227
7,5920,0.014016517
7,5952,0.014071786
7,5984,0.014096322
7,6016,0.014114902
7,6048,0.014019627
7,6080,0.014081413
8,0,0.014136542
8,32,0.014082101
8,64,0.01399126
8,96,0.014071318
8,128,0.01415145
8,160,0.01405244
8,192,0.014043921
8,224,0.014073187
8,256,0.014047091
8,288,0.014011409
8,320,0.014068202
8,352,0.0140748825
8,384,0.014033013
8,416,0.01398668
8,448,0.014048995
8,480,0.0140260905
8,512,0.014006185
8,544,0.013949408
8,576,0.014020019
8,608,0.014018303
8,640,0.01403816
8,672,0.0139109185
8,704,0.013965275
8,736,0.014081141
8,768,0.013909008
8,800,0.013977607
8,832,0.013991495
8,864,0.013935437
8,896,0.013952694
8,928,0.0140077155
8,960,0.013944162
8,992,0.013974721
8,1024,0.014004535
8,1056,0.013990424
8,1088,0.013899738
8,1120,0.013901254
8,1152,0.014017991
8,1184,0.013982227
8,1216,0.013883267
8,1248,0.013889912
8,1280,0.013916135
8,1312,0.013856158
8,1344,0.0139894225
8,1376,0.013882014
8,1408,0.013922002
8,1440,0.013930725
8,1472,0.013949601
8,1504,0.0138624
8,1536,0.013916002
8,1568,0.013907609
8,1600,0.013911294
8,1632,0.013902714
8,1664,0.013836438
8,1696,0.013854947
8,1728,0.013916231
8,1760,0.013877105
8,1792,0.013931531
8,1824,0.0138494
8,1856,0.013897424
8,1888,0.013841788
8,1920,0.0138099035
8,1952,0.013865425
8,1984,0.013839926
8,2016,0.01392303
8,2048,0.013882278
8,2080,0.013833903
8,2112,0.013815259
8,2144,0.013833206
8,2176,0.013843422
8,2208,0.013858734
8,2240,0.013871905
8,2272,0.013838026
8,2304,0.013873827
8,2336,0.014178481
8,2368,0.014932064
8,2400,0.014761669
8,2432,0.014733895
8,2464,0.01473969
8,2496,0.014656273
8,2528,0.014683363
8,2560,0.014627021
8,2592,0.0146124605
8,2624,0.014540288
8,2656,0.014561633
8,2688,0.014502918
8,2720,0.014485815
8,2752,0.014491568
8,2784,0.014431748
8,2816,0.014471137
8,2848,0.014399831
8,2880,0.014436108
8,2912,0.014359087
8,2944,0.0143573275
8,2976,0.014357977
8,3008,0.014362547
8,3040,0.014351152
8,3072,0.014355145
8,3104,0.01427246
8,3136,0.014309151
8,3168,0.014306482
8,3200,0.014204837
8,3232,0.014253599
8,3264,0.014332842
8,3296,0.014213497
8,3328,0.014165814
8,3360,0.014161484
8,3392,0.014179172
8,3424,0.014200584
8,3456,0.014200898
8,3488,0.01414199
8,3520,0.014193398
8,3552,0.014153506
8,3584,0.0141839655
8,3616,0.0141712725
8,3648,0.0140699195
8,3680,0.014118141
8,3712,0.014119068
8,3744,0.014189578
8,3776,0.014045153
8,3808,0.014064862
8,3840,0.014090541
8,3872,0.014080366
8,3904,0.014066227
8,3936,0.014070505
8,3968,0.014099557
8,4000,0.014076896
8,4032,0.014128515
8,4064,0.014128245
8,4096,0.014075546
8,4128,0.014108712
8,4160,0.014076102
8,4192,0.014024904
8,4224,0.014010047
8,4256,0.013936911
8,4288,0.014029586
8,4320,0.014034692
8,4352,0.013995137
8,4384,0.013925854
8,4416,0.014016407
8,4448,0.014065989
8,4480,0.013981788
8,4512,0.01394236
8,4544,0.014028432
8,4576,0.014047108
8,4608,0.013978947
8,4640,0.013977649
8,4672,0.013902437
8,4704,0.013960108
8,4736,0.01391773
8,4768,0.01395345
8,4800,0.013981728
8,4832,0.0138650155
8,4864,0.013870301
8,4896,0.013926949
8,4928,0.01392178
8,4960,0.013958137
8,4992,0.013944503
8,5024,0.013915343
8,5056,0.0139672775
8,5088,0.013938972
8,5120,0.013945907
8,5152,0.013931639
8,5184,0.0138888955
8,5216,0.014031354
8,5248,0.013930192
8,5280,0.013899026
8,5312,0.013931225
8,5344,0.0138552515
8,5376,0.013877958
8,5408,0.013906917
8,5440,0.0138536235
8,5472,0.013901048
8,5504,0.013919408
8,5536,0.013828935
8,5568,0.013873298
8,5600,0.013892647
8,5632,0.013848206
8,5664,0.013883967
8,5696,0.013887148
8,5728,0.013864556
8,5760,0.013829016
8,5792,0.013842019
8,5824,0.013820539
8,5856,0.013860507
8,5888,0.013808648
8,5920,0.013902557
8,5952,0.013857912
8,5984,0.013849939
8,6016,0.013891583
8,6048,0.013846932
8,6080,0.013748324
9,0,0.013781608
9,32,0.013869044
9,64,0.013868567
9,96,0.0138586
9,128,0.013852245
9,160,0.013843692
9,192,0.013776118
9,224,0.013859906
9,256,0.01381131
9,288,0.013863284
9,320,0.013831756
9,352,0.014967388
9,384,0.014852309
9,416,0.014738997
9,448,0.014802827
9,480,0.01466036
9,512,0.014631391
9,544,0.014589189
9,576,0.014623659
9,608,0.014601858
9,640,0.0145205725
9,672,0.0145116085
9,704,0.014458453
9,736,0.014481659
9,768,0.014498093
9,800,0.014461134
9,832,0.014346944
9,864,0.014380477
9,896,0.014360251
9,928,0.014360008
9,960,0.014349335
9,992,0.014281255
9,1024,0.014314399
9,1056,0.014248782
9,1088,0.014241385
9,1120,0.014255111
9,1152,0.014233784
9,1184,0.0142618455
9,1216,0.01428613
9,1248,0.014206751
9,1280,0.014225399
9,1312,0.014224593
9,1344,0.01410866
9,1376,0.014150081
9,1408,0.014162013
9,1440,0.014114981
9,1472,0.014174317
9,1504,0.014221843
9,1536,0.014192699
9,1568,0.014190186
9,1600,0.014149362
9,1632,0.014084152
9,1664,0.014139896
9,1696,0.014139919
9,1728,0.014079536
9,1760,0.014071222
9,1792,0.014106852
9,1824,0.014079301
9,1856,0.014083454
9,1888,0.014081573
9,1920,0.014079701
9,1952,0.014048971
9,1984,0.014059544
9,2016,0.0140323825
9,2048,0.014038808
9,2080,0.013935139
9,2112,0.0140922675
9,2144,0.014032649
9,2176,0.014006086
9,2208,0.0140035935
9,2240,0.0140248705
9,2272,0.013981435
9,2304,0.014084994
9,2336,0.013990179
9,2368,0.013905633
9,2400,0.013974237
9,2432,0.013946712
9,2464,0.014013701
9,2496,0.013973976
9,2528,0.013998659
9,2560,0.013952499
9,2592,0.014035707
9,2624,0.0139897885
9,2656,0.013912862
9,2688,0.013955894
9,2720,0.0139019955
9,2752,0.013960625
9,2784,0.0139472755
9,2816,0.013867355
9,2848,0.013908139
9,2880,0.013921857
9,2912,0.013914257
9,2944,0.013921693
9,2976,0.013945917
9,3008,0.013924776
9,3040,0.013865941
9,3072,0.013977978
9,3104,0.013897422
9,3136,0.013902134
9,3168,0.013909336
9,3200,0.0139254145
9,3232,0.013906292
9,3264,0.013839403
9,3296,0.013894648
9,3328,0.013895199
9,3360,0.013841602
9,3392,0.013887004
9,3424,0.013811824
9,3456,0.013901659
9,3488,0.0139115155
9,3520,0.013822524
9,3552,0.013921822
9,3584,0.013846196
9,3616,0.013809348
9,3648,0.013783136
9,3680,0.013805824
9,3712,0.01378209
9,3744,0.01388667
9,3776,0.013837205
9,3808,0.013805953
9,3840,0.0137614375
9,3872,0.013796102
9,3904,0.013798328
9,3936,0.013843499
9,3968,0.013818821
9,4000,0.0137914
9,4032,0.013789022
9,4064,0.013773345
9,4096,0.013779557
9,4128,0.013834142
9,4160,0.0137857925
9,4192,0.013756929
9,4224,0.013818815
9,4256,0.01381756
9,4288,0.01374755
9,4320,0.013807354
9,4352,0.01379835
9,4384,0.013806747
9,4416,0.013746497
9,4448,0.014901745
9,4480,0.0148156425
9,4512,0.014711451
9,4544,0.014717892
9,4576,0.014675927
9,4608,0.014571148
9,4640,0.014507735
9,4672,0.014573461
9,4704,0.014488986
9,4736,0.014473315
9,4768,0.014453943
9,4800,0.014364264
9,4832,0.014389788
9,4864,0.01440695
9,4896,0.0143485945
9,4928,0.014332009
9,4960,0.014308381
9,4992,0.014379625
9,5024,0.014293676
9,5056,0.014288724
9,5088,0.01428152
9,5120,0.014258676
9,5152,0.014264364
9,5184,0.014221994
9,5216,0.014203692
9,5248,0.014231225
9,5280,0.014180346
9,5312,0.01407018
9,5344,0.014210701
9,5376,0.014145548
9,5408,0.014114903
9,5440,0.014159385
9,5472,0.014166657
9,5504,0.014083596
9,5536,0.014087228
9,5568,0.014194479
9,5600,0.014071858
9,5632,0.01410455
9,5664,0.014108023
9,5696,0.014063908
9,5728,0.014051009
9,5760,0.01408491
9,5792,0.014083033
9,5824,0.014099865
9,5856,0.013976529
9,5888,0.014003576
9,5920,0.014035368
9,5952,0.013999632
9,5984,0.0140221
9,6016,0.01400996
9,6048,0.013975893
9,6080,0.013995902
10,0,0.013964874
10,32,0.01399083
10,64,0.014027918
10,96,0.014056569
10,128,0.014018521
10,160,0.013981197
10,192,0.013957814
10,224,0.013928704
10,256,0.013992568
10,288,0.014022343
10,320,0.013952734
10,352,0.013920984
10,384,0.013976894
10,416,0.013984025
10,448,0.014027402
10,480,0.013913183
10,512,0.013946857
10,544,0.013875113
10,576,0.013916291
10,608,0.013898974
10,640,0.013909266
10,672,0.013892529
10,704,0.013915379
10,736,0.013916268
10,768,0.013864685
10,800,0.013879165
10,832,0.013897001
10,864,0.013865812
10,896,0.01384773
10,928,0.013839928
10,960,0.013925827
10,992,0.0139534855
10,1024,0.01386142
10,1056,0.013785016
10,1088,0.013836223
10,1120,0.013827244
10,1152,0.013873102
10,1184,0.0138475215
10,1216,0.0138379205
10,1248,0.013935202
10,1280,0.013812535
10,1312,0.013851148
10,1344,0.013790641
10,1376,0.013837902
10,1408,0.013816847
10,1440,0.013816657
10,1472,0.013872297
10,1504,0.013848925
10,1536,0.013875543
10,1568,0.013814959
10,1600,0.013757483
10,1632,0.01378749
10,1664,0.013859927
10,1696,0.013806792
10,1728,0.013819986
10,1760,0.01381664
10,1792,0.013813497
10,1824,0.01375939
10,1856,0.013872428
10,1888,0.013766481
10,1920,0.013816462
10,1952,0.013695091
10,1984,0.013759883
10,2016,0.013756532
10,2048,0.013767291
10,2080,0.01378829
10,2112,0.013822104
10,2144,0.013695811
10,2176,0.01377526
10,2208,0.013771059
10,2240,0.0137053095
10,2272,0.013712042
10,2304,0.013794973
10,2336,0.013733588
10,2368,0.013785433
10,2400,0.013723988
10,2432,0.014598807
10,2464,0.0147891
10,2496,0.014696912
10,2528,0.014695427
10,2560,0.014554658
10,2592,0.014619033
10,2624,0.014540235
10,2656,0.014549525
10,2688,0.014510363
10,2720,0.014480709
10,2752,0.014378018
10,2784,0.014435913
10,2816,0.014371223
10,2848,0.014380388
10,2880,0.014359579
10,2912,0.014314112
10,2944,0.014311729
10,2976,0.014303438
10,3008,0.014306686
10,3040,0.014262812
10,3072,0.014261592
10,3104,0.01420148
10,3136,0.014207971
10,3168,0.014213625
10,3200,0.014190951
10,3232,0.01417226
10,3264,0.01417564
10,3296,0.014131559
10,3328,0.014128448
10,3360,0.014165867
10,3392,0.014178308
10,3424,0.014118942
10,3456,0.0140805
10,3488,0.014148185
10,3520,0.014101039
10,3552,0.014076909
10,3584,0.014156203
10,3616,0.014058866
10,3648,0.014006556
10,3680,0.0140126
10,3712,0.01409371
10,3744,0.014043077
10,3776,0.013989421
10,3808,0.014039237
10,3840,0.013998658
10,3872,0.014072015
10,3904,0.014031569
10,3936,0.014017983
10,3968,0.013960596
10,4000,0.014034294
10,4032,0.013975118
10,4064,0.013989546
10,4096,0.01402941
10,4128,0.013941443
10,4160,0.013995215
10,4192,0.013900083
10,4224,0.013949778
10,4256,0.014003151
10,4288,0.013916204
10,4320,0.0139054265
10,4352,0.013911704
10,4384,0.013887352
10,4416,0.01387995
10,4448,0.013910029
10,4480,0.013891696
10,4512,0.014006971
10,4544,0.013917529
10,4576,0.013900124
10,4608,0.013880546
10,4640,0.01383198
10,4672,0.013896864
10,4704,0.013884988
10,4736,0.013880533
10,4768,0.013858474
10,4800,0.01381383
10,4832,0.013857664
10,4864,0.013841527
10,4896,0.013889608
10,4928,0.0138525395
10,4960,0.013842104
10,4992,0.013832045
10,5024,0.013863923
10,5056,0.013808909
10,5088,0.013763597
10,5120,0.013794469
10,5152,0.013822543
10,5184,0.013789431
10,5216,0.013857794
10,5248,0.013779217
10,5280,0.013780864
10,5312,0.013854853
10,5344,0.013876804
10,5376,0.013780587
10,5408,0.013860468
10,5440,0.013846647
10,5472,0.013762096
10,5504,0.013764801
10,5536,0.013842801
10,5568,0.013773582
10,5600,0.013809382
10,5632,0.0137751065
10,5664,0.0137657635
10,5696,0.013810797
10,5728,0.013738873
10,5760,0.013831436
10,5792,0.013770227
10,5824,0.013798686
10,5856,0.013750262
10,5888,0.013771873
10,5920,0.013735311
10,5952,0.01382913
10,5984,0.0136941895
10,6016,0.013662318
10,6048,0.013714373
10,6080,0.01374666
11,0,0.013807082
11,32,0.013748227
11,64,0.013731193
11,96,0.013719622
11,128,0.013730354
11,160,0.013727664
11,192,0.0136964945
11,224,0.013785139
11,256,0.013723376
11,288,0.013818541
11,320,0.0137451235
11,352,0.013844996
11,384,0.013746426
11,416,0.014333111
11,448,0.014866246
11,480,0.014746184
11,512,0.014704452
11,544,0.014610083
11,576,0.014720375
11,608,0.014548374
11,640,0.014597491
11,672,0.014540412
11,704,0.014537506
11,736,0.014391248
11,768,0.014437208
11,800,0.014503381
11,832,0.014400056
11,864,0.014401043
11,896,0.014305605
11,928,0.014387016
11,960,0.014346293
11,992,0.014305812
11,1024,0.0142625375
11,1056,0.014301971
11,1088,0.014202703
11,1120,0.014249562
11,1152,0.014266268
11,1184,0.014189704
11,1216,0.014236109
11,1248,0.014164495
11,1280,0.014191297
11,1312,0.014206345
11,1344,0.014195979
11,1376,0.014137487
11,1408,0.014166953
11,1440,0.01409024
11,1472,0.01416406
11,1504,0.014111056
11,1536,0.014092317
11,1568,0.014140136
11,1600,0.014075545
11,1632,0.014130333
11,1664,0.014061867
11,1696,0.014111848
11,1728,0.01406771
11,1760,0.0140561685
11,1792,0.013993277
11,1824,0.014036884
11,1856,0.01410116
11,1888,0.014101876
11,1920,0.014031238
11,1952,0.01407352
11,1984,0.014057327
11,2016,0.013970374
11,2048,0.013977175
11,2080,0.013936732
11,2112,0.013955299
11,2144,0.014005243
11,2176,0.0139587615
11,2208,0.01397014
11,2240,0.014012859
11,2272,0.013983319
11,2304,0.013950839
11,2336,0.014013139
11,2368,0.0139465425
11,2400,0.013895456
11,2432,0.013949308
11,2464,0.013912243
11,2496,0.013936629
11,2528,0.013913595
11,2560,0.013956743
11,2592,0.013904282
11,2624,0.01390946
11,2656,0.013862012
11,2688,0.013945515
11,2720,0.01393838
11,2752,0.013930466
11,2784,0.013907759
11,2816,0.013910828
11,2848,0.013840422
11,2880,0.013910737
11,2912,0.0139390305
11,2944,0.013889643
11,2976,0.013849785
11,3008,0.01388024
11,3040,0.013879613
11,3072,0.013809551
11,3104,0.013889821
11,3136,0.013878766
11,3168,0.013839844
11,3200,0.013887269
11,3232,0.013827158
11,3264,0.01383976
11,3296,0.013792408
11,3328,0.013833419
11,3360,0.013877137
11,3392,0.013805553
11,3424,0.013807972
11,3456,0.013812971
11,3488,0.01387951
11,3520,0.013805173
11,3552,0.013862137
11,3584,0.013809193
11,3616,0.01382469
11,3648,0.013807175
11,3680,0.013821837
11,3712,0.013877275
11,3744,0.01385042
11,3776,0.013758767
11,3808,0.01386368
11,3840,0.013740936
11,3872,0.013758133
11,3904,0.013813316
11,3936,0.013704987
11,3968,0.01377998
11,4000,0.0137869185
11,4032,0.0138271265
11,4064,0.013779785
11,4096,0.013803529
11,4128,0.013776329
11,4160,0.013810289
11,4192,0.013776274
11,4224,0.013777221
11,4256,0.013722945
11,4288,0.013704082
11,4320,0.013773807
11,4352,0.0137230735
11,4384,0.0137626035
11,4416,0.013702024
11,4448,0.013772445
11,4480,0.0136985155
11,4512,0.014301185
11,4544,0.014766263
11,4576,0.014682242
11,4608,0.014704904
11,4640,0.014547275
11,4672,0.014535587
11,4704,0.014494072
11,4736,0.014424935
11,4768,0.014437115
11,4800,0.014447063
11,4832,0.014435417
11,4864,0.014336169
11,4896,0.014428082
11,4928,0.014369682
11,4960,0.014334393
11,4992,0.014238294
11,5024,0.014330849
11,5056,0.014251031
11,5088,0.014250893
11,5120,0.014184575
11,5152,0.014208624
11,5184,0.014226485
11,5216,0.014187982
11,5248,0.014148239
11,5280,0.01414059
11,5312,0.014117535
11,5344,0.014190546
11,5376,0.014115427
11,5408,0.014126082
11,5440,0.014029798
11,5472,0.014108186
11,5504,0.014050552
11,5536,0.014068267
11,5568,0.014082109
11,5600,0.014042513
11,5632,0.014067912
11,5664,0.014101428
11,5696,0.01401911
11,5728,0.0140016
11,5760,0.014040843
11,5792,0.014010389
11,5824,0.014007173
11,5856,0.01402321
11,5888,0.013993246
11,5920,0.013990772
11,5952,0.013986608
11,5984,0.014049239
11,6016,0.013923712
11,6048,0.013885059
11,6080,0.013962907
12,0,0.013933789
12,32,0.013901206
12,64,0.0139831565
12,96,0.013924966
12,128,0.013924908
12,160,0.013927489
12,192,0.013899349
12,224,0.013920515
12,256,0.013851658
12,288,0.0138974665
12,320,0.013914319
12,352,0.013889211
12,384,0.013882261
12,416,0.01393379
12,448,0.013870457
12,480,0.013918178
12,512,0.01381574
12,544,0.013886117
12,576,0.013808569
12,608,0.013908289
12,640,0.01392624
12,672,0.013893903
12,704,0.01382156
12,736,0.013893961
12,768,0.013803799
12,800,0.013855188
12,832,0.013846441
12,864,0.0138740055
12,896,0.013764282
12,928,0.013806103
12,960,0.0137923425
12,992,0.013836277
12,1024,0.013792604
12,1056,0.01380843
12,1088,0.01385148
12,1120,0.013918766
12,1152,0.013773308
12,1184,0.01383348
12,1216,0.013778297
12,1248,0.013771387
12,1280,0.01384236
12,1312,0.013814009
12,1344,0.013773105
12,1376,0.0137603115
12,1408,0.013786955
12,1440,0.013771532
12,1472,0.01380102
12,1504,0.013782234
12,1536,0.01380038
12,1568,0.013718487
12,1600,0.013760117
12,1632,0.0137026515
12,1664,0.013739958
12,1696,0.013757266
12,1728,0.013762796
12,1760,0.013731894
12,1792,0.013767524
12,1824,0.013799965
12,1856,0.013748058
12,1888,0.013691348
12,1920,0.013721422
12,1952,0.0137779275
12,1984,0.013721864
12,2016,0.013715903
12,2048,0.013776014
12,2080,0.013752484
12,2112,0.013707868
12,2144,0.0137568945
12,2176,0.013716728
12,2208,0.013741509
12,2240,0.013737342
12,2272,0.013658882
12,2304,0.013774322
12,2336,0.013782908
12,2368,0.013707582
12,2400,0.0137326205
12,2432,0.013691556
12,2464,0.0136958985
12,2496,0.014020919
12,2528,0.014721956
12,2560,0.014638692
12,2592,0.014709658
12,2624,0.014620535
12,2656,0.014512109
12,2688,0.0144394655
12,2720,0.014448173
12,2752,0.0144686485
12,2784,0.014479676
12,2816,0.014381322
12,2848,0.0143491635
12,2880,0.014314906
12,2912,0.014365223
12,2944,0.014369808
12,2976,0.014333246
12,3008,0.01430416
12,3040,0.014262579
12,3072,0.014226135
12,3104,0.014227373
12,3136,0.01421258
12,3168,0.0142056225
12,3200,0.014224904
12,3232,0.014184148
12,3264,0.014173139
12,3296,0.014141807
12,3328,0.014097293
12,3360,0.014132557
12,3392,0.014121853
12,3424,0.014174375
12,3456,0.014107881
12,3488,0.014106556
12,3520,0.01402409
12,3552,0.014048162
12,3584,0.01409242
12,3616,0.014034853
12,3648,0.014023084
12,3680,0.01406434
12,3712,0.014004693
12,3744,0.014019057
12,3776,0.013968914
12,3808,0.014029497
12,3840,0.014037868
12,3872,0.014051941
12,3904,0.013974267
12,3936,0.013998462
12,3968,0.013941465
12,4000,0.013978161
12,4032,0.014030434
12,4064,0.01392551
12,4096,0.013984141
12,4128,0.013960678
12,4160,0.013989427
12,4192,0.013921012
12,4224,0.0139241675
12,4256,0.013881543
12,4288,0.013982649
12,4320,0.013886868
12,4352,0.013905533
12,4384,0.013931626
12,4416,0.013886739
12,4448,0.013898487
12,4480,0.013896612
12,4512,0.0138313025
12,4544,0.013890562
12,4576,0.013888973
12,4608,0.013901348
12,4640,0.013839979
12,4672,0.0138342455
12,4704,0.013846737
12,4736,0.013868655
12,4768,0.0138318045
12,4800,0.013806675
12,4832,0.013825914
12,4864,0.013792785
12,4896,0.0138075035
12,4928,0.01385399
12,4960,0.013844359
12,4992,0.013818095
12,5024,0.01384739
12,5056,0.013874223
12,5088,0.013736424
12,5120,0.013780672
12,5152,0.013752305
12,5184,0.013869507
12,5216,0.013788127
12,5248,0.013777328
12,5280,0.0138582345
12,5312,0.01385078
12,5344,0.013770657
12,5376,0.013751075
12,5408,0.013751847
12,5440,0.013792602
12,5472,0.013781139
12,5504,0.013834061
12,5536,0.013768236
12,5568,0.0137760285
12,5600,0.013817477
12,5632,0.01367734
12,5664,0.013736403
12,5696,0.013793321
12,5728,0.01376945
12,5760,0.0137284035
12,5792,0.013716944
12,5824,0.01368805
12,5856,0.013747799
12,5888,0.0137378685
12,5920,0.013760884
12,5952,0.013781423
12,5984,0.013752106
12,6016,0.013750848
12,6048,0.013773386
12,6080,0.013671447
13,0,0.013627291
13,32,0.013712532
13,64,0.013726422
13,96,0.013752443
13,128,0.013801121
13,160,0.013757933
13,192,0.013716619
13,224,0.01373878
13,256,0.0137221925
13,288,0.013707164
13,320,0.013651332
13,352,0.013701112
13,384,0.0137049835
13,416,0.0136998
13,448,0.013676345
13,480,0.013788421
13,512,0.014807333
13,544,0.014795094
13,576,0.014696632
13,608,0.014561749
13,640,0.014581671
13,672,0.014509081
13,704,0.014508549
13,736,0.014436179
13,768,0.014427457
13,800,0.014386651
13,832,0.014364413
13,864,0.014341698
13,896,0.014299876
13,928,0.014333016
13,960,0.014305393
13,992,0.014273536
13,1024,0.014221461
13,1056,0.014245897
13,1088,0.01423564
13,1120,0.0142208515
13,1152,0.01418676
13,1184,0.014217397
13,1216,0.014224588
13,1248,0.014236072
13,1280,0.014217775
13,1312,0.014138305
13,1344,0.014145518
13,1376,0.014133022
13,1408,0.014087568
13,1440,0.014116997
13,1472,0.014046755
13,1504,0.014033934
13,1536,0.014045906
13,1568,0.0139955105
13,1600,0.013928778
13,1632,0.014044694
13,1664,0.014045401
13,1696,0.01403394
13,1728,0.014015249
13,1760,0.014000166
13,1792,0.01397049
13,1824,0.013975616
13,1856,0.014062563
13,1888,0.014027421
13,1920,0.013997179
13,1952,0.013922667
13,1984,0.013985097
13,2016,0.013923494
13,2048,0.013966975
13,2080,0.013900999
13,2112,0.013952354
13,2144,0.013946291
13,2176,0.013975745
13,2208,0.013900658
13,2240,0.013904544
13,2272,0.013894736
13,2304,0.013923951
13,2336,0.0139815025
13,2368,0.013954986
13,2400,0.013906156
13,2432,0.013922476
13,2464,0.013955195
13,2496,0.013866911
13,2528,0.013897592
13,2560,0.013872151
13,2592,0.013882662
13,2624,0.013866209
13,2656,0.013806501
13,2688,0.013836601
13,2720,0.013834607
13,2752,0.013928437
13,2784,0.013868597
13,2816,0.013900863
13,2848,0.013888895
13,2880,0.013877147
13,2912,0.013827422
13,2944,0.013841426
13,2976,0.0138837695
13,3008,0.013791274
13,3040,0.013891396
13,3072,0.013815586
13,3104,0.013792603
13,3136,0.013857217
13,3168,0.013799993
13,3200,0.013798283
13,3232,0.013738352
13,3264,0.013805406
13,3296,0.013797849
13,3328,0.01378987
13,3360,0.013711637
13,3392,0.013737264
13,3424,0.013785803
13,3456,0.013759433
13,3488,0.013756961
13,3520,0.013736593
13,3552,0.013733781
13,3584,0.013748865
13,3616,0.013758546
13,3648,0.013776199
13,3680,0.013754214
13,3712,0.01370587
13,3744,0.013738604
13,3776,0.013725275
13,3808,0.013738219
13,3840,0.013734759
13,3872,0.013755202
13,3904,0.013736365
13,3936,0.013678906
13,3968,0.013718992
13,4000,0.013781987
13,4032,0.013700662
13,4064,0.013700965
13,4096,0.01374285
13,4128,0.0137632685
13,4160,0.013766884
13,4192,0.013689351
13,4224,0.013706326
13,4256,0.013720576
13,4288,0.013670267
13,4320,0.013746261
13,4352,0.01375038
13,4384,0.013739002
13,4416,0.013629229
13,4448,0.013679019
13,4480,0.013671176
13,4512,0.013742938
13,4544,0.013686035
13,4576,0.013745113
13,4608,0.0147899855
13,4640,0.014724931
13,4672,0.014659428
13,4704,0.014618956
13,4736,0.014533166
13,4768,0.014476729
13,4800,0.014452658
13,4832,0.014407135
13,4864,0.014436646
13,4896,0.014344525
13,4928,0.014315263
13,4960,0.014359775
13,4992,0.01433156
13,5024,0.014345721
13,5056,0.014303042
13,5088,0.014209347
13,5120,0.014266535
13,5152,0.014251239
13,5184,0.014138357
13,5216,0.014177563
13,5248,0.014185153
13,5280,0.0141688585
13,5312,0.014193961
13,5344,0.014198971
13,5376,0.014184979
13,5408,0.014215838
13,5440,0.014039052
13,5472,0.014109046
13,5504,0.014099009
13,5536,0.014120247
13,5568,0.014080072
13,5600,0.01410966
13,5632,0.014101622
13,5664,0.014002951
13,5696,0.014028999
13,5728,0.014116468
13,5760,0.014057726
13,5792,0.013995571
13,5824,0.014084514
13,5856,0.014040384
13,5888,0.013971058
13,5920,0.013981847
13,5952,0.013948776
13,5984,0.0140308
13,6016,0.014031895
13,6048,0.014018849
13,6080,0.013965435
14,0,0.013865046
14,32,0.013911419
14,64,0.013952447
14,96,0.013964326
14,128,0.014014816
14,160,0.013994281
14,192,0.013991907
14,224,0.013992603
14,256,0.0139308395
14,288,0.013915535
14,320,0.0139035
14,352,0.01392845
14,384,0.013895197
14,416,0.013961801
14,448,0.013888548
14,480,0.013919574
14,512,0.013931225
14,544,0.013894322
14,576,0.013918768
14,608,0.013905453
14,640,0.01386116
14,672,0.013884199
14,704,0.013842487
14,736,0.013846469
14,768,0.013862062
14,800,0.013888015
14,832,0.013898091
14,864,0.013821533
14,896,0.013774501
14,928,0.013841338
14,960,0.013839042
14,992,0.013875257
14,1024,0.0138724465
14,1056,0.013809032
14,1088,0.013791283
14,1120,0.013824245
14,1152,0.0138300825
14,1184,0.01378282
14,1216,0.013873484
14,1248,0.0137566235
14,1280,0.013792873
14,1312,0.013773109
14,1344,0.0137570705
14,1376,0.013710697
14,1408,0.013781641
14,1440,0.013848184
14,1472,0.013731004
14,1504,0.013772625
14,1536,0.01375401
14,1568,0.013736178
14,1600,0.013825608
14,1632,0.013896956
14,1664,0.013742822
14,1696,0.013749739
14,1728,0.013776361
14,1760,0.013755165
14,1792,0.01369561
14,1824,0.013785377
14,1856,0.013698217
14,1888,0.013769221
14,1920,0.013737853
14,1952,0.013693063
14,1984,0.013779516
14,2016,0.013689137
14,2048,0.013722961
14,2080,0.0137241455
14,2112,0.013715743
14,2144,0.013695487
14,2176,0.013777153
14,2208,0.013738116
14,2240,0.0136286225
14,2272,0.013750357
14,2304,0.013733948
14,2336,0.01376494
14,2368,0.013667187
14,2400,0.0137744965
14,2432,0.0137225455
14,2464,0.013712655
14,2496,0.01373654
14,2528,0.013725256
14,2560,0.0136624295
14,2592,0.014567142
14,2624,0.014782241
14,2656,0.014655602
14,2688,0.014649999
14,2720,0.014511377
14,2752,0.014481239
14,2784,0.0145201245
14,2816,0.0144087635
14,2848,0.014432561
14,2880,0.014372151
14,2912,0.014404362
14,2944,0.014390563
14,2976,0.014332086
14,3008,0.014358059
14,3040,0.0143487565
14,3072,0.01426957
14,3104,0.014293746
14,3136,0.01424102
14,3168,0.014227019
14,3200,0.014198532
14,3232,0.014204338
14,3264,0.0142165655
14,3296,0.014104575
14,3328,0.014119793
14,3360,0.014089441
14,3392,0.014158431
14,3424,0.014172919
14,3456,0.014073765
14,3488,0.014089187
14,3520,0.0140823815
14,3552,0.0140674375
14,3584,0.014034234
14,3616,0.014082132
14,3648,0.014085019
14,3680,0.014052584
14,3712,0.013951438
14,3744,0.0139820045
14,3776,0.013998297
14,3808,0.013946775
14,3840,0.0139980875
14,3872,0.014011968
14,3904,0.014014174
14,3936,0.013997536
14,3968,0.013994013
14,4000,0.01399079
14,4032,0.013873889
14,4064,0.013913724
14,4096,0.013968862
14,4128,0.013941031
14,4160,0.013953333
14,4192,0.013848999
14,4224,0.013965209
14,4256,0.013912257
14,4288,0.013921681
14,4320,0.013886933
14,4352,0.013920014
14,4384,0.013986191
14,4416,0.013920241
14,4448,0.013901909
14,4480,0.013872864
14,4512,0.013882811
14,4544,0.013840403
14,4576,0.013869323
14,4608,0.013830088
14,4640,0.013837047
14,4672,0.013811955
14,4704,0.013797157
14,4736,0.013799686
14,4768,0.013818509
14,4800,0.013841498
14,4832,0.013785529
14,4864,0.013821002
14,4896,0.013830558
14,4928,0.013775196
14,4960,0.013799039
14,4992,0.013811842
14,5024,0.013815999
14,5056,0.013788783
14,5088,0.013844705
14,5120,0.013865101
14,5152,0.013755481
14,5184,0.013723125
14,5216,0.013826547
14,5248,0.013787788
14,5280,0.013748575
14,5312,0.01378798
14,5344,0.0137521
14,5376,0.013764956
14,5408,0.0137538
14,5440,0.013790581
14,5472,0.013806345
14,5504,0.013691966
14,5536,0.013778491
14,5568,0.013743206
14,5600,0.013759397
14,5632,0.013751115
14,5664,0.013696369
14,5696,0.013771826
14,5728,0.013740794
14,5760,0.013728544
14,5792,0.013743955
14,5824,0.013671885
14,5856,0.013761361
14,5888,0.013706523
14,5920,0.013719017
14,5952,0.013685784
14,5984,0.013682105
14,6016,0.013747038
14,6048,0.013740851
14,6080,0.013705292
15,0,0.0136895925
15,32,0.013793894
15,64,0.013637348
15,96,0.01376572
15,128,0.0137119815
15,160,0.0137872435
15,192,0.013757173
15,224,0.013725922
15,256,0.013695199
15,288,0.013742806
15,320,0.013738299
15,352,0.013714133
15,384,0.013691802
15,416,0.013768697
15,448,0.013759754
15,480,0.013726051
15,512,0.01367384
15,544,0.013669302
15,576,0.014279236
15,608,0.014710473
15,640,0.014615622
15,672,0.014629056
15,704,0.014665488
15,736,0.014511262
15,768,0.014486235
15,800,0.014454744
15,832,0.014408522
15,864,0.014398308
15,896,0.014442433
15,928,0.014316836
15,960,0.014386113
15,992,0.014303791
15,1024,0.014306333
15,1056,0.014312123
15,1088,0.014284973
15,1120,0.014274227
15,1152,0.0141973505
15,1184,0.014203173
15,1216,0.014167212
15,1248,0.014165095
15,1280,0.014141068
15,1312,0.014102677
15,1344,0.014117184
15,1376,0.014074731
15,1408,0.01412378
15,1440,0.014100079
15,1472,0.014122246
15,1504,0.014036442
15,1536,0.014138808
15,1568,0.013998839
15,1600,0.014097307
15,1632,0.014036531
15,1664,0.014000814
15,1696,0.0139820855
15,1728,0.013945764
15,1760,0.0140513005
15,1792,0.014029191
15,1824,0.014044266
15,1856,0.0139747355
15,1888,0.013935267
15,1920,0.013913571
15,1952,0.013890158
15,1984,0.013937765
15,2016,0.013978624
15,2048,0.013891425
15,2080,0.013992237
15,2112,0.013886141
15,2144,0.013894608
15,2176,0.01389951
15,2208,0.013930894
15,2240,0.01389669
15,2272,0.013857215
15,2304,0.013927797
15,2336,0.013877708
15,2368,0.01389091
15,2400,0.013854791
15,2432,0.013867846
15,2464,0.013866996
15,2496,0.013866128
15,2528,0.013942348
15,2560,0.013803768
15,2592,0.013894926
15,2624,0.013912797
15,2656,0.013812294
15,2688,0.013901487
15,2720,0.013844095
15,2752,0.013878412
15,2784,0.013855025
15,2816,0.01376685
15,2848,0.013771635
15,2880,0.013762845
15,2912,0.013871426
15,2944,0.013854726
15,2976,0.013772173
15,3008,0.013817425
15,3040,0.013799871
15,3072,0.013824973
15,3104,0.013713282
15,3136,0.013780176
15,3168,0.013782802
15,3200,0.013810578
15,3232,0.013800564
15,3264,0.0137498025
15,3296,0.013799224
15,3328,0.013818331
15,3360,0.013741276
15,3392,0.013755176
15,3424,0.013709047
15,3456,0.013704367
15,3488,0.013792611
15,3520,0.013740162
15,3552,0.013753719
15,3584,0.013731249
15,3616,0.013736359
15,3648,0.013731126
15,3680,0.013699439
15,3712,0.013717817
15,3744,0.0137378145
15,3776,0.013753426
15,3808,0.013697804
15,3840,0.0137753775
15,3872,0.013682565
15,3904,0.013693318
15,3936,0.0138178235
15,3968,0.013749153
15,4000,0.01378446
15,4032,0.013724671
15,4064,0.013719262
15,4096,0.013779795
15,4128,0.013755004
15,4160,0.0137082795
15,4192,0.013633244
15,4224,0.013676853
15,4256,0.0136239985
15,4288,0.0136440955
15,4320,0.0136768725
15,4352,0.0136807505
15,4384,0.013655199
15,4416,0.013704954
15,4448,0.013696922
15,4480,0.013749104
15,4512,0.013671387
15,4544,0.013708797
15,4576,0.013694055
15,4608,0.013666796
15,4640,0.01368162
15,4672,0.01429256
15,4704,0.014757015
15,4736,0.014668582
15,4768,0.014683657
15,4800,0.014581999
15,4832,0.01449303
15,4864,0.01441508
15,4896,0.014396441
15,4928,0.0144619625
15,4960,0.014461127
15,4992,0.014327187
15,5024,0.01432743
15,5056,0.014322721
15,5088,0.014297456
15,5120,0.014355503
15,5152,0.014258149
15,5184,0.014245271
15,5216,0.014243521
15,5248,0.014206869
15,5280,0.014186729
15,5312,0.01417924
15,5344,0.014226927
15,5376,0.0141745545
15,5408,0.0142251095
15,5440,0.014179649
15,5472,0.014151311
15,5504,0.014108129
15,5536,0.014082475
15,5568,0.01411226
15,5600,0.01417012
15,5632,0.0140251685
15,5664,0.014064103
15,5696,0.014102941
15,5728,0.014075602
15,5760,0.014114715
15,5792,0.014053931
15,5824,0.014009684
15,5856,0.013986486
15,5888,0.0139726745
15,5920,0.01394721
15,5952,0.013966186
15,5984,0.01389604
15,6016,0.013934137
15,6048,0.0140478825
15,6080,0.013921323
16,0,0.014002331
16,32,0.013986613
16,64,0.013983175
16,96,0.013994344
16,128,0.01392369
16,160,0.013970832
16,192,0.013956879
16,224,0.0139222955
16,256,0.013960343
16,288,0.013931874
16,320,0.01391079
16,352,0.0138988625
16,384,0.0138872685
16,416,0.013896085
16,448,0.013913454
16,480,0.01395647
16,512,0.013887617
16,544,0.013844552
16,576,0.013889361
16,608,0.013896798
16,640,0.01388212
16,672,0.013888104
16,704,0.013876818
16,736,0.013940341
16,768,0.013792631
16,800,0.013909793
16,832,0.013838286
16,864,0.013909898
16,896,0.013822045
16,928,0.013864408
16,960,0.013864801
16,992,0.013795141
16,1024,0.013696328
16,1056,0.013826568
16,1088,0.013829761
16,1120,0.013837985
16,1152,0.013791922
16,1184,0.013814036
16,1216,0.013817926
16,1248,0.013816124
16,1280,0.013777206
16,1312,0.013779985
16,1344,0.013829035
16,1376,0.01379468
16,1408,0.013738202
16,1440,0.013797423
16,1472,0.013773129
16,1504,0.0137567995
16,1536,0.013833919
16,1568,0.0137729
16,1600,0.013723352
16,1632,0.013789405
16,1664,0.013802495
16,1696,0.013746335
16,1728,0.013739885
16,1760,0.013754538
16,1792,0.013717536
16,1824,0.0137672275
16,1856,0.013762733
16,1888,0.013800013
16,1920,0.013793048
16,1952,0.013719465
16,1984,0.013709374
16,2016,0.013726138
16,2048,0.013742202
16,2080,0.013773392
16,2112,0.013770198
16,2144,0.013713177
16,2176,0.01365418
16,2208,0.013735075
16,2240,0.01372717
16,2272,0.013740015
16,2304,0.013757777
16,2336,0.013753251
16,2368,0.013687469
16,2400,0.013716752
16,2432,0.013724356
16,2464,0.013716592
16,2496,0.013692029
16,2528,0.013683161
16,2560,0.013636269
16,2592,0.0137116965
16,2624,0.0137012405
16,2656,0.014051556
16,2688,0.014757721
16,2720,0.014678766
16,2752,0.014673659
16,2784,0.014487478
16,2816,0.014576837
16,2848,0.01456154
16,2880,0.014477895
16,2912,0.014461463
16,2944,0.014384833
16,2976,0.014387108
16,3008,0.014382968
16,3040,0.014316687
16,3072,0.014303541
16,3104,0.014315288
16,3136,0.014268348
16,3168,0.014226105
16,3200,0.0141923195
16,3232,0.014252905
16,3264,0.014164283
16,3296,0.014155456
16,3328,0.014250312
16,3360,0.014227808
16,3392,0.014209595
16,3424,0.014117479
16,3456,0.014125004
16,3488,0.014202816
16,3520,0.0139912935
16,3552,0.0140657835
16,3584,0.014108561
16,3616,0.014111195
16,3648,0.014088107
16,3680,0.014066221
16,3712,0.014045271
16,3744,0.013972932
16,3776,0.014044709
16,3808,0.014090739
16,3840,0.013957742
16,3872,0.014009801
16,3904,0.014032538
16,3936,0.013991222
16,3968,0.013951012
16,4000,0.014062892
16,4032,0.013980404
16,4064,0.014034855
16,4096,0.013944738
16,4128,0.0139736775
16,4160,0.013929839
16,4192,0.013919078
16,4224,0.014002675
16,4256,0.013879654
16,4288,0.01391762
16,4320,0.013865816
16,4352,0.013932508
16,4384,0.013887616
16,4416,0.013941915
16,4448,0.013881043
16,4480,0.013923636
16,4512,0.013859153
16,4544,0.013830277
16,4576,0.013845891
16,4608,0.013870253
16,4640,0.013828604
16,4672,0.013871098
16,4704,0.013822011
16,4736,0.01377425
16,4768,0.013850796
16,4800,0.013837055
16,4832,0.013837913
16,4864,0.013780633
16,4896,0.013761406
16,4928,0.013780108
16,4960,0.01377484
16,4992,0.01381736
16,5024,0.013772163
16,5056,0.013794371
16,5088,0.013822818
16,5120,0.013777399
16,5152,0.01377164
16,5184,0.0137956645
16,5216,0.013826639
16,5248,0.013780426
16,5280,0.013763637
16,5312,0.0138437245
16,5344,0.013802714
16,5376,0.013763422
16,5408,0.013712507
16,5440,0.013814015
16,5472,0.013735974
16,5504,0.013753877
16,5536,0.013732805
16,5568,0.013797309
16,5600,0.013783251
16,5632,0.013704599
16,5664,0.013815299
16,5696,0.013765087
16,5728,0.013793463
16,5760,0.013783188
16,5792,0.013760885
16,5824,0.013723912
16,5856,0.013749429
16,5888,0.013682397
16,5920,0.013753526
16,5952,0.013734088
16,5984,0.013712433
16,6016,0.013744487
16,6048,0.01372227
16,6080,0.013686695
17,0,0.013748054
17,32,0.013667192
17,64,0.013762226
17,96,0.013728475
17,128,0.013720598
17,160,0.013761901
17,192,0.013687258
17,224,0.013729434
17,256,0.0137484325
17,288,0.013704656
17,320,0.013671237
17,352,0.013660435
17,384,0.013712991
17,416,0.013670974
17,448,0.013739571
17,480,0.013667241
17,512,0.01368337
17,544,0.01367771
17,576,0.013653946
17,608,0.013692091
17,640,0.013671344
17,672,0.01474149
17,704,0.01467461
17,736,0.014661607
17,768,0.014635207
17,800,0.014517463
17,832,0.014605193
17,864,0.014412618
17,896,0.014472496
17,928,0.014383995
17,960,0.01433367
17,992,0.014358613
17,1024,0.014315621
17,1056,0.014275054
17,1088,0.014334289
17,1120,0.014312697
17,1152,0.014321508
17,1184,0.014271017
17,1216,0.014209156
17,1248,0.014227382
17,1280,0.014243192
17,1312,0.014156974
17,1344,0.014145782
17,1376,0.014222543
17,1408,0.014107051
17,1440,0.014092796
17,1472,0.014085693
17,1504,0.014081314
17,1536,0.014116599
17,1568,0.014060101
17,1600,0.014114828
17,1632,0.014079204
17,1664,0.014036799
17,1696,0.014035384
17,1728,0.014039883
17,1760,0.013991545
17,1792,0.014004739
17,1824,0.01398596
17,1856,0.014001721
17,1888,0.013960121
17,1920,0.0140780695
17,1952,0.013995826
17,1984,0.014033412
17,2016,0.013943207
17,2048,0.014002909
17,2080,0.014023143
17,2112,0.013980467
17,2144,0.013919257
17,2176,0.014026349
17,2208,0.013902662
17,2240,0.013905952
17,2272,0.013890506
17,2304,0.013932703
17,2336,0.01397291
17,2368,0.013971614
17,2400,0.013898728
17,2432,0.013889086
17,2464,0.013907646
17,2496,0.013859309
17,2528,0.013895209
17,2560,0.013929121
17,2592,0.013880964
17,2624,0.013887663
17,2656,0.013877873
17,2688,0.013913779
17,2720,0.013872879
17,2752,0.013799578
17,2784,0.013842866
17,2816,0.013854695
17,2848,0.013850783
17,2880,0.013835592
17,2912,0.013868879
17,2944,0.013834751
17,2976,0.013850669
17,3008,0.013839016
17,3040,0.013844768
17,3072,0.013847115
17,3104,0.0138029475
17,3136,0.0138207
17,3168,0.013871642
17,3200,0.013859819
17,3232,0.013817448
17,3264,0.013824898
17,3296,0.013759433
17,3328,0.013699712
17,3360,0.013829572
17,3392,0.013836983
17,3424,0.013782919
17,3456,0.013739178
17,3488,0.013754646
17,3520,0.01369651
17,3552,0.01376338
17,3584,0.013777449
17,3616,0.013737328
17,3648,0.013772568
17,3680,0.013747299
17,3712,0.013810644
17,3744,0.013822914
17,3776,0.013711424
17,3808,0.013751558
17,3840,0.013777725
17,3872,0.013728012
17,3904,0.013717466
17,3936,0.013792126
17,3968,0.013740899
17,4000,0.013704209
17,4032,0.013700649
17,4064,0.013723125
17,4096,0.013703975
17,4128,0.013695276
17,4160,0.013734046
17,4192,0.01366773
17,4224,0.013754308
17,4256,0.013638726
17,4288,0.013708123
17,4320,0.013716204
17,4352,0.013670337
17,4384,0.013678138
17,4416,0.0136715
17,4448,0.013725321
17,4480,0.013701448
17,4512,0.013702682
17,4544,0.013676604
17,4576,0.013703417
17,4608,0.013675462
17,4640,0.013676967
17,4672,0.013717191
17,4704,0.013681481
17,4736,0.0136624575
17,4768,0.014812969
17,4800,0.014748815
17,4832,0.014640968
17,4864,0.014549829
17,4896,0.0145571465
17,4928,0.014475213
17,4960,0.014458378
17,4992,0.014481669
17,5024,0.014441971
17,5056,0.014382676
17,5088,0.014384103
17,5120,0.014367109
17,5152,0.014310002
17,5184,0.014234587
17,5216,0.014302829
17,5248,0.0142346695
17,5280,0.014344666
17,5312,0.0141819725
17,5344,0.014187238
17,5376,0.014179077
17,5408,0.014259871
17,5440,0.014204997
17,5472,0.014169479
17,5504,0.014170251
17,5536,0.014169122
17,5568,0.014153809
17,5600,0.014078808
17,5632,0.014099949
17,5664,0.014095236
17,5696,0.014045259
17,5728,0.014053019
17,5760,0.014051158
17,5792,0.014011721
17,5824,0.01409784
17,5856,0.014084061
17,5888,0.013963843
17,5920,0.01396855
17,5952,0.014049099
17,5984,0.013947594
17,6016,0.014040971
17,6048,0.013956179
17,6080,0.013971612
18,0,0.01395332
18,32,0.013951705
18,64,0.013985881
18,96,0.0139738
18,128,0.013958838
18,160,0.013985488
18,192,0.013902337
18,224,0.01396428
18,256,0.01397294
18,288,0.013929731
18,320,0.0139297405
18,352,0.013927073
18,384,0.013900396
18,416,0.013904885
18,448,0.01386105
18,480,0.013832073
18,512,0.013830558
18,544,0.013911285
18,576,0.013861153
18,608,0.01393621
18,640,0.0137906615
18,672,0.013763391
18,704,0.013826472
18,736,0.013852549
18,768,0.013913702
18,800,0.013834965
18,832,0.01384096
18,864,0.0138654625
18,896,0.013831537
18,928,0.013912512
18,960,0.01384393
18,992,0.0137875555
18,1024,0.013774747
18,1056,0.013802669
18,1088,0.013792224
18,1120,0.013806941
18,1152,0.013790167
18,1184,0.013808684
18,1216,0.013807323
18,1248,0.013818338
18,1280,0.013820143
18,1312,0.013805072
18,1344,0.013782702
18,1376,0.013900326
18,1408,0.013815844
18,1440,0.013762831
18,1472,0.013824367
18,1504,0.013798656
18,1536,0.013745793
18,1568,0.013741901
18,1600,0.013807903
18,1632,0.013733356
18,1664,0.013757085
18,1696,0.013794107
18,1728,0.013780323
18,1760,0.01378805
18,1792,0.013751846
18,1824,0.013717112
18,1856,0.013733661
18,1888,0.013721423
18,1920,0.013763557
18,1952,0.013732219
18,1984,0.013741243
18,2016,0.013733675
18,2048,0.013708737
18,2080,0.013711852
18,2112,0.0137297595
18,2144,0.013732586
18,2176,0.0137231
18,2208,0.013696767
18,2240,0.013749919
18,2272,0.013734603
18,2304,0.013709759
18,2336,0.013750137
18,2368,0.013648741
18,2400,0.013720579
18,2432,0.013650405
18,2464,0.013709851
18,2496,0.013678024
18,2528,0.013743665
18,2560,0.013727
18,2592,0.013750624
18,2624,0.013693233
18,2656,0.013625936
18,2688,0.013700135
18,2720,0.013739177
18,2752,0.01456516
18,2784,0.014741262
18,2816,0.014619295
18,2848,0.0145822875
18,2880,0.014545038
18,2912,0.014483373
18,2944,0.014533703
18,2976,0.014454036
18,3008,0.014495248
18,3040,0.014348705
18,3072,0.0143117085
18,3104,0.0143726375
18,3136,0.014333915
18,3168,0.014341861
18,3200,0.014278846
18,3232,0.014194615
18,3264,0.014266069
18,3296,0.014213722
18,3328,0.01413104
18,3360,0.014155205
18,3392,0.01415628
18,3424,0.0141109545
18,3456,0.014172668
18,3488,0.014164605
18,3520,0.014136184
18,3552,0.014113836
18,3584,0.014067553
18,3616,0.014122225
18,3648,0.014068753
18,3680,0.014065003
18,3712,0.014027193
18,3744,0.014097636
18,3776,0.014031595
18,3808,0.014041735
18,3840,0.014002204
18,3872,0.014036549
18,3904,0.0140411975
18,3936,0.0139907
18,3968,0.014008516
18,4000,0.013930096
18,4032,0.0140297925
18,4064,0.013946664
18,4096,0.013885397
18,4128,0.013933004
18,4160,0.013930674
18,4192,0.01394035
18,4224,0.013977373
18,4256,0.0139692575
18,4288,0.013945596
18,4320,0.01392435
18,4352,0.013849905
18,4384,0.013853061
18,4416,0.013905091
18,4448,0.013893841
18,4480,0.013899227
18,4512,0.013896154
18,4544,0.013858448
18,4576,0.013891138
18,4608,0.013911629
18,4640,0.013869713
18,4672,0.0138505045
18,4704,0.013883108
18,4736,0.0138437785
18,4768,0.0138486875
18,4800,0.013833348
18,4832,0.0137729645
18,4864,0.013804924
18,4896,0.013815843
18,4928,0.0138296345
18,4960,0.013854037
18,4992,0.013778598
18,5024,0.013854705
18,5056,0.013786161
18,5088,0.013794074
18,5120,0.013798425
18,5152,0.013796957
18,5184,0.01379685
18,5216,0.013779456
18,5248,0.013830675
18,5280,0.013746915
18,5312,0.01373768
18,5344,0.013701099
18,5376,0.013791817
18,5408,0.013793671
18,5440,0.013740835
18,5472,0.013777427
18,5504,0.013704426
18,5536,0.013781339
18,5568,0.013764154
18,5600,0.0138794575
18,5632,0.013774643
18,5664,0.0137802325
18,5696,0.01381349
18,5728,0.01381039
18,5760,0.013724167
18,5792,0.013723664
18,5824,0.013772565
18,5856,0.013722867
18,5888,0.013735278
18,5920,0.013737176
18,5952,0.01376373
18,5984,0.013728738
18,6016,0.013712728
18,6048,0.013745818
18,6080,0.013740333
19,0,0.013736192
19,32,0.013770035
19,64,0.013774915
19,96,0.013719704
19,128,0.013704948
19,160,0.013744008
19,192,0.013763724
19,224,0.013780635
19,256,0.013754905
19,288,0.013766811
19,320,0.013757712
19,352,0.013720023
19,384,0.01364168
19,416,0.013647234
19,448,0.013784552
19,480,0.013680627
19,512,0.013761306
19,544,0.013734056
19,576,0.013733271
19,608,0.013714558
19,640,0.013713853
19,672,0.013715374
19,704,0.013681564
19,736,0.0142962355
19,768,0.014739249
19,800,0.014716684
19,832,0.014626402
19,864,0.014633369
19,896,0.014558184
19,928,0.014551482
19,960,0.0144458115
19,992,0.014370041
19,1024,0.014455136
19,1056,0.014445956
19,1088,0.014347161
19,1120,0.0143071115
19,1152,0.014272867
19,1184,0.014285503
19,1216,0.014260661
19,1248,0.014318536
19,1280,0.014297169
19,1312,0.014317468
19,1344,0.014271574
19,1376,0.014135292
19,1408,0.0142021505
19,1440,0.014164136
19,1472,0.0141003765
19,1504,0.014221903
19,1536,0.014167687
19,1568,0.014106852
19,1600,0.01409159
19,1632,0.014080061
19,1664,0.01412614
19,1696,0.014110337
19,1728,0.014048718
19,1760,0.0140227955
19,1792,0.014138887
19,1824,0.0140540805
19,1856,0.014025642
19,1888,0.014045965
19,1920,0.0140610635
19,1952,0.0140122855
19,1984,0.014081662
19,2016,0.013993269
19,2048,0.014007236
19,2080,0.014043759
19,2112,0.013976854
19,2144,0.01401434
19,2176,0.014005713
19,2208,0.01395834
19,2240,0.0140113
19,2272,0.013953946
19,2304,0.013917932
19,2336,0.0138379475
19,2368,0.013990371
19,2400,0.013917984
19,2432,0.0139474
19,2464,0.01392882
19,2496,0.013911266
19,2528,0.013899006
19,2560,0.01391216
19,2592,0.013926571
19,2624,0.013935941
19,2656,0.013941207
19,2688,0.013870718
19,2720,0.013867434
19,2752,0.013915561
19,2784,0.01386236
19,2816,0.013852352
19,2848,0.013883757
19,2880,0.013813064
19,2912,0.013862664
19,2944,0.013758959
19,2976,0.013858449
19,3008,0.013875814
19,3040,0.013831174
19,3072,0.013832126
19,3104,0.013804767
19,3136,0.013848577
19,3168,0.013859785
19,3200,0.0137929255
19,3232,0.013826834
19,3264,0.013822199
19,3296,0.013771787
19,3328,0.01379277
19,3360,0.013795882
19,3392,0.0138468295
19,3424,0.013774739
19,3456,0.013826036
19,3488,0.013812958
19,3520,0.013802541
19,3552,0.013823252
19,3584,0.01377078
19,3616,0.01378114
19,3648,0.013752094
19,3680,0.013795761
19,3712,0.013773762
19,3744,0.013765265
19,3776,0.013720645
19,3808,0.013754453
19,3840,0.013714567
19,3872,0.013771297
19,3904,0.0137207005
19,3936,0.013704407
19,3968,0.013726572
19,4000,0.013741461
19,4032,0.013784631
19,4064,0.013729196
19,4096,0.013788735
19,4128,0.013783993
19,4160,0.013764637
19,4192,0.013705038
19,4224,0.013727431
19,4256,0.013755734
19,4288,0.0138343545
19,4320,0.013757836
19,4352,0.013716526
19,4384,0.013775403
19,4416,0.013766148
19,4448,0.013727905
19,4480,0.013672839
19,4512,0.013666172
19,4544,0.013703113
19,4576,0.013655718
19,4608,0.013707135
19,4640,0.013769545
19,4672,0.013656856
19,4704,0.013704977
19,4736,0.013725387
19,4768,0.013715474
19,4800,0.013625238
19,4832,0.014244363
19,4864,0.014800084
19,4896,0.0146896485
19,4928,0.014708165
19,4960,0.0146964
19,4992,0.014625441
19,5024,0.014504399
19,5056,0.0144423
19,5088,0.014364839
19,5120,0.0144303385
19,5152,0.014392637
19,5184,0.014319654
19,5216,0.0143714445
19,5248,0.014280403
19,5280,0.0143585
19,5312,0.014322322
19,5344,0.0142665
19,5376,0.0142213665
19,5408,0.014271331
19,5440,0.014214755
19,5472,0.014205206
19,5504,0.014226701
19,5536,0.014254549
19,5568,0.014166721
19,5600,0.014212575
19,5632,0.014116205
19,5664,0.014173026
19,5696,0.014211129
19,5728,0.014127409
19,5760,0.014063348
19,5792,0.014156302
19,5824,0.014113071
19,5856,0.014140103
19,5888,0.014094232
19,5920,0.0140811745
19,5952,0.013992943
19,5984,0.013971919
19,6016,0.014045374
19,6048,0.014069298
19,6080,0.014026274
20,0,0.0140596405
20,32,0.0139952935
20,64,0.014039545
20,96,0.014029494
20,128,0.014015162
20,160,0.013992111
20,192,0.014042533
20,224,0.013955946
20,256,0.013952382
20,288,0.01401192
20,320,0.013939617
20,352,0.013983507
20,384,0.013938946
20,416,0.013910546
20,448,0.013940605
20,480,0.014010856
20,512,0.013896259
20,544,0.013924184
20,576,0.013934353
20,608,0.014001541
20,640,0.013927168
20,672,0.013923878
20,704,0.013913405
20,736,0.013892567
20,768,0.013892618
20,800,0.013849968
20,832,0.013906678
20,864,0.013880832
20,896,0.013863488
20,928,0.013900153
20,960,0.013915654
20,992,0.013938498
20,1024,0.013874346
20,1056,0.013846588
20,1088,0.013792273
20,1120,0.013942151
20,1152,0.013829719
20,1184,0.013866239
20,1216,0.0138741005
20,1248,0.013801912
20,1280,0.013908674
20,1312,0.013839843
20,1344,0.013799608
20,1376,0.013935522
20,1408,0.013849236
20,1440,0.013828216
20,1472,0.013769057
20,1504,0.0138096195
20,1536,0.013775866
20,1568,0.013829254
20,1600,0.013830366
20,1632,0.013829229
20,1664,0.013765728
20,1696,0.013766246
20,1728,0.0137712555
20,1760,0.013788543
20,1792,0.013792563
20,1824,0.01378845
20,1856,0.013759571
20,1888,0.013730143
20,1920,0.013712925
20,1952,0.013781444
20,1984,0.013770602
20,2016,0.013818289
20,2048,0.013776705
20,2080,0.013837034
20,2112,0.013793368
20,2144,0.013828018
20,2176,0.013772496
20,2208,0.013720841
20,2240,0.013787174
20,2272,0.0137115605
20,2304,0.013765208
20,2336,0.0136959795
20,2368,0.013735559
20,2400,0.013696223
20,2432,0.013700229
20,2464,0.0137206605
20,2496,0.013723031
20,2528,0.013730151
20,2560,0.013745189
20,2592,0.013756711
20,2624,0.013765745
20,2656,0.013743022
20,2688,0.0137158185
20,2720,0.013739088
20,2752,0.013769096
20,2784,0.013735642
20,2816,0.014043054
20,2848,0.014821354
20,2880,0.014704274
20,2912,0.014690532
20,2944,0.014562793
20,2976,0.014579456
20,3008,0.014453139
20,3040,0.014451468
20,3072,0.014405658
20,3104,0.01442615
20,3136,0.0143388845
20,3168,0.014382428
20,3200,0.014331662
20,3232,0.014304528
20,3264,0.014276647
20,3296,0.014258728
20,3328,0.01423211
20,3360,0.014310158
20,3392,0.014185744
20,3424,0.014227726
20,3456,0.014210772
20,3488,0.014216512
20,3520,0.014204296
20,3552,0.014113919
20,3584,0.014114182
20,3616,0.014119041
20,3648,0.014211793
20,3680,0.014124767
20,3712,0.014114062
20,3744,0.014129142
20,3776,0.014067313
20,3808,0.014054469
20,3840,0.014019765
20,3872,0.014118554
20,3904,0.014020127
20,3936,0.01400552
20,3968,0.014047299
20,4000,0.0140329655
20,4032,0.013973127
20,4064,0.014005919
20,4096,0.013901382
20,4128,0.013992902
20,4160,0.0140664615
20,4192,0.013973955
20,4224,0.013954771
20,4256,0.01397269
20,4288,0.013959366
20,4320,0.013924499
20,4352,0.013971625
20,4384,0.013892411
20,4416,0.013881496
20,4448,0.01389856
20,4480,0.013915896
20,4512,0.013950023
20,4544,0.013904459
20,4576,0.0139216175
20,4608,0.013846129
20,4640,0.013886459
20,4672,0.013920827
20,4704,0.013937314
20,4736,0.01389737
20,4768,0.01389799
20,4800,0.013838566
20,4832,0.013864414
20,4864,0.013871856
20,4896,0.01389101
20,4928,0.013866711
20,4960,0.013847796
20,4992,0.013754159
20,5024,0.013875372
20,5056,0.013870127
20,5088,0.013817064
20,5120,0.013808316
20,5152,0.013911492
20,5184,0.013772651
20,5216,0.013857797
20,5248,0.013772169
20,5280,0.013922399
20,5312,0.0138011575
20,5344,0.01383569
20,5376,0.013826591
20,5408,0.01382317
20,5440,0.013740396
20,5472,0.013816919
20,5504,0.013904085
20,5536,0.013789139
20,5568,0.013754194
20,5600,0.013775745
20,5632,0.013742413
20,5664,0.013717919
20,5696,0.013676944
20,5728,0.013754759
20,5760,0.0137768425
20,5792,0.013752985
20,5824,0.013690841
20,5856,0.013760481
20,5888,0.013722357
20,5920,0.01374066
20,5952,0.013721169
20,5984,0.013769246
20,6016,0.013733823
20,6048,0.01379309
20,6080,0.013725284
21,0,0.013696118
21,32,0.013733136
21,64,0.013732327
21,96,0.013650816
21,128,0.013696197
21,160,0.013763969
21,192,0.013698019
21,224,0.013766875
21,256,0.013748532
21,288,0.013784581
21,320,0.013733155
21,352,0.01372106
21,384,0.013749158
21,416,0.013684903
21,448,0.013698726
21,480,0.013785809
21,512,0.013727488
21,544,0.013698205
21,576,0.013694152
21,608,0.013737527
21,640,0.01371093
21,672,0.013652408
21,704,0.013673205
21,736,0.013720541
21,768,0.013655158
21,800,0.013740473
21,832,0.0148589155
21,864,0.01474156
21,896,0.014728365
21,928,0.014617756
21,960,0.014616457
21,992,0.0145799145
21,1024,0.014503495
21,1056,0.01448006
21,1088,0.014433434
21,1120,0.014510078
21,1152,0.014327027
21,1184,0.014362077
21,1216,0.014363264
21,1248,0.014307149
21,1280,0.014338547
21,1312,0.014346663
21,1344,0.014268465
21,1376,0.0142203765
21,1408,0.014263315
21,1440,0.014264821
21,1472,0.014233047
21,1504,0.0142019065
21,1536,0.014190121
21,1568,0.014162582
21,1600,0.014215056
21,1632,0.014153721
21,1664,0.014168725
21,1696,0.014102933
21,1728,0.014118027
21,1760,0.014106539
21,1792,0.01409421
21,1824,0.014203717
21,1856,0.014107303
21,1888,0.01401338
21,1920,0.014063505
21,1952,0.014147463
21,1984,0.014046222
21,2016,0.014124261
21,2048,0.014088307
21,2080,0.014146573
21,2112,0.01403885
21,2144,0.014050008
21,2176,0.013983478
21,2208,0.0139769
21,2240,0.013976754
21,2272,0.014035477
21,2304,0.013961059
21,2336,0.013958031
21,2368,0.013920556
21,2400,0.013977244
21,2432,0.0139147295
21,2464,0.014007403
21,2496,0.013917996
21,2528,0.013931977
21,2560,0.013953191
21,2592,0.01395169
21,2624,0.013899972
21,2656,0.01390745
21,2688,0.013949635
21,2720,0.013919446
21,2752,0.013873908
21,2784,0.013859666
21,2816,0.013908409
21,2848,0.013845801
21,2880,0.01389582
21,2912,0.013914143
21,2944,0.013883958
21,2976,0.013857297
21,3008,0.013881413
21,3040,0.013901748
21,3072,0.013880495
21,3104,0.01394079
21,3136,0.013860825
21,3168,0.013873111
21,3200,0.013837866
21,3232,0.013821202
21,3264,0.013817208
21,3296,0.013852261
21,3328,0.013818183
21,3360,0.013804406
21,3392,0.01381873
21,3424,0.01380518
21,3456,0.013803824
21,3488,0.013850327
21,3520,0.013793982
21,3552,0.013790708
21,3584,0.013794131
21,3616,0.013816264
21,3648,0.013830771
21,3680,0.013824782
21,3712,0.013828318
21,3744,0.0137627125
21,3776,0.013764464
21,3808,0.013781553
21,3840,0.013783346
21,3872,0.013763433
21,3904,0.013828712
21,3936,0.0137997065
21,3968,0.013766492
21,4000,0.013762852
21,4032,0.0137470765
21,4064,0.013743013
21,4096,0.013770046
21,4128,0.0138031915
21,4160,0.013825657
21,4192,0.013768579
21,4224,0.0137996115
21,4256,0.013723726
21,4288,0.013769533
21,4320,0.0137162395
21,4352,0.013735811
21,4384,0.013739727
21,4416,0.013687188
21,4448,0.013683182
21,4480,0.013713114
21,4512,0.013691346
21,4544,0.013725771
21,4576,0.013765335
21,4608,0.013691418
21,4640,0.013692539
21,4672,0.013717782
21,4704,0.013706597
21,4736,0.013696862
21,4768,0.013790158
21,4800,0.013747329
21,4832,0.013726027
21,4864,0.013729338
21,4896,0.013740507
21,4928,0.014719006
21,4960,0.014739345
21,4992,0.014635037
21,5024,0.014624525
21,5056,0.014576453
21,5088,0.014554059
21,5120,0.014519919
21,5152,0.01441823
21,5184,0.014445028
21,5216,0.014389267
21,5248,0.014387088
21,5280,0.01441637
21,5312,0.014281162
21,5344,0.014290977
21,5376,0.014339001
21,5408,0.014316029
21,5440,0.014268172
21,5472,0.014243964
21,5504,0.014180261
21,5536,0.01418008
21,5568,0.014232783
21,5600,0.014204266
21,5632,0.014138779
21,5664,0.014188631
21,5696,0.01413125
21,5728,0.014134887
21,5760,0.014092723
21,5792,0.0141638955
21,5824,0.014173267
21,5856,0.014142232
21,5888,0.01405074
21,5920,0.014044447
21,5952,0.014095873
21,5984,0.014083693
21,6016,0.014062666
21,6048,0.013991786
21,6080,0.014045402
22,0,0.01409464
22,32,0.014040334
22,64,0.014052281
22,96,0.014074406
22,128,0.014028025
22,160,0.0140349865
22,192,0.013994637
22,224,0.014035304
22,256,0.013968123
22,288,0.013987115
22,320,0.013994588
22,352,0.0139727015
22,384,0.013936893
22,416,0.013930414
22,448,0.013959543
22,480,0.013992339
22,512,0.014024236
22,544,0.013922043
22,576,0.013918632
22,608,0.013965671
22,640,0.013955596
22,672,0.013968579
22,704,0.013958028
22,736,0.013895855
22,768,0.013966393
22,800,0.013896908
22,832,0.013908072
22,864,0.013888911
22,896,0.013906101
22,928,0.013899327
22,960,0.013883303
22,992,0.013811936
22,1024,0.013891956
22,1056,0.013856329
22,1088,0.013812701
22,1120,0.013873536
22,1152,0.013829963
22,1184,0.013841657
22,1216,0.013886308
22,1248,0.013815247
22,1280,0.013846055
22,1312,0.013794789
22,1344,0.013843428
22,1376,0.013820185
22,1408,0.013882725
22,1440,0.013789417
22,1472,0.013822053
22,1504,0.01385473
22,1536,0.013847624
22,1568,0.013802061
22,1600,0.013800977
22,1632,0.013854508
22,1664,0.013768795
22,1696,0.013846492
22,1728,0.0137484595
22,1760,0.013813266
22,1792,0.013849097
22,1824,0.013780013
22,1856,0.013842399
22,1888,0.013766464
22,1920,0.013747807
22,1952,0.013863725
22,1984,0.013780376
22,2016,0.013820081
22,2048,0.01374518
22,2080,0.013768227
22,2112,0.013823609
22,2144,0.013724767
22,2176,0.013756001
22,2208,0.01378577
22,2240,0.013774441
22,2272,0.013755352
22,2304,0.013784807
22,2336,0.013764175
22,2368,0.013789746
22,2400,0.013785808
22,2432,0.013683188
22,2464,0.0137984045
22,2496,0.013763992
22,2528,0.013684315
22,2560,0.01378123
22,2592,0.013708059
22,2624,0.013769377
22,2656,0.013755869
22,2688,0.013688185
22,2720,0.013723495
22,2752,0.013662039
22,2784,0.0136999525
22,2816,0.013657419
22,2848,0.013760273
22,2880,0.0137489885
22,2912,0.014648676
22,2944,0.014803532
22,2976,0.014716209
22,3008,0.014718046
22,3040,0.014574294
22,3072,0.014614783
22,3104,0.014507581
22,3136,0.014533252
22,3168,0.014430272
22,3200,0.014477079
22,3232,0.014446175
22,3264,0.014305411
22,3296,0.01440796
22,3328,0.014371347
22,3360,0.014368809
22,3392,0.014251437
22,3424,0.014249928
22,3456,0.014305482
22,3488,0.014299488
22,3520,0.0142933605
22,3552,0.014237284
22,3584,0.014246034
22,3616,0.01421829
22,3648,0.014205476
22,3680,0.014211512
22,3712,0.0141013935
22,3744,0.014190077
22,3776,0.014221641
22,3808,0.014140053
22,3840,0.014187815
22,3872,0.014050897
22,3904,0.014065143
22,3936,0.014134489
22,3968,0.014052721
22,4000,0.014098361
22,4032,0.014069927
22,4064,0.014066564
22,4096,0.0140430955
22,4128,0.014010664
22,4160,0.014068451
22,4192,0.014044793
22,4224,0.014087421
22,4256,0.014098121
22,4288,0.014027169
22,4320,0.014009592
22,4352,0.014021624
22,4384,0.013974281
22,4416,0.014026216
22,4448,0.013969761
22,4480,0.013952989
22,4512,0.014019388
22,4544,0.013931927
22,4576,0.013918405
22,4608,0.0139296865
22,4640,0.014042812
22,4672,0.013920738
22,4704,0.01393992
22,4736,0.013897344
22,4768,0.01398952
22,4800,0.013917794
22,4832,0.013909437
22,4864,0.01392003
22,4896,0.013883176
22,4928,0.013934337
22,4960,0.01396361
22,4992,0.013874385
22,5024,0.01388661
22,5056,0.013908664
22,5088,0.013925864
22,5120,0.013861288
22,5152,0.013861713
22,5184,0.013894861
22,5216,0.013873276
22,5248,0.013929424
22,5280,0.013914742
22,5312,0.013841482
22,5344,0.013816871
22,5376,0.013884451
22,5408,0.013811884
22,5440,0.013894992
22,5472,0.01382461
22,5504,0.01382722
22,5536,0.013795171
22,5568,0.0138203055
22,5600,0.013771258
22,5632,0.013772711
22,5664,0.013795161
22,5696,0.013781277
22,5728,0.013858631
22,5760,0.013865979
22,5792,0.013787049
22,5824,0.013754633
22,5856,0.013770384
22,5888,0.013765988
22,5920,0.013816052
22,5952,0.013789396
22,5984,0.013800658
22,6016,0.013759542
22,6048,0.01377489
22,6080,0.013788191
23,0,0.013735264
23,32,0.013848253
23,64,0.01385623
23,96,0.013815691
23,128,0.013726638
23,160,0.013796496
23,192,0.013811565
23,224,0.013755354
23,256,0.013703554
23,288,0.013771353
23,320,0.013770506
23,352,0.013772739
23,384,0.013789467
23,416,0.013769456
23,448,0.013760269
23,480,0.013776653
23,512,0.013792503
23,544,0.013785808
23,576,0.013830458
23,608,0.0137545355
23,640,0.0137117775
23,672,0.0138113
23,704,0.013739603
23,736,0.013798082
23,768,0.013798024
23,800,0.013769166
23,832,0.013757283
23,864,0.013727231
23,896,0.014360765
23,928,0.014778338
23,960,0.014768788
23,992,0.014760905
23,1024,0.014615071
23,1056,0.014617416
23,1088,0.014560072
23,1120,0.014535459
23,1152,0.01445412
23,1184,0.014411993
23,1216,0.014462563
23,1248,0.014409711
23,1280,0.014452484
23,1312,0.014317571
23,1344,0.014335898
23,1376,0.014337579
23,1408,0.014263273
23,1440,0.014404774
23,1472,0.014365092
23,1504,0.01431231
23,1536,0.014222924
23,1568,0.01428524
23,1600,0.014168269
23,1632,0.014198158
23,1664,0.014181213
23,1696,0.014171693
23,1728,0.014163502
23,1760,0.014118574
23,1792,0.014159113
23,1824,0.014204536
23,1856,0.014117387
23,1888,0.014126104
23,1920,0.014073848
23,1952,0.014058449
23,1984,0.014105985
23,2016,0.014054705
23,2048,0.014112053
23,2080,0.014079287
23,2112,0.014102406
23,2144,0.014048466
23,2176,0.014038972
23,2208,0.014112476
23,2240,0.01407198
23,2272,0.014030474
23,2304,0.014009278
23,2336,0.013967737
23,2368,0.0139705315
23,2400,0.0140143195
23,2432,0.01395413
23,2464,0.0140327
23,2496,0.014015091
23,2528,0.013954344
23,2560,0.014016588
23,2592,0.013983373
23,2624,0.013978779
23,2656,0.0139228245
23,2688,0.0139425965
23,2720,0.01381387
23,2752,0.013941816
23,2784,0.013977333
23,2816,0.0138641205
23,2848,0.013980562
23,2880,0.013952068
23,2912,0.013928253
23,2944,0.0138866715
23,2976,0.013886606
23,3008,0.013875755
23,3040,0.013902683
23,3072,0.013828266
23,3104,0.0137907835
23,3136,0.013863028
23,3168,0.013865238
23,3200,0.01380879
23,3232,0.013874914
23,3264,0.013930237
23,3296,0.01388047
23,3328,0.013845798
23,3360,0.0139264995
23,3392,0.013810566
23,3424,0.013796301
23,3456,0.013870851
23,3488,0.0138546415
23,3520,0.013795439
23,3552,0.013838146
23,3584,0.013846072
23,3616,0.013832006
23,3648,0.013884671
23,3680,0.013813209
23,3712,0.013799879
23,3744,0.013767184
23,3776,0.013813127
23,3808,0.013787382
23,3840,0.013759436
23,3872,0.013786696
23,3904,0.013784177
23,3936,0.013793687
23,3968,0.013734177
23,4000,0.013797717
23,4032,0.013784484
23,4064,0.013809037
23,4096,0.0137049835
23,4128,0.013694985
23,4160,0.013818646
23,4192,0.01377778
23,4224,0.013723527
23,4256,0.013808912
23,4288,0.0136858
23,4320,0.013823542
23,4352,0.013738758
23,4384,0.013777169
23,4416,0.013706218
23,4448,0.013719308
23,4480,0.013745848
23,4512,0.013780984
23,4544,0.013787801
23,4576,0.013756624
23,4608,0.013754349
23,4640,0.013783566
23,4672,0.013784644
23,4704,0.013699073
23,4736,0.0137829855
23,4768,0.01368881
23,4800,0.013781002
23,4832,0.013741745
23,4864,0.013672017
23,4896,0.013722072
23,4928,0.0137227615
23,4960,0.013734883
23,4992,0.014258017
23,5024,0.0148471985
23,5056,0.01471149
23,5088,0.014648282
23,5120,0.014661314
23,5152,0.0146148065
23,5184,0.014536022
23,5216,0.014491251
23,5248,0.01440059
23,5280,0.014442905
23,5312,0.014428718
23,5344,0.014429434
23,5376,0.014315234
23,5408,0.01442973
23,5440,0.014329034
23,5472,0.014327037
23,5504,0.014339771
23,5536,0.014276093
23,5568,0.014295224
23,5600,0.014207169
23,5632,0.014183854
23,5664,0.0141516505
23,5696,0.014177965
23,5728,0.014216969
23,5760,0.014216893
23,5792,0.014172681
23,5824,0.014161095
23,5856,0.014116985
23,5888,0.014106363
23,5920,0.014122442
23,5952,0.014095139
23,5984,0.014045744
23,6016,0.014145756
23,6048,0.014073283
23,6080,0.014034978
24,0,0.014133242
24,32,0.014110493
24,64,0.014079743
24,96,0.014030444
24,128,0.01405253
24,160,0.014069687
24,192,0.01401563
24,224,0.014023157
24,256,0.014022151
24,288,0.0140484255
24,320,0.0140147
24,352,0.0140469605
24,384,0.013968126
24,416,0.014010751
24,448,0.014064672
24,480,0.0140531985
24,512,0.014020972
24,544,0.013956358
24,576,0.013925491
24,608,0.01401925
24,640,0.014014923
24,672,0.0139003135
24,704,0.013903518
24,736,0.01400089
24,768,0.013876799
24,800,0.013981321
24,832,0.013941011
24,864,0.013917126
24,896,0.013941873
24,928,0.013847601
24,960,0.01391461
24,992,0.013866634
24,1024,0.0138609065
24,1056,0.013920632
24,1088,0.013895965
24,1120,0.013938777
24,1152,0.0139105115
24,1184,0.013843538
24,1216,0.013845569
24,1248,0.01388143
24,1280,0.013835921
24,1312,0.013811577
24,1344,0.01386398
24,1376,0.013829435
24,1408,0.013831322
24,1440,0.01381045
24,1472,0.013798673
24,1504,0.013791358
24,1536,0.013770973
24,1568,0.013830468
24,1600,0.013835482
24,1632,0.01384102
24,1664,0.01382364
24,1696,0.013788418
24,1728,0.0137824975
24,1760,0.01386755
24,1792,0.01385206
24,1824,0.013854033
24,1856,0.013780965
24,1888,0.013757169
24,1920,0.013799749
24,1952,0.013845743
24,1984,0.013836266
24,2016,0.013722641
24,2048,0.0137458015
24,2080,0.013839784
24,2112,0.013790944
24,2144,0.013848561
24,2176,0.013796813
24,2208,0.013812694
24,2240,0.013805451
24,2272,0.013743071
24,2304,0.013764247
24,2336,0.013756439
24,2368,0.013787945
24,2400,0.013746208
24,2432,0.0138039775
24,2464,0.013757684
24,2496,0.013744832
24,2528,0.0137896
24,2560,0.013751911
24,2592,0.013789041
24,2624,0.0137218665
24,2656,0.013750053
24,2688,0.013743409
24,2720,0.013678523
24,2752,0.013681733
24,2784,0.013707577
24,2816,0.013743281
24,2848,0.013733497
24,2880,0.013743473
24,2912,0.013713264
24,2944,0.013768155
24,2976,0.014008428
24,3008,0.014832424
24,3040,0.014787649
24,3072,0.014740361
24,3104,0.01469391
24,3136,0.014650272
24,3168,0.014667766
24,3200,0.014585838
24,3232,0.014578623
24,3264,0.014549764
24,3296,0.014420669
24,3328,0.014487044
24,3360,0.014415246
24,3392,0.014403558
24,3424,0.014409934
24,3456,0.01436082
24,3488,0.014369897
24,3520,0.014351204
24,3552,0.014340934
24,3584,0.014285134
24,3616,0.014274815
24,3648,0.014254855
24,3680,0.014233435
24,3712,0.014271125
24,3744,0.014216127
24,3776,0.0142802335
24,3808,0.014165643
24,3840,0.01424338
24,3872,0.014146182
24,3904,0.014140669
24,3936,0.0141203385
24,3968,0.014076931
24,4000,0.014072516
24,4032,0.0141055
24,4064,0.014105118
24,4096,0.014115397
24,4128,0.014062919
24,4160,0.014102458
24,4192,0.014083265
24,4224,0.014080966
24,4256,0.014093409
24,4288,0.014068042
24,4320,0.014036683
24,4352,0.014057624
24,4384,0.014020026
24,4416,0.01404847
24,4448,0.01405304
24,4480,0.013992625
24,4512,0.014035916
24,4544,0.014044226
24,4576,0.013937761
24,4608,0.013904106
24,4640,0.013981925
24,4672,0.014018119
24,4704,0.013942786
24,4736,0.013933072
24,4768,0.013949295
24,4800,0.013959022
24,4832,0.013972216
24,4864,0.013940258
24,4896,0.014013346
24,4928,0.01390157
24,4960,0.013905761
24,4992,0.013876309
24,5024,0.013880402
24,5056,0.013913645
24,5088,0.013949456
24,5120,0.013950802
24,5152,0.01390137
24,5184,0.013939248
24,5216,0.013812862
24,5248,0.013865896
24,5280,0.013943064
24,5312,0.013924309
24,5344,0.013888397
24,5376,0.013919489
24,5408,0.013827749
24,5440,0.013817351
24,5472,0.0138369305
24,5504,0.0139219975
24,5536,0.013843546
24,5568,0.013839206
24,5600,0.01385523
24,5632,0.013889816
24,5664,0.0138063785
24,5696,0.013876051
24,5728,0.01380193
24,5760,0.01385558
24,5792,0.013849852
24,5824,0.013836676
24,5856,0.013814739
24,5888,0.013837919
24,5920,0.013767914
24,5952,0.01377251
24,5984,0.01385209
24,6016,0.0138685815
24,6048,0.013827294
24,6080,0.013768618
25,0,0.013771344
25,32,0.013814118
25,64,0.013806163
25,96,0.013816682
25,128,0.0138340155
25,160,0.013753199
25,192,0.0138056185
25,224,0.013737314
25,256,0.013908953
25,288,0.013824939
25,320,0.013800105
25,352,0.013787059
25,384,0.01377436
25,416,0.013827377
25,448,0.0138535015
25,480,0.013837825
25,512,0.013740786
25,544,0.013770949
25,576,0.013780921
25,608,0.013769901
25,640,0.013816634
25,672,0.013822538
25,704,0.01378633
25,736,0.013746251
25,768,0.013792817
25,800,0.01372165
25,832,0.013797982
25,864,0.013802193
25,896,0.013759463
25,928,0.013752637
25,960,0.013821036
25,992,0.014905517
25,1024,0.014788656
25,1056,0.014705345
25,1088,0.014767546
25,1120,0.014630913
25,1152,0.014556294
25,1184,0.014622435
25,1216,0.014539578
25,1248,0.014532899
25,1280,0.014424977
25,1312,0.014433316
25,1344,0.014369162
25,1376,0.014439954
25,1408,0.014364456
25,1440,0.014419363
25,1472,0.014376415
25,1504,0.01432227
25,1536,0.01434378
25,1568,0.014333555
25,1600,0.014287487
25,1632,0.014196835
25,1664,0.014272633
25,1696,0.014217824
25,1728,0.014241421
25,1760,0.014141463
25,1792,0.014074636
25,1824,0.014176863
25,1856,0.01420799
25,1888,0.014222382
25,1920,0.014165494
25,1952,0.014144156
25,1984,0.01415702
25,2016,0.014135938
25,2048,0.014126682
25,2080,0.014068916
25,2112,0.014124594
25,2144,0.014090874
25,2176,0.014050188
25,2208,0.014093289
25,2240,0.014099165
25,2272,0.014063741
25,2304,0.014007827
25,2336,0.014058664
25,2368,0.013950659
25,2400,0.0139828855
25,2432,0.01397395
25,2464,0.014011562
25,2496,0.013910516
25,2528,0.0140175475
25,2560,0.014005271
25,2592,0.014012595
25,2624,0.014014807
25,2656,0.01397783
25,2688,0.014003914
25,2720,0.014000872
25,2752,0.013930012
25,2784,0.013920449
25,2816,0.013988566
25,2848,0.0139416475
25,2880,0.013973146
25,2912,0.013959111
25,2944,0.013863551
25,2976,0.013937416
25,3008,0.013966829
25,3040,0.013916806
25,3072,0.013949718
25,3104,0.0139057
25,3136,0.013887076
25,3168,0.013870293
25,3200,0.01387894
25,3232,0.013904942
25,3264,0.013827605
25,3296,0.01388424
25,3328,0.01388022
25,3360,0.013897856
25,3392,0.01387003
25,3424,0.013863422
25,3456,0.013856298
25,3488,0.0139288055
25,3520,0.013855539
25,3552,0.0138894655
25,3584,0.013841341
25,3616,0.013873144
25,3648,0.013821066
25,3680,0.013803263
25,3712,0.013838328
25,3744,0.013885934
25,3776,0.01385491
25,3808,0.013872397
25,3840,0.013853692
25,3872,0.013824259
25,3904,0.013745598
25,3936,0.013850155
25,3968,0.013843231
25,4000,0.013780147
25,4032,0.013893775
25,4064,0.013795986
25,4096,0.013803245
25,4128,0.013795029
25,4160,0.013815721
25,4192,0.013765186
25,4224,0.013777332
25,4256,0.013769221
25,4288,0.013837723
25,4320,0.013762214
25,4352,0.013778689
25,4384,0.013760857
25,4416,0.013740659
25,4448,0.013747339
25,4480,0.013767847
25,4512,0.013817651
25,4544,0.013744143
25,4576,0.013824789
25,4608,0.013740727
25,4640,0.0137491245
25,4672,0.0137951225
25,4704,0.013819091
25,4736,0.013787084
25,4768,0.013743834
25,4800,0.013686415
25,4832,0.013728513
25,4864,0.013723042
25,4896,0.013766351
25,4928,0.013715846
25,4960,0.013798435
25,4992,0.013760047
25,5024,0.0137441885
25,5056,0.013788056
25,5088,0.014855952
25,5120,0.014822071
25,5152,0.014701053
25,5184,0.014714629
25,5216,0.0146329915
25,5248,0.014597831
25,5280,0.014513841
25,5312,0.014462834
25,5344,0.014514118
25,5376,0.01447726
25,5408,0.014418697
25,5440,0.014412015
25,5472,0.014404481
25,5504,0.014399786
25,5536,0.014365586
25,5568,0.01438311
25,5600,0.014274571
25,5632,0.014332439
25,5664,0.014318824
25,5696,0.014195926
25,5728,0.01423126
25,5760,0.014251143
25,5792,0.014273612
25,5824,0.014225957
25,5856,0.014246752
25,5888,0.014195992
25,5920,0.0141435955
25,5952,0.014136539
25,5984,0.014141089
25,6016,0.014147601
25,6048,0.014195983
25,6080,0.014136686
26,0,0.014080769
26,32,0.014112917
26,64,0.014143828
26,96,0.014133557
26,128,0.014114087
26,160,0.014161482
26,192,0.014123488
26,224,0.0140213175
26,256,0.014035301
26,288,0.014181494
26,320,0.014040187
26,352,0.014054839
26,384,0.014004273
26,416,0.014049644
26,448,0.01402478
26,480,0.014009999
26,512,0.013982073
26,544,0.014023609
26,576,0.0139807705
26,608,0.014019721
26,640,0.013986109
26,672,0.013937524
26,704,0.01404116
26,736,0.013988578
26,768,0.013981631
26,800,0.013961508
26,832,0.01393606
26,864,0.013946617
26,896,0.013963857
26,928,0.014003336
26,960,0.014031747
26,992,0.013954441
26,1024,0.01392108
26,1056,0.013892931
26,1088,0.013904734
26,1120,0.013913972
26,1152,0.013915412
26,1184,0.013898452
26,1216,0.013905962
26,1248,0.013934209
26,1280,0.013911365
26,1312,0.013847848
26,1344,0.013979904
26,1376,0.0138903335
26,1408,0.013940221
26,1440,0.013903637
26,1472,0.013881246
26,1504,0.0138975885
26,1536,0.013846686
26,1568,0.013849676
26,1600,0.013835781
26,1632,0.013866135
26,1664,0.01389719
26,1696,0.013831191
26,1728,0.01387824
26,1760,0.013880117
26,1792,0.013861316
26,1824,0.013874267
26,1856,0.013868115
26,1888,0.013793694
26,1920,0.013844982
26,1952,0.013831064
26,1984,0.013895467
26,2016,0.013928968
26,2048,0.013782025
26,2080,0.013799151
26,2112,0.0137712695
26,2144,0.013777394
26,2176,0.013829245
26,2208,0.013816774
26,2240,0.01379681
26,2272,0.013865937
26,2304,0.013729611
26,2336,0.013841648
26,2368,0.013780004
26,2400,0.013794843
26,2432,0.013771235
26,2464,0.013791732
26,2496,0.013826611
26,2528,0.01381953
26,2560,0.013815376
26,2592,0.013714991
26,2624,0.013853368
26,2656,0.013831411
26,2688,0.013763976
26,2720,0.013806813
26,2752,0.013765798
26,2784,0.013797875
26,2816,0.0137188425
26,2848,0.013803844
26,2880,0.013794182
26,2912,0.013700144
26,2944,0.013734696
26,2976,0.013789663
26,3008,0.013739005
26,3040,0.013772456
26,3072,0.014701581
26,3104,0.0148734925
26,3136,0.014762999
26,3168,0.014772361
26,3200,0.014720052
26,3232,0.0146456305
26,3264,0.014516898
26,3296,0.014550108
26,3328,0.01455999
26,3360,0.014500858
26,3392,0.014470968
26,3424,0.014485691
26,3456,0.014404081
26,3488,0.014400299
26,3520,0.014446696
26,3552,0.014331222
26,3584,0.014368911
26,3616,0.01432904
26,3648,0.014319609
26,3680,0.014304715
26,3712,0.014286723
26,3744,0.014217062
26,3776,0.014246179
26,3808,0.01425463
26,3840,0.014260327
26,3872,0.014178622
26,3904,0.014207489
26,3936,0.014163374
26,3968,0.014170565
26,4000,0.014141614
26,4032,0.014206235
26,4064,0.014116962
26,4096,0.0140895685
26,4128,0.014075501
26,4160,0.014092395
26,4192,0.014114741
26,4224,0.014121479
26,4256,0.014072506
26,4288,0.014035245
26,4320,0.014072034
26,4352,0.01407802
26,4384,0.014042153
26,4416,0.014029516
26,4448,0.014012449
26,4480,0.014047786
26,4512,0.014030243
26,4544,0.014062875
26,4576,0.014111757
26,4608,0.013963931
26,4640,0.013968359
26,4672,0.013988677
26,4704,0.014017403
26,4736,0.013933788
26,4768,0.0139632765
26,4800,0.013925234
26,4832,0.01395575
26,4864,0.014019551
26,4896,0.013927121
26,4928,0.013965135
26,4960,0.0139523065
26,4992,0.013939296
26,5024,0.013932266
26,5056,0.013944955
26,5088,0.013922623
26,5120,0.013968179
26,5152,0.0139381755
26,5184,0.013999945
26,5216,0.013949745
26,5248,0.013956052
26,5280,0.013929324
26,5312,0.013904604
26,5344,0.0139163565
26,5376,0.013923695
26,5408,0.013946027
26,5440,0.013888738
26,5472,0.013835836
26,5504,0.013902804
26,5536,0.013882689
26,5568,0.013873288
26,5600,0.013914872
26,5632,0.013915537
26,5664,0.013860935
26,5696,0.01391518
26,5728,0.013926616
26,5760,0.01387209
26,5792,0.013891181
26,5824,0.0138160465
26,5856,0.013811016
26,5888,0.0139057115
26,5920,0.0138299735
26,5952,0.013873838
26,5984,0.013856597
26,6016,0.0138358595
26,6048,0.013889405
26,6080,0.013809179
27,0,0.013768247
27,32,0.013848994
27,64,0.013879114
27,96,0.013756939
27,128,0.013930269
27,160,0.013829318
27,192,0.013839118
27,224,0.013814478
27,256,0.013838737
27,288,0.013821562
27,320,0.013845929
27,352,0.01379097
27,384,0.013848103
27,416,0.013848087
27,448,0.013864216
27,480,0.013794233
27,512,0.013821397
27,544,0.013863867
27,576,0.013856629
27,608,0.013811978
27,640,0.013871784
27,672,0.013827136
27,704,0.01382712
27,736,0.013807353
27,768,0.013838839
27,800,0.013778722
27,832,0.013786253
27,864,0.0137689505
27,896,0.013866656
27,928,0.013795167
27,960,0.013834468
27,992,0.01380756
27,1024,0.013740756
27,1056,0.014425892
27,1088,0.014871524
27,1120,0.014823737
27,1152,0.014645927
27,1184,0.014748683
27,1216,0.014672388
27,1248,0.01465062
27,1280,0.014563937
27,1312,0.014581923
27,1344,0.014518976
27,1376,0.014536888
27,1408,0.014442295
27,1440,0.014404677
27,1472,0.014392092
27,1504,0.014381552
27,1536,0.014374581
27,1568,0.014353732
27,1600,0.014369302
27,1632,0.014339525
27,1664,0.014319104
27,1696,0.0143310595
27,1728,0.014330874
27,1760,0.014275132
27,1792,0.014235822
27,1824,0.014209705
27,1856,0.014280443
27,1888,0.014249035
27,1920,0.014153042
27,1952,0.0141659
27,1984,0.014272112
27,2016,0.014170193
27,2048,0.0141529795
27,2080,0.014057619
27,2112,0.01415195
27,2144,0.014135879
27,2176,0.014088239
27,2208,0.014120177
27,2240,0.014043345
27,2272,0.01415448
27,2304,0.014101758
27,2336,0.014132143
27,2368,0.014074834
27,2400,0.014071646
27,2432,0.014055907
27,2464,0.014150338
27,2496,0.014039496
27,2528,0.014009997
27,2560,0.014091145
27,2592,0.014085665
27,2624,0.014010013
27,2656,0.013995902
27,2688,0.0139948875
27,2720,0.014025312
27,2752,0.013985173
27,2784,0.013946687
27,2816,0.013931938
27,2848,0.014002677
27,2880,0.013996203
27,2912,0.013970985
27,2944,0.013999288
27,2976,0.013958251
27,3008,0.013916985
27,3040,0.013938392
27,3072,0.01395387
27,3104,0.013988853
27,3136,0.014013058
27,3168,0.0139288865
27,3200,0.013919809
27,3232,0.013939585
27,3264,0.013938939
27,3296,0.013881242
27,3328,0.013881432
27,3360,0.013909817
27,3392,0.01393308
27,3424,0.013962306
27,3456,0.01395184
27,3488,0.013894567
27,3520,0.013818823
27,3552,0.013925691
27,3584,0.013970517
27,3616,0.013884668
27,3648,0.013905169
27,3680,0.013803849
27,3712,0.013863954
27,3744,0.013842036
27,3776,0.013893681
27,3808,0.013856905
27,3840,0.0139132505
27,3872,0.013842731
27,3904,0.013815936
27,3936,0.013823979
27,3968,0.013854392
27,4000,0.013830271
27,4032,0.0138604725
27,4064,0.013821742
27,4096,0.013824148
27,4128,0.013882251
27,4160,0.013829039
27,4192,0.013833958
27,4224,0.013867217
27,4256,0.013820639
27,4288,0.013849326
27,4320,0.013849259
27,4352,0.013797138
27,4384,0.013830557
27,4416,0.013821371
27,4448,0.0138254445
27,4480,0.013779674
27,4512,0.013774159
27,4544,0.013824674
27,4576,0.01385983
27,4608,0.013773557
27,4640,0.013786199
27,4672,0.013707234
27,4704,0.013740556
27,4736,0.013756559
27,4768,0.013834663
27,4800,0.013760328
27,4832,0.013802711
27,4864,0.013790469
27,4896,0.013763903
27,4928,0.013714397
27,4960,0.013797551
27,4992,0.013797471
27,5024,0.013770561
27,5056,0.013766328
27,5088,0.013733554
27,5120,0.013807835
27,5152,0.01447237
27,5184,0.0148537345
27,5216,0.014786068
27,5248,0.014643104
27,5280,0.01474205
27,5312,0.014648083
27,5344,0.014663639
27,5376,0.014592132
27,5408,0.014536932
27,5440,0.014524373
27,5472,0.014497854
27,5504,0.014464838
27,5536,0.014508628
27,5568,0.014364473
27,5600,0.014387489
27,5632,0.014362791
27,5664,0.014388194
27,5696,0.014326665
27,5728,0.014333367
27,5760,0.014275235
27,5792,0.014352452
27,5824,0.014273175
27,5856,0.014311357
27,5888,0.014286739
27,5920,0.014261377
27,5952,0.014250376
27,5984,0.014261663
27,6016,0.014254319
27,6048,0.014199234
27,6080,0.01418538
28,0,0.014179344
28,32,0.014163011
28,64,0.014125708
28,96,0.014201848
28,128,0.014245882
28,160,0.01414457
28,192,0.014098841
28,224,0.01417441
28,256,0.0141648
28,288,0.01402376
28,320,0.014105858
28,352,0.014111917
28,384,0.014153869
28,416,0.0141426455
28,448,0.014129845
28,480,0.014067128
28,512,0.014072281
28,544,0.014104855
28,576,0.014075102
28,608,0.014065138
28,640,0.014069814
28,672,0.014014806
28,704,0.014006826
28,736,0.013990639
28,768,0.014084775
28,800,0.014034451
28,832,0.014051696
28,864,0.014065839
28,896,0.014038197
28,928,0.014046551
28,960,0.01401891
28,992,0.014067238
28,1024,0.013941165
28,1056,0.0140670715
28,1088,0.014019688
28,1120,0.013980062
28,1152,0.013975138
28,1184,0.013960778
28,1216,0.013936517
28,1248,0.01397124
28,1280,0.014007112
28,1312,0.013931634
28,1344,0.013962759
28,1376,0.0139186485
28,1408,0.013920059
28,1440,0.013954513
28,1472,0.013900031
28,1504,0.013917439
28,1536,0.013915463
28,1568,0.013882296
28,1600,0.013927576
28,1632,0.0139581915
28,1664,0.013910799
28,1696,0.013950688
28,1728,0.013904629
28,1760,0.013942011
28,1792,0.013897827
28,1824,0.0139158815
28,1856,0.013916478
28,1888,0.013850988
28,1920,0.013912141
28,1952,0.013914579
28,1984,0.013943176
28,2016,0.01383493
28,2048,0.013891538
28,2080,0.0138625065
28,2112,0.013900689
28,2144,0.013889319
28,2176,0.013867815
28,2208,0.013967631
28,2240,0.013856508
28,2272,0.013858697
28,2304,0.0138463015
28,2336,0.013899194
28,2368,0.013823772
28,2400,0.013810133
28,2432,0.01385403
28,2464,0.013839569
28,2496,0.013792641
28,2528,0.013815082
28,2560,0.013801493
28,2592,0.013853683
28,2624,0.01375223
28,2656,0.013884681
28,2688,0.013828547
28,2720,0.013863646
28,2752,0.013794959
28,2784,0.013808151
28,2816,0.013849833
28,2848,0.013803794
28,2880,0.013870451
28,2912,0.01385496
28,2944,0.01383738
28,2976,0.013810069
28,3008,0.013807121
28,3040,0.013804312
28,3072,0.013798808
28,3104,0.013811184
28,3136,0.014181349
28,3168,0.014907637
28,3200,0.014816873
28,3232,0.014811176
28,3264,0.0146838445
28,3296,0.014700724
28,3328,0.0146285985
28,3360,0.014627691
28,3392,0.0146430945
28,3424,0.014521767
28,3456,0.014558934
28,3488,0.014519833
28,3520,0.014484652
28,3552,0.014530733
28,3584,0.01451866
28,3616,0.014361192
28,3648,0.0143841
28,3680,0.014443948
28,3712,0.01436292
28,3744,0.014392849
28,3776,0.014325365
28,3808,0.014353261
28,3840,0.0143028
28,3872,0.014315428
28,3904,0.014314693
28,3936,0.014254868
28,3968,0.014261669
28,4000,0.014239674
28,4032,0.014189928
28,4064,0.014239552
28,4096,0.014223825
28,4128,0.014153515
28,4160,0.014195389
28,4192,0.01416749
28,4224,0.014117638
28,4256,0.014184528
28,4288,0.014126616
28,4320,0.014133791
28,4352,0.014234989
28,4384,0.014046722
28,4416,0.014125844
28,4448,0.014059031
28,4480,0.014066241
28,4512,0.014147292
28,4544,0.014084598
28,4576,0.014104465
28,4608,0.014072221
28,4640,0.014053558
28,4672,0.014108595
28,4704,0.013999775
28,4736,0.014050355
28,4768,0.014174111
28,4800,0.014015176
28,4832,0.014069096
28,4864,0.014036791
28,4896,0.014042827
28,4928,0.01401569
28,4960,0.0140557755
28,4992,0.013981277
28,5024,0.014030168
28,5056,0.013928634
28,5088,0.013941901
28,5120,0.013980415
28,5152,0.01397695
28,5184,0.013990216
28,5216,0.01398804
28,5248,0.01398545
28,5280,0.014033931
28,5312,0.013952607
28,5344,0.013880793
28,5376,0.0140359085
28,5408,0.013938462
28,5440,0.013922144
28,5472,0.013900979
28,5504,0.013912795
28,5536,0.013936395
28,5568,0.013919237
28,5600,0.013857028
28,5632,0.013953898
28,5664,0.013954921
28,5696,0.013939352
28,5728,0.013913125
28,5760,0.014001848
28,5792,0.01384258
28,5824,0.013944701
28,5856,0.013835944
28,5888,0.013890982
28,5920,0.013842616
28,5952,0.013873955
28,5984,0.013874969
28,6016,0.013882456
28,6048,0.013896567
28,6080,0.013921359
29,0,0.013812267
29,32,0.013914248
29,64,0.013908688
29,96,0.01394896
29,128,0.013895926
29,160,0.013858962
29,192,0.013818074
29,224,0.013807533
29,256,0.013826058
29,288,0.013826121
29,320,0.013873156
29,352,0.013954592
29,384,0.013940722
29,416,0.013837634
29,448,0.0138295805
29,480,0.013831077
29,512,0.013831818
29,544,0.01380045
29,576,0.013868868
29,608,0.013794427
29,640,0.01385451
29,672,0.013835665
29,704,0.01382712
29,736,0.013860174
29,768,0.013797118
29,800,0.013856853
29,832,0.013936335
29,864,0.013845512
29,896,0.013758121
29,928,0.013831527
29,960,0.013931685
29,992,0.01380825
29,1024,0.013857135
29,1056,0.013788094
29,1088,0.013825591
29,1120,0.013844218
29,1152,0.014959007
29,1184,0.014840378
29,1216,0.014823202
29,1248,0.014792466
29,1280,0.01471105
29,1312,0.014644593
29,1344,0.014660955
29,1376,0.0146328695
29,1408,0.0145877
29,1440,0.014572015
29,1472,0.014488498
29,1504,0.014479606
29,1536,0.014423484
29,1568,0.014441195
29,1600,0.0143836
29,1632,0.014424651
29,1664,0.014350637
29,1696,0.014368253
29,1728,0.01430724
29,1760,0.014365081
29,1792,0.014360403
29,1824,0.014356068
29,1856,0.014343624
29,1888,0.01424671
29,1920,0.014205162
29,1952,0.0142355235
29,1984,0.014223012
29,2016,0.014275477
29,2048,0.014253884
29,2080,0.014273573
29,2112,0.014214263
29,2144,0.01418121
29,2176,0.014126492
29,2208,0.0141585525
29,2240,0.01416991
29,2272,0.014121439
29,2304,0.014201326
29,2336,0.014095958
29,2368,0.014152498
29,2400,0.014106958
29,2432,0.014117827
29,2464,0.014197951
29,2496,0.014156851
29,2528,0.014087665
29,2560,0.014041376
29,2592,0.014093083
29,2624,0.014021517
29,2656,0.014058847
29,2688,0.0141219655
29,2720,0.013995182
29,2752,0.014061126
29,2784,0.014116505
29,2816,0.014048037
29,2848,0.014002974
29,2880,0.013991165
29,2912,0.01404747
29,2944,0.014022232
29,2976,0.0140235685
29,3008,0.014053728
29,3040,0.014001214
29,3072,0.013990353
29,3104,0.01397896
29,3136,0.013927494
29,3168,0.014017734
29,3200,0.014025207
29,3232,0.014002702
29,3264,0.01396739
29,3296,0.013915565
29,3328,0.0139549365
29,3360,0.01403958
29,3392,0.01394782
29,3424,0.013939225
29,3456,0.013973769
29,3488,0.013919104
29,3520,0.0139845135
29,3552,0.01388102
29,3584,0.013915888
29,3616,0.013950214
29,3648,0.014007409
29,3680,0.013898988
29,3712,0.013939372
29,3744,0.013929475
29,3776,0.013887945
29,3808,0.0139493365
29,3840,0.013888477
29,3872,0.013892621
29,3904,0.0138576515
29,3936,0.013920853
29,3968,0.013900556
29,4000,0.013848683
29,4032,0.013889277
29,4064,0.013799494
29,4096,0.013866244
29,4128,0.013788871
29,4160,0.013853731
29,4192,0.0139469
29,4224,0.013918538
29,4256,0.013889497
29,4288,0.013839339
29,4320,0.013802737
29,4352,0.013890813
29,4384,0.013799126
29,4416,0.013903242
29,4448,0.013849652
29,4480,0.013827913
29,4512,0.013881639
29,4544,0.013869949
29,4576,0.0137853315
29,4608,0.013802562
29,4640,0.013866633
29,4672,0.0138435
29,4704,0.013790303
29,4736,0.0138302585
29,4768,0.013825766
29,4800,0.013836794
29,4832,0.013735785
29,4864,0.01377957
29,4896,0.013860278
29,4928,0.013859743
29,4960,0.013874213
29,4992,0.013746349
29,5024,0.013806667
29,5056,0.01381665
29,5088,0.013819215
29,5120,0.013840584
29,5152,0.013750609
29,5184,0.013757166
29,5216,0.013787085
29,5248,0.014907683
29,5280,0.014814633
29,5312,0.014795717
29,5344,0.014820128
29,5376,0.014662336
29,5408,0.0146821225
29,5440,0.01462319
29,5472,0.014648057
29,5504,0.014474493
29,5536,0.014557167
29,5568,0.014524913
29,5600,0.014475215
29,5632,0.014502619
29,5664,0.014431132
29,5696,0.014455024
29,5728,0.014410274
29,5760,0.014399545
29,5792,0.014408198
29,5824,0.014298208
29,5856,0.014322326
29,5888,0.014304649
29,5920,0.0143783
29,5952,0.014335762
29,5984,0.014277441
29,6016,0.014237495
29,6048,0.014275505
29,6080,0.014272584
30,0,0.014249224
30,32,0.014305985
30,64,0.014267784
30,96,0.0142027
30,128,0.014246992
30,160,0.014180567
30,192,0.014231517
30,224,0.014275093
30,256,0.01414773
30,288,0.01419438
30,320,0.014144411
30,352,0.014132961
30,384,0.014110306
30,416,0.014086733
30,448,0.014114593
30,480,0.014154376
30,512,0.014148146
30,544,0.0141525315
30,576,0.014157994
30,608,0.014105767
30,640,0.014107294
30,672,0.014043176
30,704,0.014004592
30,736,0.014056765
30,768,0.0140298
30,800,0.014016332
30,832,0.014085228
30,864,0.01404724
30,896,0.014080893
30,928,0.01405406
30,960,0.0140795745
30,992,0.01402636
30,1024,0.0140457265
30,1056,0.014026906
30,1088,0.013993529
30,1120,0.014092936
30,1152,0.01397986
30,1184,0.013990213
30,1216,0.013954555
30,1248,0.013977759
30,1280,0.014012805
30,1312,0.013949745
30,1344,0.014011829
30,1376,0.013970027
30,1408,0.0140043385
30,1440,0.013951967
30,1472,0.014018763
30,1504,0.01398626
30,1536,0.01393857
30,1568,0.013921848
30,1600,0.013968747
30,1632,0.013957267
30,1664,0.013925126
30,1696,0.013918689
30,1728,0.013933889
30,1760,0.013932022
30,1792,0.013923452
30,1824,0.013904865
30,1856,0.013994019
30,1888,0.013851703
30,1920,0.013913557
30,1952,0.013834842
30,1984,0.013881236
30,2016,0.013908016
30,2048,0.013945496
30,2080,0.013825167
30,2112,0.014000082
30,2144,0.013860152
30,2176,0.013919377
30,2208,0.013917859
30,2240,0.013892731
30,2272,0.013823832
30,2304,0.013870358
30,2336,0.01384386
30,2368,0.013903567
30,2400,0.0139329545
30,2432,0.013846659
30,2464,0.013848865
30,2496,0.013921935
30,2528,0.013834129
30,2560,0.013850299
30,2592,0.013928458
30,2624,0.013870943
30,2656,0.0138170095
30,2688,0.01387781
30,2720,0.013882992
30,2752,0.0139450915
30,2784,0.0138448365
30,2816,0.013812508
30,2848,0.013865179
30,2880,0.013822082
30,2912,0.013765681
30,2944,0.013840712
30,2976,0.013812245
30,3008,0.013792081
30,3040,0.013831405
30,3072,0.01380651
30,3104,0.013862758
30,3136,0.01378688
30,3168,0.013817785
30,3200,0.013834587
30,3232,0.0147089865
30,3264,0.014833745
30,3296,0.014876466
30,3328,0.014804686
30,3360,0.014765204
30,3392,0.014693697
30,3424,0.014584711
30,3456,0.014595327
30,3488,0.014528749
30,3520,0.014602778
30,3552,0.014533501
30,3584,0.014525661
30,3616,0.014539762
30,3648,0.014434619
30,3680,0.014448264
30,3712,0.014443563
30,3744,0.014408432
30,3776,0.014353004
30,3808,0.014372655
30,3840,0.01432031
30,3872,0.014330249
30,3904,0.014332144
30,3936,0.01436328
30,3968,0.014284076
30,4000,0.014257437
30,4032,0.014347234
30,4064,0.014289115
30,4096,0.014239556
30,4128,0.014262399
30,4160,0.014169084
30,4192,0.014244147
30,4224,0.014211726
30,4256,0.014214756
30,4288,0.014213942
30,4320,0.014122605
30,4352,0.014180937
30,4384,0.014278901
30,4416,0.014195528
30,4448,0.01412399
30,4480,0.014143407
30,4512,0.01410134
30,4544,0.014106355
30,4576,0.014128047
30,4608,0.014067341
30,4640,0.0140579445
30,4672,0.01410347
30,4704,0.01410009
30,4736,0.014093516
30,4768,0.014083154
30,4800,0.014163626
30,4832,0.014014935
30,4864,0.014081507
30,4896,0.014043574
30,4928,0.01411747
30,4960,0.014052878
30,4992,0.01410121
30,5024,0.014024901
30,5056,0.014076402
30,5088,0.013969282
30,5120,0.014054262
30,5152,0.014009463
30,5184,0.013989918
30,5216,0.013999074
30,5248,0.014025643
30,5280,0.013944545
30,5312,0.013983838
30,5344,0.014002479
30,5376,0.013982426
30,5408,0.014020314
30,5440,0.013984789
30,5472,0.013952054
30,5504,0.013961396
30,5536,0.013970839
30,5568,0.013994785
30,5600,0.014010189
30,5632,0.01391198
30,5664,0.013921157
30,5696,0.013979318
30,5728,0.013978346
30,5760,0.013920312
30,5792,0.013939429
30,5824,0.013932797
30,5856,0.0139241805
30,5888,0.01395762
30,5920,0.0139493765
30,5952,0.01388308
30,5984,0.013938687
30,6016,0.013923015
30,6048,0.013895838
30,6080,0.013951412
31,0,0.013853189
31,32,0.013886631
31,64,0.013921991
31,96,0.013989631
31,128,0.013981717
31,160,0.01400133
31,192,0.013885402
31,224,0.013929793
31,256,0.013962804
31,288,0.013923627
31,320,0.013856294
31,352,0.013877884
31,384,0.013893505
31,416,0.013925685
31,448,0.013893648
31,480,0.0138497995
31,512,0.013907928
31,544,0.013853954
31,576,0.013815607
31,608,0.013902141
31,640,0.013857706
31,672,0.013936389
31,704,0.013938403
31,736,0.013869412
31,768,0.01385286
31,800,0.013892791
31,832,0.013949401
31,864,0.013873362
31,896,0.013859592
31,928,0.013825193
31,960,0.013847289
31,992,0.013897252
31,1024,0.013793022
31,1056,0.013879135
31,1088,0.013847991
31,1120,0.013905363
31,1152,0.013888889
31,1184,0.013861892
31,1216,0.014472274
31,1248,0.014959187
31,1280,0.014846124
31,1312,0.014843765
31,1344,0.014768776
31,1376,0.014717846
31,1408,0.014737589
31,1440,0.014613603
31,1472,0.014633176
31,1504,0.014631795
31,1536,0.014606809
31,1568,0.01452424
31,1600,0.014535169
31,1632,0.014491951
31,1664,0.014489344
31,1696,0.014475606
31,1728,0.014443528
31,1760,0.014416173
31,1792,0.014475715
31,1824,0.014418332
31,1856,0.014381708
31,1888,0.0144290235
31,1920,0.014338531
31,1952,0.014334199
31,1984,0.014321841
31,2016,0.014255884
31,2048,0.014240834
31,2080,0.014327219
31,2112,0.014250748
31,2144,0.014303906
31,2176,0.01418954
31,2208,0.014213754
31,2240,0.014243715
31,2272,0.014247693
31,2304,0.01420137
31,2336,0.014154756
31,2368,0.014314127
31,2400,0.0142885
31,2432,0.014220185
31,2464,0.014182486
31,2496,0.014126152
31,2528,0.014177489
31,2560,0.0141695095
31,2592,0.014088788
31,2624,0.014144741
31,2656,0.014114343
31,2688,0.0141116055
31,2720,0.014052243
31,2752,0.014086407
31,2784,0.014153311
31,2816,0.0141781755
31,2848,0.014157834
31,2880,0.014152211
31,2912,0.014089663
31,2944,0.014073546
31,2976,0.014022533
31,3008,0.0141155375
31,3040,0.014029465
31,3072,0.014077594
31,3104,0.014049108
31,3136,0.014079887
31,3168,0.014020696
31,3200,0.014026263
31,3232,0.014039679
31,3264,0.013975972
31,3296,0.014029123
31,3328,0.014034372
31,3360,0.013936602
31,3392,0.014091545
31,3424,0.013995506
31,3456,0.014013786
31,3488,0.013963107
31,3520,0.013979486
31,3552,0.014071672
31,3584,0.014024945
31,3616,0.013998244
31,3648,0.014046835
31,3680,0.013970993
31,3712,0.013990285
31,3744,0.01401248
31,3776,0.013974796
31,3808,0.013941289
31,3840,0.013993465
31,3872,0.014018169
31,3904,0.01391509
31,3936,0.013965565
31,3968,0.013925111
31,4000,0.014018738
31,4032,0.0139620425
31,4064,0.013916676
31,4096,0.01388418
31,4128,0.013913526
31,4160,0.013899921
31,4192,0.013927751
31,4224,0.013879903
31,4256,0.013944425
31,4288,0.013928161
31,4320,0.01381633
31,4352,0.01397303
31,4384,0.013907658
31,4416,0.01381566
31,4448,0.013857482
31,4480,0.013916476
31,4512,0.013914082
31,4544,0.013914774
31,4576,0.0138647705
31,4608,0.013929526
31,4640,0.013864857
31,4672,0.013917569
31,4704,0.0138476165
31,4736,0.013918888
31,4768,0.013945322
31,4800,0.013885925
31,4832,0.013868372
31,4864,0.013854186
31,4896,0.013824246
31,4928,0.013780561
31,4960,0.013848898
31,4992,0.013809346
31,5024,0.013828134
31,5056,0.013881064
31,5088,0.013851443
31,5120,0.013848875
31,5152,0.01385738
31,5184,0.013893528
31,5216,0.01386093
31,5248,0.013871633
31,5280,0.013838796
31,5312,0.014492604
31,5344,0.014967908
31,5376,0.01479219
31,5408,0.014787516
31,5440,0.014778543
31,5472,0.014746518
31,5504,0.014654568
31,5536,0.014629905
31,5568,0.014601854
31,5600,0.014531457
31,5632,0.014615176
31,5664,0.014557499
31,5696,0.014464836
31,5728,0.014456437
31,5760,0.014385767
31,5792,0.014446007
31,5824,0.014367838
31,5856,0.014394482
31,5888,0.014437042
31,5920,0.014333863
31,5952,0.014371615
31,5984,0.014293516
31,6016,0.01433601
31,6048,0.014417707
31,6080,0.014279606
32,0,0.014253766
32,32,0.01431306
32,64,0.014243865
32,96,0.0142783495
32,128,0.014269583
32,160,0.01427658
32,192,0.014232
32,224,0.014284443
32,256,0.014273948
32,288,0.014210365
32,320,0.014247124
32,352,0.0142041575
32,384,0.014244065
32,416,0.0141908545
32,448,0.0141847655
32,480,0.014151007
32,512,0.014131382
32,544,0.014162658
32,576,0.014154153
32,608,0.014116403
32,640,0.014111382
32,672,0.014217168
32,704,0.014055103
32,736,0.01408356
32,768,0.014156184
32,800,0.014080824
32,832,0.014117743
32,864,0.014052215
32,896,0.014091167
32,928,0.014063173
32,960,0.0140629485
32,992,0.014113094
32,1024,0.014129004
32,1056,0.014059148
32,1088,0.014034587
32,1120,0.01405709
32,1152,0.014029814
32,1184,0.014048956
32,1216,0.014014394
32,1248,0.013995807
32,1280,0.014111391
32,1312,0.01411598
32,1344,0.014050525
32,1376,0.0140621
32,1408,0.013975469
32,1440,0.014094141
32,1472,0.0140172355
32,1504,0.013894706
32,1536,0.014002067
32,1568,0.013974575
32,1600,0.013939157
32,1632,0.013989415
32,1664,0.013970565
32,1696,0.013957865
32,1728,0.013982857
32,1760,0.014012998
32,1792,0.013981584
32,1824,0.01396438
32,1856,0.013937708
32,1888,0.014007874
32,1920,0.013971244
32,1952,0.0139739225
32,1984,0.01395529
32,2016,0.013984306
32,2048,0.013965178
32,2080,0.01396125
32,2112,0.013919052
32,2144,0.013892234
32,2176,0.013925573
32,2208,0.013914725
32,2240,0.01398777
32,2272,0.0139398705
32,2304,0.013929044
32,2336,0.013956409
32,2368,0.013908275
32,2400,0.013956964
32,2432,0.013927076
32,2464,0.013874015
32,2496,0.013941416
32,2528,0.013923213
32,2560,0.013933204
32,2592,0.013907212
32,2624,0.01391299
32,2656,0.013945198
32,2688,0.01390066
32,2720,0.013902966
32,2752,0.013821263
32,2784,0.013843642
32,2816,0.0138572445
32,2848,0.013782526
32,2880,0.0138890715
32,2912,0.013831971
32,2944,0.013800053
32,2976,0.013854855
32,3008,0.013888825
32,3040,0.0138663985
32,3072,0.013901727
32,3104,0.013817242
32,3136,0.013870397
32,3168,0.013925206
32,3200,0.013862228
32,3232,0.013896116
32,3264,0.013890318
32,3296,0.014116548
32,3328,0.014957513
32,3360,0.014874971
32,3392,0.014884834
32,3424,0.014845543
32,3456,0.014794997
32,3488,0.014773642
32,3520,0.014662474
32,3552,0.014654785
32,3584,0.014611057
32,3616,0.014586672
32,3648,0.014627284
32,3680,0.014503121
32,3712,0.014488483
32,3744,0.01444864
32,3776,0.014490908
32,3808,0.01448722
32,3840,0.01445367
32,3872,0.014372271
32,3904,0.01442236
32,3936,0.014385102
32,3968,0.01433599
32,4000,0.014358566
32,4032,0.014338263
32,4064,0.014362259
32,4096,0.014324608
32,4128,0.014359509
32,4160,0.014351763
32,4192,0.014220217
32,4224,0.014256291
32,4256,0.014260776
32,4288,0.0142067075
32,4320,0.01425698
32,4352,0.014322611
32,4384,0.014233545
32,4416,0.014186752
32,4448,0.014207462
32,4480,0.014256201
32,4512,0.014151012
32,4544,0.014167525
32,4576,0.014124995
32,4608,0.014143472
32,4640,0.0141369905
32,4672,0.014196044
32,4704,0.014136868
32,4736,0.014131454
32,4768,0.014114793
32,4800,0.014139771
32,4832,0.01412732
32,4864,0.014128767
32,4896,0.01404911
32,4928,0.0140747065
32,4960,0.014087398
32,4992,0.014129786
32,5024,0.014041886
32,5056,0.014046595
32,5088,0.014043453
32,5120,0.014114201
32,5152,0.014117997
32,5184,0.014004867
32,5216,0.013998275
32,5248,0.013984206
32,5280,0.01399021
32,5312,0.014005886
32,5344,0.01401317
32,5376,0.014035667
32,5408,0.01400404
32,5440,0.013976138
32,5472,0.013962972
32,5504,0.013955378
32,5536,0.014030313
32,5568,0.014056656
32,5600,0.013990623
32,5632,0.014038869
32,5664,0.014087839
32,5696,0.014030691
32,5728,0.013987703
32,5760,0.013913479
32,5792,0.013999325
32,5824,0.0139485365
32,5856,0.0139593305
32,5888,0.014003161
32,5920,0.014055582
32,5952,0.013952356
32,5984,0.0140473945
32,6016,0.013930635
32,6048,0.01396738
32,6080,0.013898517
33,0,0.013961918
33,32,0.013917844
33,64,0.0139394095
33,96,0.013954798
33,128,0.0139673725
33,160,0.013948754
33,192,0.013948606
33,224,0.013974411
33,256,0.013989532
33,288,0.0139254695
33,320,0.01400761
33,352,0.013952888
33,384,0.013943902
33,416,0.013942881
33,448,0.013919918
33,480,0.013944083
33,512,0.013911563
33,544,0.013921944
33,576,0.013915103
33,608,0.013936161
33,640,0.013878348
33,672,0.013907384
33,704,0.013985419
33,736,0.013884641
33,768,0.013913521
33,800,0.013862018
33,832,0.013872611
33,864,0.013917545
33,896,0.01387755
33,928,0.0139589645
33,960,0.013964994
33,992,0.013862492
33,1024,0.013829204
33,1056,0.013883532
33,1088,0.013897587
33,1120,0.013891414
33,1152,0.013919312
33,1184,0.013978183
33,1216,0.013807614
33,1248,0.013858955
33,1280,0.013926199
33,1312,0.015065202
33,1344,0.015017183
33,1376,0.01494449
33,1408,0.014896934
33,1440,0.014776734
33,1472,0.014740695
33,1504,0.014652302
33,1536,0.014687873
33,1568,0.014633529
33,1600,0.014586141
33,1632,0.014683189
33,1664,0.014555498
33,1696,0.014549399
33,1728,0.014593191
33,1760,0.0145198675
33,1792,0.014419253
33,1824,0.014558531
33,1856,0.014425002
33,1888,0.014479569
33,1920,0.014453547
33,1952,0.0143476445
33,1984,0.01433151
33,2016,0.014353108
33,2048,0.014417586
33,2080,0.0142272655
33,2112,0.014346857
33,2144,0.014336437
33,2176,0.0143285515
33,2208,0.014252545
33,2240,0.014324373
33,2272,0.014232796
33,2304,0.014297199
33,2336,0.01425274
33,2368,0.014263828
33,2400,0.0142434435
33,2432,0.01424254
33,2464,0.014270474
33,2496,0.014269096
33,2528,0.014261066
33,2560,0.014185005
33,2592,0.014197123
33,2624,0.014184731
33,2656,0.014254443
33,2688,0.014192212
33,2720,0.014138341
33,2752,0.01413916
33,2784,0.014127388
33,2816,0.0141795
33,2848,0.014167872
33,2880,0.01411275
33,2912,0.014127885
33,2944,0.014164243
33,2976,0.014103243
33,3008,0.014114346
33,3040,0.014129381
33,3072,0.014110957
33,3104,0.01405253
33,3136,0.014065882
33,3168,0.014030923
33,3200,0.014100566
33,3232,0.014168262
33,3264,0.014038663
33,3296,0.014036328
33,3328,0.014043823
33,3360,0.014100564
33,3392,0.014042158
33,3424,0.014016765
33,3456,0.014105608
33,3488,0.014008402
33,3520,0.0140202595
33,3552,0.014037451
33,3584,0.014049028
33,3616,0.014074071
33,3648,0.013973043
33,3680,0.014039762
33,3712,0.014059753
33,3744,0.013992725
33,3776,0.0139501225
33,3808,0.013964941
33,3840,0.013974841
33,3872,0.014075412
33,3904,0.013933713
33,3936,0.013994823
33,3968,0.0139247365
33,4000,0.013949881
33,4032,0.013904722
33,4064,0.013956602
33,4096,0.013989895
33,4128,0.013906204
33,4160,0.01391325
33,4192,0.0139441
33,4224,0.014014936
33,4256,0.014036173
33,4288,0.013974843
33,4320,0.013918
33,4352,0.013943155
33,4384,0.013949064
33,4416,0.013922965
33,4448,0.013945017
33,4480,0.013940416
33,4512,0.013963402
33,4544,0.013976361
33,4576,0.013952889
33,4608,0.013996808
33,4640,0.0139402775
33,4672,0.013984301
33,4704,0.013880934
33,4736,0.013956078
33,4768,0.013905027
33,4800,0.013899772
33,4832,0.013898918
33,4864,0.01394846
33,4896,0.013858253
33,4928,0.013912905
33,4960,0.01390429
33,4992,0.013965584
33,5024,0.0139003545
33,5056,0.014011877
33,5088,0.013895404
33,5120,0.013847668
33,5152,0.013885727
33,5184,0.013884834
33,5216,0.01392624
33,5248,0.0139881
33,5280,0.013997976
33,5312,0.013833303
33,5344,0.013847391
33,5376,0.013913041
33,5408,0.015012614
33,5440,0.014996744
33,5472,0.014866913
33,5504,0.014850462
33,5536,0.014796713
33,5568,0.014687482
33,5600,0.01474051
33,5632,0.014659772
33,5664,0.014705158
33,5696,0.014641198
33,5728,0.0146147115
33,5760,0.01459509
33,5792,0.0145335635
33,5824,0.014530532
33,5856,0.014474412
33,5888,0.014525467
33,5920,0.014417022
33,5952,0.014462175
33,5984,0.014356311
33,6016,0.014413197
33,6048,0.014470141
33,6080,0.014335103
34,0,0.014309389
34,32,0.014296632
34,64,0.014396536
34,96,0.014413622
34,128,0.014331871
34,160,0.01434552
34,192,0.014335974
34,224,0.014299257
34,256,0.014262638
34,288,0.014303714
34,320,0.014305096
34,352,0.014259589
34,384,0.014228056
34,416,0.0143188145
34,448,0.014286852
34,480,0.014180972
34,512,0.014198688
34,544,0.014148087
34,576,0.01426143
34,608,0.014142564
34,640,0.014212892
34,672,0.014155041
34,704,0.014180364
34,736,0.014254939
34,768,0.014213997
34,800,0.0140832
34,832,0.014111655
34,864,0.014170762
34,896,0.01418222
34,928,0.014185703
34,960,0.014111829
34,992,0.014196999
34,1024,0.014073186
34,1056,0.014146613
34,1088,0.014126084
34,1120,0.0140805915
34,1152,0.014060834
34,1184,0.014136555
34,1216,0.014052382
34,1248,0.0141312685
34,1280,0.014075821
34,1312,0.014047572
34,1344,0.014077829
34,1376,0.014042334
34,1408,0.014121902
34,1440,0.014047509
34,1472,0.014058185
34,1504,0.014071858
34,1536,0.014038279
34,1568,0.0139770135
34,1600,0.013963338
34,1632,0.013995403
34,1664,0.0139974
34,1696,0.0139914835
34,1728,0.014009492
34,1760,0.013996444
34,1792,0.014034102
34,1824,0.014042068
34,1856,0.014085482
34,1888,0.013963344
34,1920,0.014057808
34,1952,0.014037124
34,1984,0.014001159
34,2016,0.013980775
34,2048,0.014011176
34,2080,0.013977849
34,2112,0.014005084
34,2144,0.013934908
34,2176,0.013929053
34,2208,0.013921078
34,2240,0.013945836
34,2272,0.014052556
34,2304,0.013880177
34,2336,0.013936162
34,2368,0.013973735
34,2400,0.01399712
34,2432,0.014009167
34,2464,0.013978207
34,2496,0.013929619
34,2528,0.013876567
34,2560,0.013891654
34,2592,0.014004666
34,2624,0.013873146
34,2656,0.0139180105
34,2688,0.013935739
34,2720,0.0138835395
34,2752,0.013917701
34,2784,0.013909859
34,2816,0.013974109
34,2848,0.013991834
34,2880,0.013908396
34,2912,0.013914317
34,2944,0.013926803
34,2976,0.013915138
34,3008,0.013938704
34,3040,0.013986967
34,3072,0.013889523
34,3104,0.013906657
34,3136,0.013880634
34,3168,0.013889743
34,3200,0.013918754
34,3232,0.013923879
34,3264,0.0138522405
34,3296,0.013833727
34,3328,0.013900954
34,3360,0.013879672
34,3392,0.014787108
34,3424,0.014977355
34,3456,0.014955877
34,3488,0.014891634
34,3520,0.014822494
34,3552,0.014713931
34,3584,0.014788978
34,3616,0.0146978265
34,3648,0.01456322
34,3680,0.014667087
34,3712,0.014575245
34,3744,0.014656826
34,3776,0.014565699
34,3808,0.0144705735
34,3840,0.01453974
34,3872,0.014479477
34,3904,0.014441713
34,3936,0.014469977
34,3968,0.0144608095
34,4000,0.014411041
34,4032,0.014403347
34,4064,0.014345967
34,4096,0.014404867
34,4128,0.014328531
34,4160,0.014358322
34,4192,0.014347819
34,4224,0.014423413
34,4256,0.0143597545
34,4288,0.0143768685
34,4320,0.014225667
34,4352,0.014258101
34,4384,0.014375115
34,4416,0.014245539
34,4448,0.014280193
34,4480,0.014236983
34,4512,0.014283022
34,4544,0.01416039
34,4576,0.014259362
34,4608,0.014202376
34,4640,0.014169586
34,4672,0.014173605
34,4704,0.014234052
34,4736,0.014218139
34,4768,0.01424481
34,4800,0.014175608
34,4832,0.014146481
34,4864,0.014161093
34,4896,0.014118058
34,4928,0.01417467
34,4960,0.014142567
34,4992,0.014178523
34,5024,0.014178331
34,5056,0.014148407
34,5088,0.014087051
34,5120,0.014120639
34,5152,0.014084017
34,5184,0.014086087
34,5216,0.014167632
34,5248,0.014117201
34,5280,0.014114784
34,5312,0.0140594505
34,5344,0.01408394
34,5376,0.014118562
34,5408,0.014039418
34,5440,0.014039447
34,5472,0.014080135
34,5504,0.014010251
34,5536,0.014060623
34,5568,0.014081626
34,5600,0.014029769
34,5632,0.014103891
34,5664,0.014076667
34,5696,0.014042799
34,5728,0.014014429
34,5760,0.014039952
34,5792,0.014019973
34,5824,0.014051816
34,5856,0.014024994
34,5888,0.013988592
34,5920,0.013990609
34,5952,0.013982823
34,5984,0.014024963
34,6016,0.013986365
34,6048,0.014001545
34,6080,0.013976447
35,0,0.013984001
35,32,0.014009013
35,64,0.013969976
35,96,0.013992757
35,128,0.013965705
35,160,0.013937185
35,192,0.014035654
35,224,0.014043915
35,256,0.014065394
35,288,0.0140720215
35,320,0.013985596
35,352,0.013964284
35,384,0.013955622
35,416,0.014003996
35,448,0.013952794
35,480,0.013948279
35,512,0.013933754
35,544,0.013963352
35,576,0.013900332
35,608,0.013980092
35,640,0.013986001
35,672,0.013954269
35,704,0.014004949
35,736,0.013989528
35,768,0.013929815
35,800,0.013963342
35,832,0.013929202
35,864,0.0139492275
35,896,0.013910225
35,928,0.013957717
35,960,0.013971009
35,992,0.013951487
35,1024,0.013900421
35,1056,0.013957554
35,1088,0.01402018
35,1120,0.013976019
35,1152,0.013937258
35,1184,0.013922604
35,1216,0.013963378
35,1248,0.013819365
35,1280,0.013915668
35,1312,0.013933273
35,1344,0.013968568
35,1376,0.014561963
35,1408,0.015055526
35,1440,0.014948565
35,1472,0.014843578
35,1504,0.014815389
35,1536,0.014805205
35,1568,0.014755185
35,1600,0.0147059
35,1632,0.014680392
35,1664,0.014687887
35,1696,0.014641476
35,1728,0.014638564
35,1760,0.01462629
35,1792,0.01461174
35,1824,0.014635514
35,1856,0.01455926
35,1888,0.0145187285
35,1920,0.014482652
35,1952,0.01449261
35,1984,0.014472307
35,2016,0.014490093
35,2048,0.014369802
35,2080,0.014376982
35,2112,0.014413483
35,2144,0.0144105535
35,2176,0.014435448
35,2208,0.014421104
35,2240,0.0143934125
35,2272,0.014317843
35,2304,0.014332543
35,2336,0.014346455
35,2368,0.014345175
35,2400,0.014297391
35,2432,0.014326912
35,2464,0.014274644
35,2496,0.014260387
35,2528,0.014256416
35,2560,0.014222026
35,2592,0.01423419
35,2624,0.014231871
35,2656,0.014268342
35,2688,0.014320532
35,2720,0.014147617
35,2752,0.014198392
35,2784,0.014221236
35,2816,0.0142362565
35,2848,0.014153222
35,2880,0.014200985
35,2912,0.014139275
35,2944,0.014080859
35,2976,0.014148738
35,3008,0.014152304
35,3040,0.014141859
35,3072,0.014173724
35,3104,0.014193019
35,3136,0.014189686
35,3168,0.014138524
35,3200,0.014114408
35,3232,0.014138495
35,3264,0.014122184
35,3296,0.014079606
35,3328,0.014080093
35,3360,0.014101844
35,3392,0.014179808
35,3424,0.014097796
35,3456,0.014088525
35,3488,0.014116456
35,3520,0.014138562
35,3552,0.01410926
35,3584,0.01407792
35,3616,0.014131575
35,3648,0.014075023
35,3680,0.014050718
35,3712,0.01403611
35,3744,0.01402075
35,3776,0.014037835
35,3808,0.014080417
35,3840,0.014040505
35,3872,0.014060255
35,3904,0.013952474
35,3936,0.014080791
35,3968,0.014122379
35,4000,0.014048796
35,4032,0.014053028
35,4064,0.014021362
35,4096,0.013940799
35,4128,0.014046241
35,4160,0.014021509
35,4192,0.0140235685
35,4224,0.014005329
35,4256,0.013926422
35,4288,0.014083823
35,4320,0.013986582
35,4352,0.013970539
35,4384,0.014028488
35,4416,0.013968079
35,4448,0.01394948
35,4480,0.013977496
35,4512,0.0140085695
35,4544,0.013941963
35,4576,0.013939819
35,4608,0.013937015
35,4640,0.013991903
35,4672,0.0140081765
35,4704,0.013961851
35,4736,0.014011432
35,4768,0.013895884
35,4800,0.01403672
35,4832,0.013975144
35,4864,0.013945691
35,4896,0.013899681
35,4928,0.013882214
35,4960,0.013913508
35,4992,0.01393358
35,5024,0.013969825
35,5056,0.013912421
35,5088,0.013892144
35,5120,0.013956919
35,5152,0.013926128
35,5184,0.013937134
35,5216,0.013946321
35,5248,0.013887284
35,5280,0.013888734
35,5312,0.0139636975
35,5344,0.013905058
35,5376,0.013982729
35,5408,0.0138809355
35,5440,0.013884831
35,5472,0.014521371
35,5504,0.015018673
35,5536,0.014985598
35,5568,0.014866439
35,5600,0.014879438
35,5632,0.014887213
35,5664,0.014715582
35,5696,0.014682519
35,5728,0.014754572
35,5760,0.014702793
35,5792,0.014632902
35,5824,0.014701203
35,5856,0.014538427
35,5888,0.01450252
35,5920,0.014601482
35,5952,0.014525554
35,5984,0.014477734
35,6016,0.014473308
35,6048,0.014523488
35,6080,0.014437883
36,0,0.014446923
36,32,0.0144414455
36,64,0.014448861
36,96,0.014412399
36,128,0.01445074
36,160,0.014378688
36,192,0.014334781
36,224,0.014392126
36,256,0.014344238
36,288,0.014340248
36,320,0.014310853
36,352,0.014287594
36,384,0.014328607
36,416,0.014332556
36,448,0.014280397
36,480,0.014346799
36,512,0.014199759
36,544,0.014261505
36,576,0.014325305
36,608,0.014277661
36,640,0.014274041
36,672,0.01418919
36,704,0.014156168
36,736,0.014234743
36,768,0.014186705
36,800,0.014216757
36,832,0.014283709
36,864,0.014217222
36,896,0.014256999
36,928,0.01419566
36,960,0.014225163
36,992,0.014185577
36,1024,0.014237088
36,1056,0.014121596
36,1088,0.014186845
36,1120,0.014203054
36,1152,0.014153184
36,1184,0.014133737
36,1216,0.014191681
36,1248,0.01408925
36,1280,0.014124295
36,1312,0.014084205
36,1344,0.014155482
36,1376,0.014137159
36,1408,0.014139134
36,1440,0.014147711
36,1472,0.0140689835
36,1504,0.01403828
36,1536,0.014094677
36,1568,0.014095155
36,1600,0.014013876
36,1632,0.014075152
36,1664,0.014059532
36,1696,0.014119954
36,1728,0.014040185
36,1760,0.014140167
36,1792,0.014050178
36,1824,0.014010266
36,1856,0.014033276
36,1888,0.014057621
36,1920,0.014046478
36,1952,0.014011926
36,1984,0.014041671
36,2016,0.013978027
36,2048,0.014049744
36,2080,0.013991964
36,2112,0.01403564
36,2144,0.014004503
36,2176,0.0140277175
36,2208,0.0139964605
36,2240,0.014008189
36,2272,0.01400394
36,2304,0.014023921
36,2336,0.0139721045
36,2368,0.014018107
36,2400,0.013970993
36,2432,0.013974048
36,2464,0.013954049
36,2496,0.013987397
36,2528,0.013980447
36,2560,0.014000193
36,2592,0.013964203
36,2624,0.013996139
36,2656,0.013982016
36,2688,0.01388284
36,2720,0.013941797
36,2752,0.013944049
36,2784,0.013921563
36,2816,0.013954444
36,2848,0.01395907
36,2880,0.013941139
36,2912,0.014017145
36,2944,0.013951168
36,2976,0.013938058
36,3008,0.013972915
36,3040,0.0139801325
36,3072,0.014018503
36,3104,0.013909859
36,3136,0.013866209
36,3168,0.013935355
36,3200,0.013963147
36,3232,0.013895191
36,3264,0.0139564015
36,3296,0.013961495
36,3328,0.013946727
36,3360,0.013967443
36,3392,0.013941764
36,3424,0.013940037
36,3456,0.014253789
36,3488,0.015127122
36,3520,0.014991838
36,3552,0.014991125
36,3584,0.014888323
36,3616,0.014840788
36,3648,0.014813104
36,3680,0.014768007
36,3712,0.014701817
36,3744,0.01472279
36,3776,0.014741897
36,3808,0.014665212
36,3840,0.01463153
36,3872,0.01458251
36,3904,0.014603515
36,3936,0.014512777
36,3968,0.014520473
36,4000,0.014593522
36,4032,0.014541357
36,4064,0.014516351
36,4096,0.01455618
36,4128,0.014463244
36,4160,0.014510482
36,4192,0.014412466
36,4224,0.014462299
36,4256,0.014421838
36,4288,0.014417293
36,4320,0.014398344
36,4352,0.014396754
36,4384,0.01442515
36,4416,0.01439089
36,4448,0.014303811
36,4480,0.014299172
36,4512,0.014299191
36,4544,0.014381026
36,4576,0.014287278
36,4608,0.014186451
36,4640,0.014316025
36,4672,0.014260935
36,4704,0.0143460035
36,4736,0.014282731
36,4768,0.014225516
36,4800,0.014293375
36,4832,0.0142935915
36,4864,0.01426351
36,4896,0.014224971
36,4928,0.014202346
36,4960,0.014254015
36,4992,0.014269768
36,5024,0.014222061
36,5056,0.014250572
36,5088,0.014192558
36,5120,0.014220403
36,5152,0.014150277
36,5184,0.014182689
36,5216,0.014114722
36,5248,0.014163378
36,5280,0.01412206
36,5312,0.014203879
36,5344,0.014142258
36,5376,0.014124078
36,5408,0.014101909
36,5440,0.014202155
36,5472,0.0141463615
36,5504,0.014144645
36,5536,0.01416484
36,5568,0.01407463
36,5600,0.014107791
36,5632,0.014076161
36,5664,0.014032106
36,5696,0.014187972
36,5728,0.014007594
36,5760,0.014071033
36,5792,0.014078389
36,5824,0.014071726
36,5856,0.014079802
36,5888,0.014075083
36,5920,0.014048338
36,5952,0.014007341
36,5984,0.014119878
36,6016,0.014050486
36,6048,0.014079591
36,6080,0.014068972
37,0,0.014035318
37,32,0.014100014
37,64,0.014068208
37,96,0.014081608
37,128,0.014078924
37,160,0.014030638
37,192,0.014036142
37,224,0.014015882
37,256,0.0140679
37,288,0.014060044
37,320,0.014023365
37,352,0.0141272815
37,384,0.014089385
37,416,0.014068636
37,448,0.014053365
37,480,0.014006202
37,512,0.013978201
37,544,0.013988139
37,576,0.014003994
37,608,0.014004218
37,640,0.014053601
37,672,0.01409492
37,704,0.014025644
37,736,0.01406203
37,768,0.013984639
37,800,0.014027511
37,832,0.013961981
37,864,0.013995122
37,896,0.014015686
37,928,0.014016778
37,960,0.014025484
37,992,0.014041018
37,1024,0.014009469
37,1056,0.013977228
37,1088,0.013965326
37,1120,0.014033432
37,1152,0.014037742
37,1184,0.014006659
37,1216,0.013943459
37,1248,0.01396522
37,1280,0.013920801
37,1312,0.014028546
37,1344,0.014013687
37,1376,0.013942401
37,1408,0.013954457
37,1440,0.0139592765
37,1472,0.015126717
37,1504,0.015073818
37,1536,0.01504598
37,1568,0.014909044
37,1600,0.014845918
37,1632,0.014791064
37,1664,0.0147995455
37,1696,0.014768784
37,1728,0.014742592
37,1760,0.014737067
37,1792,0.01463552
37,1824,0.014682314
37,1856,0.014652258
37,1888,0.014563255
37,1920,0.014639825
37,1952,0.0146346055
37,1984,0.014558885
37,2016,0.014560369
37,2048,0.0145753175
37,2080,0.014459149
37,2112,0.014448415
37,2144,0.014521789
37,2176,0.014450139
37,2208,0.014475626
37,2240,0.014462287
37,2272,0.0144522125
37,2304,0.014363924
37,2336,0.014380466
37,2368,0.014448187
37,2400,0.0143167935
37,2432,0.014358728
37,2464,0.014349402
37,2496,0.014371936
37,2528,0.014372187
37,2560,0.014330889
37,2592,0.014370582
37,2624,0.014303688
37,2656,0.014286045
37,2688,0.014332417
37,2720,0.014255879
37,2752,0.014351775
37,2784,0.014160405
37,2816,0.014331884
37,2848,0.014265433
37,2880,0.014260396
37,2912,0.014230724
37,2944,0.014247203
37,2976,0.014276049
37,3008,0.014271716
37,3040,0.014257424
37,3072,0.014199739
37,3104,0.014208094
37,3136,0.014172377
37,3168,0.014188944
37,3200,0.014259985
37,3232,0.014228639
37,3264,0.014153063
37,3296,0.014166851
37,3328,0.014209503
37,3360,0.014138312
37,3392,0.0141257765
37,3424,0.014100046
37,3456,0.014125854
37,3488,0.014192658
37,3520,0.014165499
37,3552,0.014211033
37,3584,0.014139905
37,3616,0.014067574
37,3648,0.014148578
37,3680,0.014099372
37,3712,0.01409057
37,3744,0.014070236
37,3776,0.014048077
37,3808,0.014064914
37,3840,0.014071053
37,3872,0.014128875
37,3904,0.0141029125
37,3936,0.014083843
37,3968,0.014032749
37,4000,0.014103586
37,4032,0.014087234
37,4064,0.0139988875
37,4096,0.01412516
37,4128,0.013989236
37,4160,0.014017019
37,4192,0.014095282
37,4224,0.014038939
37,4256,0.014004809
37,4288,0.013991839
37,4320,0.014013463
37,4352,0.014031769
37,4384,0.014040145
37,4416,0.014009461
37,4448,0.014108832
37,4480,0.014076752
37,4512,0.014050025
37,4544,0.014027269
37,4576,0.014014234
37,4608,0.014004637
37,4640,0.014023242
37,4672,0.014077692
37,4704,0.013971937
37,4736,0.014022173
37,4768,0.014004705
37,4800,0.014037601
37,4832,0.014070703
37,4864,0.013981831
37,4896,0.013993259
37,4928,0.013959414
37,4960,0.013960877
37,4992,0.01394899
37,5024,0.013971763
37,5056,0.013997952
37,5088,0.013991206
37,5120,0.01399918
37,5152,0.014034605
37,5184,0.013931257
37,5216,0.0140144285
37,5248,0.014003807
37,5280,0.013973746
37,5312,0.014002032
37,5344,0.013934475
37,5376,0.013982715
37,5408,0.013972325
37,5440,0.013984393
37,5472,0.014013816
37,5504,0.0139673175
37,5536,0.013996615
37,5568,0.015123409
37,5600,0.014977647
37,5632,0.014956353
37,5664,0.01488495
37,5696,0.014874607
37,5728,0.01485053
37,5760,0.014768435
37,5792,0.014731592
37,5824,0.014661387
37,5856,0.014654821
37,5888,0.014715866
37,5920,0.01462693
37,5952,0.0146237835
37,5984,0.014551372
37,6016,0.014554554
37,6048,0.014489496
37,6080,0.014549085
38,0,0.014500023
38,32,0.014558273
38,64,0.014573834
38,96,0.014579851
38,128,0.014484185
38,160,0.014445177
38,192,0.0144552775
38,224,0.014485099
38,256,0.014464959
38,288,0.014474157
38,320,0.0143575175
38,352,0.014397982
38,384,0.014355533
38,416,0.0144352205
38,448,0.01437063
38,480,0.014389599
38,512,0.014395858
38,544,0.014295998
38,576,0.014351985
38,608,0.014361927
38,640,0.01433464
38,672,0.014280396
38,704,0.014420253
38,736,0.0142579395
38,768,0.014300378
38,800,0.014227567
38,832,0.014288293
38,864,0.014250265
38,896,0.014221018
38,928,0.014162824
38,960,0.014135721
38,992,0.014314666
38,1024,0.014203364
38,1056,0.014239819
38,1088,0.01422812
38,1120,0.014172943
38,1152,0.01411628
38,1184,0.014186857
38,1216,0.014222425
38,1248,0.014174379
38,1280,0.01415604
38,1312,0.014215792
38,1344,0.0142065035
38,1376,0.014116209
38,1408,0.014091086
38,1440,0.0142554445
38,1472,0.014112924
38,1504,0.014100208
38,1536,0.014175856
38,1568,0.014138773
38,1600,0.014132874
38,1632,0.014188279
38,1664,0.014160499
38,1696,0.014162509
38,1728,0.014077126
38,1760,0.014118259
38,1792,0.014104294
38,1824,0.014101263
38,1856,0.014119395
38,1888,0.014083292
38,1920,0.01406977
38,1952,0.014038464
38,1984,0.014018227
38,2016,0.01402809
38,2048,0.014106756
38,2080,0.014094474
38,2112,0.014030425
38,2144,0.014065725
38,2176,0.014115241
38,2208,0.014105814
38,2240,0.014089088
38,2272,0.014097624
38,2304,0.014108264
38,2336,0.014035622
38,2368,0.014014563
38,2400,0.014080244
38,2432,0.013997589
38,2464,0.014077159
38,2496,0.013986619
38,2528,0.01395081
38,2560,0.014043728
38,2592,0.014042783
38,2624,0.013995195
38,2656,0.013997133
38,2688,0.013946553
38,2720,0.013972962
38,2752,0.013998482
38,2784,0.014029182
38,2816,0.014002892
38,2848,0.014046398
38,2880,0.01402214
38,2912,0.013985493
38,2944,0.014011649
38,2976,0.013956373
38,3008,0.013956078
38,3040,0.013960526
38,3072,0.013975669
38,3104,0.01404352
38,3136,0.014034595
38,3168,0.01405277
38,3200,0.0140227955
38,3232,0.013969242
38,3264,0.013994533
38,3296,0.013925819
38,3328,0.013971166
38,3360,0.013923993
38,3392,0.014055358
38,3424,0.0139979245
38,3456,0.013983095
38,3488,0.013945288
38,3520,0.013980755
38,3552,0.014888621
38,3584,0.015078726
38,3616,0.014977902
38,3648,0.014948276
38,3680,0.014881477
38,3712,0.014873809
38,3744,0.0148406485
38,3776,0.014776443
38,3808,0.0147520425
38,3840,0.014760854
38,3872,0.014693437
38,3904,0.014689457
38,3936,0.014633796
38,3968,0.014660898
38,4000,0.014634191
38,4032,0.014566028
38,4064,0.014553049
38,4096,0.014551046
38,4128,0.014525786
38,4160,0.014505315
38,4192,0.014497114
38,4224,0.01445456
38,4256,0.014519605
38,4288,0.014475031
38,4320,0.014467899
38,4352,0.014426948
38,4384,0.014427121
38,4416,0.014409787
38,4448,0.014396962
38,4480,0.014371367
38,4512,0.0143881105
38,4544,0.014406928
38,4576,0.014331346
38,4608,0.014373532
38,4640,0.014328382
38,4672,0.014356522
38,4704,0.014319098
38,4736,0.014385631
38,4768,0.014252426
38,4800,0.014371055
38,4832,0.014295704
38,4864,0.014244881
38,4896,0.014204947
38,4928,0.014249507
38,4960,0.0143445665
38,4992,0.014282468
38,5024,0.014206339
38,5056,0.014234793
38,5088,0.014244997
38,5120,0.014211472
38,5152,0.014273262
38,5184,0.014175391
38,5216,0.014244181
38,5248,0.014181929
38,5280,0.014225114
38,5312,0.014133045
38,5344,0.01416707
38,5376,0.01419135
38,5408,0.014227827
38,5440,0.014199325
38,5472,0.014204089
38,5504,0.014184574
38,5536,0.014129804
38,5568,0.014062915
38,5600,0.014193303
38,5632,0.014144558
38,5664,0.014148553
38,5696,0.01410393
38,5728,0.014108161
38,5760,0.014083397
38,5792,0.014148533
38,5824,0.014093723
38,5856,0.0141104655
38,5888,0.014160401
38,5920,0.014136739
38,5952,0.014083944
38,5984,0.014181016
38,6016,0.014114909
38,6048,0.014114207
38,6080,0.014068917
39,0,0.014099128
39,32,0.014052209
39,64,0.014114496
39,96,0.014153969
39,128,0.014082247
39,160,0.014073361
39,192,0.014054507
39,224,0.014086264
39,256,0.014108983
39,288,0.014099317
39,320,0.014053137
39,352,0.014038936
39,384,0.014066472
39,416,0.014102338
39,448,0.014047666
39,480,0.014093168
39,512,0.014099439
39,544,0.013967051
39,576,0.014002891
39,608,0.014067726
39,640,0.014057623
39,672,0.014070282
39,704,0.014106921
39,736,0.014033699
39,768,0.014020472
39,800,0.014025653
39,832,0.013962235
39,864,0.014095746
39,896,0.014018247
39,928,0.014036757
39,960,0.013958191
39,992,0.014059255
39,1024,0.013992798
39,1056,0.01402841
39,1088,0.014065053
39,1120,0.0140299685
39,1152,0.0140843745
39,1184,0.014029189
39,1216,0.014009915
39,1248,0.014007587
39,1280,0.014029334
39,1312,0.013961096
39,1344,0.01403354
39,1376,0.013974559
39,1408,0.014042172
39,1440,0.014037402
39,1472,0.013999933
39,1504,0.013988134
39,1536,0.014672306
39,1568,0.015108778
39,1600,0.015066984
39,1632,0.015030249
39,1664,0.01495919
39,1696,0.014887007
39,1728,0.014800841
39,1760,0.014788099
39,1792,0.014781568
39,1824,0.014761114
39,1856,0.0147278365
39,1888,0.014664326
39,1920,0.014657428
39,1952,0.014589184
39,1984,0.0146360565
39,2016,0.014640996
39,2048,0.014636227
39,2080,0.014598659
39,2112,0.014582255
39,2144,0.014542954
39,2176,0.014488203
39,2208,0.014524865
39,2240,0.014500291
39,2272,0.01456284
39,2304,0.014499275
39,2336,0.014499829
39,2368,0.014468402
39,2400,0.01448606
39,2432,0.014412164
39,2464,0.014423053
39,2496,0.0144483885
39,2528,0.014406081
39,2560,0.014334508
39,2592,0.014392527
39,2624,0.014380455
39,2656,0.014316726
39,2688,0.014361512
39,2720,0.01432496
39,2752,0.014346351
39,2784,0.014339793
39,2816,0.014336567
39,2848,0.014357919
39,2880,0.014277494
39,2912,0.014329652
39,2944,0.014287491
39,2976,0.014293092
39,3008,0.014286976
39,3040,0.01431049
39,3072,0.014240568
39,3104,0.014248229
39,3136,0.014253123
39,3168,0.014203891
39,3200,0.014281336
39,3232,0.014221029
39,3264,0.014224094
39,3296,0.014203166
39,3328,0.014234005
39,3360,0.014192026
39,3392,0.014170892
39,3424,0.014137911
39,3456,0.014229442
39,3488,0.014183473
39,3520,0.014177134
39,3552,0.01419726
39,3584,0.014187356
39,3616,0.014126643
39,3648,0.014190957
39,3680,0.014174705
39,3712,0.014145614
39,3744,0.014108025
39,3776,0.014149247
39,3808,0.014126393
39,3840,0.014193234
39,3872,0.014167552
39,3904,0.014171332
39,3936,0.014094968
39,3968,0.014066182
39,4000,0.0141273085
39,4032,0.0141575355
39,4064,0.014073499
39,4096,0.014176364
39,4128,0.014146179
39,4160,0.014126941
39,4192,0.014053749
39,4224,0.014133716
39,4256,0.014101346
39,4288,0.014083984
39,4320,0.014007856
39,4352,0.014081882
39,4384,0.014084441
39,4416,0.014074231
39,4448,0.01415086
39,4480,0.014062947
39,4512,0.014132151
39,4544,0.014071978
39,4576,0.014104883
39,4608,0.014018919
39,4640,0.014104667
39,4672,0.014095907
39,4704,0.014034602
39,4736,0.01408454
39,4768,0.014091148
39,4800,0.014057609
39,4832,0.013934295
39,4864,0.014133471
39,4896,0.014049731
39,4928,0.014100919
39,4960,0.013968384
39,4992,0.014004252
39,5024,0.014078579
39,5056,0.01402752
39,5088,0.013987881
39,5120,0.014005734
39,5152,0.014043295
39,5184,0.014060075
39,5216,0.013963949
39,5248,0.014039634
39,5280,0.01397959
39,5312,0.014029152
39,5344,0.014017461
39,5376,0.014053638
39,5408,0.013924826
39,5440,0.014054262
39,5472,0.013982604
39,5504,0.014057865
39,5536,0.013986595
39,5568,0.014014361
39,5600,0.014046543
39,5632,0.014695069
39,5664,0.015108362
39,5696,0.015055813
39,5728,0.014969611
39,5760,0.014997535
39,5792,0.014935588
39,5824,0.014919358
39,5856,0.014779682
39,5888,0.014772491
39,5920,0.014754768
39,5952,0.014718205
39,5984,0.014685613
39,6016,0.014726198
39,6048,0.014659264
39,6080,0.014618073
40,0,0.014656895
40,32,0.014659778
40,64,0.014557434
40,96,0.014529451
40,128,0.014514983
40,160,0.014615776
40,192,0.014535907
40,224,0.014540434
40,256,0.014521701
40,288,0.014519124
40,320,0.014496101
40,352,0.014499682
40,384,0.01453369
40,416,0.014487242
40,448,0.014503364
40,480,0.014393333
40,512,0.014336825
40,544,0.014441509
40,576,0.014410291
40,608,0.014415782
40,640,0.014423092
40,672,0.0143371355
40,704,0.014324218
40,736,0.014345069
40,768,0.014419101
40,800,0.0143956505
40,832,0.014374821
40,864,0.014379027
40,896,0.014296532
40,928,0.014315272
40,960,0.01430622
40,992,0.014228571
40,1024,0.014317721
40,1056,0.014260925
40,1088,0.014294416
40,1120,0.014297019
40,1152,0.014325507
40,1184,0.014307816
40,1216,0.014271472
40,1248,0.014226913
40,1280,0.014262336
40,1312,0.014231341
40,1344,0.0141846575
40,1376,0.01424076
40,1408,0.014187757
40,1440,0.014225569
40,1472,0.014252112
40,1504,0.014242938
40,1536,0.01418933
40,1568,0.014282434
40,1600,0.014177558
40,1632,0.014233677
40,1664,0.014184511
40,1696,0.014184094
40,1728,0.014176801
40,1760,0.014147462
40,1792,0.014254163
40,1824,0.01415594
40,1856,0.014109539
40,1888,0.01414733
40,1920,0.014227573
40,1952,0.0142474305
40,1984,0.014167756
40,2016,0.01411553
40,2048,0.014136195
40,2080,0.014110026
40,2112,0.0140376305
40,2144,0.0141867455
40,2176,0.014154785
40,2208,0.014115659
40,2240,0.014107548
40,2272,0.014194147
40,2304,0.014133294
40,2336,0.014083958
40,2368,0.014137169
40,2400,0.014099499
40,2432,0.0141179
40,2464,0.014163915
40,2496,0.014124266
40,2528,0.014099546
40,2560,0.014094897
40,2592,0.01408697
40,2624,0.014030196
40,2656,0.014063073
40,2688,0.014046625
40,2720,0.014084805
40,2752,0.014090798
40,2784,0.014054874
40,2816,0.014079362
40,2848,0.014102428
40,2880,0.014096571
40,2912,0.013996468
40,2944,0.014071015
40,2976,0.01401467
40,3008,0.01406298
40,3040,0.013983127
40,3072,0.014019644
40,3104,0.014099527
40,3136,0.014123719
40,3168,0.014066411
40,3200,0.014090687
40,3232,0.014047259
40,3264,0.014065405
40,3296,0.0141080795
40,3328,0.014023182
40,3360,0.014050534
40,3392,0.014056529
40,3424,0.013986821
40,3456,0.014042515
40,3488,0.013994512
40,3520,0.014050027
40,3552,0.014056742
40,3584,0.013978524
40,3616,0.014416219
40,3648,0.015099843
40,3680,0.01500147
40,3712,0.015071446
40,3744,0.014905409
40,3776,0.014913441
40,3808,0.014790671
40,3840,0.01480122
40,3872,0.014724324
40,3904,0.014809251
40,3936,0.01478414
40,3968,0.014650774
40,4000,0.014728395
40,4032,0.014663753
40,4064,0.014625623
40,4096,0.01463003
40,4128,0.014628965
40,4160,0.01454809
40,4192,0.014524531
40,4224,0.014578359
40,4256,0.014555295
40,4288,0.014564638
40,4320,0.014518156
40,4352,0.01447037
40,4384,0.014493745
40,4416,0.014468377
40,4448,0.014488127
40,4480,0.014455306
40,4512,0.014463856
40,4544,0.01441427
40,4576,0.014416382
40,4608,0.014472147
40,4640,0.014388883
40,4672,0.014455374
40,4704,0.014422603
40,4736,0.01439248
40,4768,0.01446597
40,4800,0.014303605
40,4832,0.014374181
40,4864,0.014260478
40,4896,0.014341993
40,4928,0.014347754
40,4960,0.0142805865
40,4992,0.014307687
40,5024,0.014265652
40,5056,0.014357674
40,5088,0.0142500345
40,5120,0.014300554
40,5152,0.014268015
40,5184,0.014233413
40,5216,0.014259421
40,5248,0.014243712
40,5280,0.014190048
40,5312,0.01416718
40,5344,0.014257598
40,5376,0.014273526
40,5408,0.014264318
40,5440,0.014204628
40,5472,0.014244792
40,5504,0.014213906
40,5536,0.014222694
40,5568,0.0142462
40,5600,0.014162736
40,5632,0.014133508
40,5664,0.014088993
40,5696,0.01419966
40,5728,0.014129787
40,5760,0.014178002
40,5792,0.014216337
40,5824,0.01420879
40,5856,0.014187392
40,5888,0.01416063
40,5920,0.014151073
40,5952,0.014080466
40,5984,0.014141569
40,6016,0.014142497
40,6048,0.014126757
40,6080,0.0141637055
41,0,0.014173781
41,32,0.014086225
41,64,0.014135474
41,96,0.014132434
41,128,0.014172242
41,160,0.014128548
41,192,0.014164278
41,224,0.014084738
41,256,0.014086987
41,288,0.014157999
41,320,0.014066539
41,352,0.014145341
41,384,0.014129101
41,416,0.014113552
41,448,0.014072647
41,480,0.014063944
41,512,0.014137582
41,544,0.014092364
41,576,0.014068564
41,608,0.014069641
41,640,0.01413315
41,672,0.014034856
41,704,0.014093352
41,736,0.014043966
41,768,0.014077427
41,800,0.014021336
41,832,0.0140997525
41,864,0.014079332
41,896,0.01403769
41,928,0.014037138
41,960,0.014022437
41,992,0.014149827
41,1024,0.014069022
41,1056,0.013975479
41,1088,0.014087499
41,1120,0.014047818
41,1152,0.014033666
41,1184,0.014085865
41,1216,0.014023521
41,1248,0.014012486
41,1280,0.014020691
41,1312,0.014058004
41,1344,0.014111551
41,1376,0.013989376
41,1408,0.01407156
41,1440,0.013963984
41,1472,0.0140228495
41,1504,0.014011853
41,1536,0.014056761
41,1568,0.013997856
41,1600,0.014044919
41,1632,0.015311707
41,1664,0.015144873
41,1696,0.015113568
41,1728,0.014988005
41,1760,0.014998873
41,1792,0.014913683
41,1824,0.0149317365
41,1856,0.0149005465
41,1888,0.014848704
41,1920,0.014746273
41,1952,0.014808045
41,1984,0.014759696
41,2016,0.014720334
41,2048,0.0146781765
41,2080,0.01462824
41,2112,0.014723234
41,2144,0.014582207
41,2176,0.014577537
41,2208,0.01465636
41,2240,0.014572458
41,2272,0.014606405
41,2304,0.014580268
41,2336,0.014616877
41,2368,0.014540952
41,2400,0.0145176165
41,2432,0.01446393
41,2464,0.014566823
41,2496,0.014500895
41,2528,0.014496167
41,2560,0.014518209
41,2592,0.014478766
41,2624,0.014450953
41,2656,0.014457872
41,2688,0.014442093
41,2720,0.014455134
41,2752,0.014439767
41,2784,0.01436109
41,2816,0.014375905
41,2848,0.014413562
41,2880,0.014386226
41,2912,0.014328489
41,2944,0.014381959
41,2976,0.01430361
41,3008,0.014318605
41,3040,0.014350081
41,3072,0.014357989
41,3104,0.014286947
41,3136,0.014324361
41,3168,0.014301494
41,3200,0.014425814
41,3232,0.014300155
41,3264,0.014322445
41,3296,0.014336632
41,3328,0.01429743
41,3360,0.0142474035
41,3392,0.014329049
41,3424,0.014284504
41,3456,0.014315871
41,3488,0.014185473
41,3520,0.014301887
41,3552,0.014262737
41,3584,0.014237613
41,3616,0.014181037
41,3648,0.014224995
41,3680,0.014309392
41,3712,0.014290499
41,3744,0.01421439
41,3776,0.014267121
41,3808,0.014224453
41,3840,0.014164638
41,3872,0.014187658
41,3904,0.014203473
41,3936,0.014164563
41,3968,0.014180332
41,4000,0.014130294
41,4032,0.014204764
41,4064,0.014184501
41,4096,0.014231289
41,4128,0.014215706
41,4160,0.014186482
41,4192,0.014163442
41,4224,0.014175894
41,4256,0.014076909
41,4288,0.0141980145
41,4320,0.01405406
41,4352,0.0141596
41,4384,0.014182058
41,4416,0.014093888
41,4448,0.014088196
41,4480,0.014174453
41,4512,0.014179705
41,4544,0.014121374
41,4576,0.0142033445
41,4608,0.014129329
41,4640,0.014170926
41,4672,0.014041075
41,4704,0.01410998
41,4736,0.0141206775
41,4768,0.014164036
41,4800,0.014066866
41,4832,0.014095731
41,4864,0.014092068
41,4896,0.014102362
41,4928,0.0140550155
41,4960,0.014096366
41,4992,0.0140634915
41,5024,0.014087677
41,5056,0.014010558
41,5088,0.014090317
41,5120,0.014098235
41,5152,0.014065103
41,5184,0.014069719
41,5216,0.014068738
41,5248,0.014065528
41,5280,0.01405609
41,5312,0.014081396
41,5344,0.014066865
41,5376,0.01402916
41,5408,0.014039113
41,5440,0.014080887
41,5472,0.014010311
41,5504,0.014020937
41,5536,0.014026436
41,5568,0.0140588395
41,5600,0.01401988
41,5632,0.01400291
41,5664,0.014121926
41,5696,0.014022762
41,5728,0.015233832
41,5760,0.015070305
41,5792,0.015095211
41,5824,0.014991829
41,5856,0.014951066
41,5888,0.01491261
41,5920,0.014928859
41,5952,0.014807948
41,5984,0.014816353
41,6016,0.014737476
41,6048,0.014723194
41,6080,0.014730574
42,0,0.014703137
42,32,0.014698365
42,64,0.014694523
42,96,0.014718442
42,128,0.014667169
42,160,0.014652293
42,192,0.014594782
42,224,0.014606132
42,256,0.014636784
42,288,0.014622419
42,320,0.014586849
42,352,0.014604398
42,384,0.0145358555
42,416,0.01456229
42,448,0.014527239
42,480,0.014476949
42,512,0.0145697305
42,544,0.014530284
42,576,0.014448901
42,608,0.014412584
42,640,0.014409477
42,672,0.014514566
42,704,0.014511261
42,736,0.014423363
42,768,0.014443352
42,800,0.014423729
42,832,0.014387272
42,864,0.014373005
42,896,0.014382557
42,928,0.014351418
42,960,0.014376887
42,992,0.014312488
42,1024,0.014341799
42,1056,0.0143382475
42,1088,0.014308836
42,1120,0.014336031
42,1152,0.014334328
42,1184,0.0142667955
42,1216,0.01432623
42,1248,0.014229129
42,1280,0.014324822
42,1312,0.014309384
42,1344,0.014264908
42,1376,0.01422623
42,1408,0.014318
42,1440,0.014205942
42,1472,0.014263283
42,1504,0.0143092815
42,1536,0.014311501
42,1568,0.014315825
42,1600,0.014249922
42,1632,0.014265247
42,1664,0.014204094
42,1696,0.01423278
42,1728,0.0142426435
42,1760,0.014209957
42,1792,0.014181243
42,1824,0.0141859595
42,1856,0.014241384
42,1888,0.014238115
42,1920,0.014150521
42,1952,0.014144974
42,1984,0.014160362
42,2016,0.014170394
42,2048,0.014191742
42,2080,0.014180541
42,2112,0.01410435
42,2144,0.014167697
42,2176,0.014111819
42,2208,0.014206826
42,2240,0.0142259775
42,2272,0.014134723
42,2304,0.01419344
42,2336,0.0142305
42,2368,0.014122414
42,2400,0.01412187
42,2432,0.014140797
42,2464,0.01412204
42,2496,0.014146981
42,2528,0.014094917
42,2560,0.014086404
42,2592,0.014134421
42,2624,0.014034174
42,2656,0.014116629
42,2688,0.01415307
42,2720,0.014158467
42,2752,0.014175664
42,2784,0.014091499
42,2816,0.014163495
42,2848,0.014171269
42,2880,0.014125044
42,2912,0.014046268
42,2944,0.014041716
42,2976,0.014106496
42,3008,0.014099557
42,3040,0.014135842
42,3072,0.014079196
42,3104,0.014123836
42,3136,0.014072945
42,3168,0.0140963895
42,3200,0.014098599
42,3232,0.014063981
42,3264,0.014107696
42,3296,0.014100249
42,3328,0.014079173
42,3360,0.014050198
42,3392,0.01404751
42,3424,0.014120016
42,3456,0.014068317
42,3488,0.0140263345
42,3520,0.014047734
42,3552,0.014089536
42,3584,0.014093682
42,3616,0.014027908
42,3648,0.014003102
42,3680,0.0140580805
42,3712,0.015039001
42,3744,0.01522961
42,3776,0.015073923
42,3808,0.015042931
42,3840,0.014997959
42,3872,0.0149460565
42,3904,0.014927927
42,3936,0.014873156
42,3968,0.01488644
42,4000,0.014845204
42,4032,0.014830139
42,4064,0.0147800045
42,4096,0.014787261
42,4128,0.014708864
42,4160,0.014660228
42,4192,0.014689235
42,4224,0.0146565
42,4256,0.014604513
42,4288,0.014663457
42,4320,0.014634806
42,4352,0.014636323
42,4384,0.014621755
42,4416,0.0145555595
42,4448,0.014474747
42,4480,0.01460326
42,4512,0.014564993
42,4544,0.014539795
42,4576,0.014483208
42,4608,0.01450764
42,4640,0.014472672
42,4672,0.01445787
42,4704,0.01449418
42,4736,0.014477197
42,4768,0.014414544
42,4800,0.014413357
42,4832,0.014443537
42,4864,0.014408421
42,4896,0.014324139
42,4928,0.014412276
42,4960,0.014443779
42,4992,0.014357374
42,5024,0.014383342
42,5056,0.014306873
42,5088,0.014300919
42,5120,0.014349878
42,5152,0.0143710915
42,5184,0.014316591
42,5216,0.014291097
42,5248,0.014338449
42,5280,0.014379511
42,5312,0.014320099
42,5344,0.014315625
42,5376,0.014282618
42,5408,0.014334558
42,5440,0.014234243
42,5472,0.014281073
42,5504,0.0143323
42,5536,0.014230026
42,5568,0.0143162375
42,5600,0.014229437
42,5632,0.014282018
42,5664,0.014221036
42,5696,0.014278394
42,5728,0.01416548
42,5760,0.014268797
42,5792,0.014201329
42,5824,0.01430416
42,5856,0.014226863
42,5888,0.014252154
42,5920,0.014278346
42,5952,0.014242033
42,5984,0.014151977
42,6016,0.014167378
42,6048,0.0142455
42,6080,0.014231277
43,0,0.014222982
43,32,0.014185552
43,64,0.014177285
43,96,0.014167864
43,128,0.014171561
43,160,0.014286047
43,192,0.014148526
43,224,0.014189788
43,256,0.014189
43,288,0.014171458
43,320,0.014173673
43,352,0.014263601
43,384,0.014203227
43,416,0.014123662
43,448,0.014181659
43,480,0.014216063
43,512,0.014104527
43,544,0.014237052
43,576,0.014176546
43,608,0.01411923
43,640,0.014136552
43,672,0.01415319
43,704,0.014147775
43,736,0.014158584
43,768,0.014136385
43,800,0.014105238
43,832,0.014120361
43,864,0.014211831
43,896,0.01411822
43,928,0.014114806
43,960,0.014123952
43,992,0.01411396
43,1024,0.0141129475
43,1056,0.014175069
43,1088,0.014112521
43,1120,0.014075923
43,1152,0.014104098
43,1184,0.014149357
43,1216,0.014088363
43,1248,0.01413363
43,1280,0.014086127
43,1312,0.014108052
43,1344,0.014052322
43,1376,0.014061589
43,1408,0.014041944
43,1440,0.0140876
43,1472,0.014136872
43,1504,0.014071687
43,1536,0.014093713
43,1568,0.0141383605
43,1600,0.014046495
43,1632,0.014117492
43,1664,0.014065165
43,1696,0.014677497
43,1728,0.015246161
43,1760,0.015106251
43,1792,0.0150188925
43,1824,0.015061456
43,1856,0.015004538
43,1888,0.014975681
43,1920,0.014878511
43,1952,0.014922231
43,1984,0.014886961
43,2016,0.014768443
43,2048,0.014739583
43,2080,0.01482651
43,2112,0.014737107
43,2144,0.014679967
43,2176,0.01475821
43,2208,0.0146023575
43,2240,0.014660267
43,2272,0.014571262
43,2304,0.014668845
43,2336,0.014737238
43,2368,0.014536737
43,2400,0.014525589
43,2432,0.014616599
43,2464,0.014494557
43,2496,0.01458228
43,2528,0.014504738
43,2560,0.014528211
43,2592,0.014533986
43,2624,0.0144826
43,2656,0.014536304
43,2688,0.014533849
43,2720,0.014550661
43,2752,0.0144474
43,2784,0.014435681
43,2816,0.014457169
43,2848,0.014367601
43,2880,0.014437459
43,2912,0.0143763805
43,2944,0.0144328745
43,2976,0.014410964
43,3008,0.014397135
43,3040,0.014338521
43,3072,0.014402923
43,3104,0.014341481
43,3136,0.014372615
43,3168,0.014311166
43,3200,0.014326601
43,3232,0.014386131
43,3264,0.014367134
43,3296,0.014372374
43,3328,0.014300797
43,3360,0.014286102
43,3392,0.014282719
43,3424,0.014400664
43,3456,0.014276754
43,3488,0.014297318
43,3520,0.014250103
43,3552,0.014203918
43,3584,0.014245211
43,3616,0.014285561
43,3648,0.0142994905
43,3680,0.014261924
43,3712,0.014253415
43,3744,0.0142996535
43,3776,0.01421712
43,3808,0.014283749
43,3840,0.014251813
43,3872,0.014315387
43,3904,0.01429257
43,3936,0.01427524
43,3968,0.014230091
43,4000,0.014231432
43,4032,0.014193663
43,4064,0.014166799
43,4096,0.014196171
43,4128,0.014140947
43,4160,0.0142104365
43,4192,0.014203349
43,4224,0.014212633
43,4256,0.014207962
43,4288,0.014162328
43,4320,0.014178197
43,4352,0.014167434
43,4384,0.01417387
43,4416,0.014209676
43,4448,0.0141451545
43,4480,0.014194448
43,4512,0.0142111555
43,4544,0.014212238
43,4576,0.014177553
43,4608,0.014200868
43,4640,0.014145603
43,4672,0.014157727
43,4704,0.014133671
43,4736,0.01412425
43,4768,0.014164879
43,4800,0.014175657
43,4832,0.014101914
43,4864,0.014149463
43,4896,0.014060364
43,4928,0.014033297
43,4960,0.014080791
43,4992,0.014101923
43,5024,0.014107749
43,5056,0.014173255
43,5088,0.014098448
43,5120,0.014135263
43,5152,0.014168759
43,5184,0.014107318
43,5216,0.01411329
43,5248,0.014171543
43,5280,0.014130912
43,5312,0.014142805
43,5344,0.014093084
43,5376,0.01409342
43,5408,0.01410089
43,5440,0.014151134
43,5472,0.0141082825
43,5504,0.014137923
43,5536,0.014063415
43,5568,0.014109477
43,5600,0.0141034005
43,5632,0.014074619
43,5664,0.014106732
43,5696,0.014072304
43,5728,0.014074338
43,5760,0.014063409
43,5792,0.014698779
43,5824,0.015225032
43,5856,0.015096277
43,5888,0.015047721
43,5920,0.015097765
43,5952,0.014990917
43,5984,0.01494965
43,6016,0.014854742
43,6048,0.01489659
43,6080,0.014883367
44,0,0.014837007
44,32,0.014853501
44,64,0.014737941
44,96,0.014824473
44,128,0.014733783
44,160,0.014723023
44,192,0.014720963
44,224,0.014727043
44,256,0.01469775
44,288,0.014649782
44,320,0.014581579
44,352,0.014650093
44,384,0.01464523
44,416,0.014547256
44,448,0.014512716
44,480,0.0145764155
44,512,0.01461076
44,544,0.0145264575
44,576,0.014526763
44,608,0.0145087745
44,640,0.014529522
44,672,0.014580228
44,704,0.014528289
44,736,0.014499848
44,768,0.014479454
44,800,0.014439551
44,832,0.014451785
44,864,0.014475949
44,896,0.0144343395
44,928,0.014377634
44,960,0.014446452
44,992,0.014368273
44,1024,0.014430348
44,1056,0.0143938
44,1088,0.014384459
44,1120,0.014386225
44,1152,0.01437107
44,1184,0.0143920425
44,1216,0.01440074
44,1248,0.014377857
44,1280,0.014223254
44,1312,0.014385285
44,1344,0.014361216
44,1376,0.014329063
44,1408,0.014326077
44,1440,0.014282254
44,1472,0.014296463
44,1504,0.014285379
44,1536,0.01430744
44,1568,0.014315146
44,1600,0.014276863
44,1632,0.01437467
44,1664,0.014361359
44,1696,0.014279215
44,1728,0.014308312
44,1760,0.01423562
44,1792,0.014258277
44,1824,0.0142102195
44,1856,0.0142624555
44,1888,0.014290678
44,1920,0.014223295
44,1952,0.01426672
44,1984,0.014274728
44,2016,0.014262863
44,2048,0.014254587
44,2080,0.014273194
44,2112,0.014193787
44,2144,0.014362086
44,2176,0.014289672
44,2208,0.014211016
44,2240,0.014266591
44,2272,0.014222532
44,2304,0.0142579
44,2336,0.014157139
44,2368,0.014273386
44,2400,0.0142194545
44,2432,0.014203958
44,2464,0.014167844
44,2496,0.0142215695
44,2528,0.014248463
44,2560,0.014125905
44,2592,0.014210071
44,2624,0.014219617
44,2656,0.014199037
44,2688,0.014164319
44,2720,0.014128166
44,2752,0.014173856
44,2784,0.014150896
44,2816,0.014184591
44,2848,0.0141506195
44,2880,0.014175959
44,2912,0.014198237
44,2944,0.014185832
44,2976,0.014152033
44,3008,0.014110938
44,3040,0.014167177
44,3072,0.014170141
44,3104,0.01415808
44,3136,0.014148149
44,3168,0.014165101
44,3200,0.014124152
44,3232,0.014157805
44,3264,0.014218823
44,3296,0.014166348
44,3328,0.014186291
44,3360,0.014050818
44,3392,0.014124407
44,3424,0.014172664
44,3456,0.014079319
44,3488,0.014119042
44,3520,0.014116561
44,3552,0.014157973
44,3584,0.014111499
44,3616,0.014107588
44,3648,0.0140992515
44,3680,0.014086674
44,3712,0.014102997
44,3744,0.014071742
44,3776,0.014482302
44,3808,0.015227873
44,3840,0.015208696
44,3872,0.015143318
44,3904,0.015049134
44,3936,0.0149615565
44,3968,0.015020711
44,4000,0.014912838
44,4032,0.014896286
44,4064,0.01480452
44,4096,0.014809111
44,4128,0.014851709
44,4160,0.014774299
44,4192,0.014734848
44,4224,0.0147805195
44,4256,0.014689564
44,4288,0.014700554
44,4320,0.014720035
44,4352,0.014706675
44,4384,0.014622644
44,4416,0.014626608
44,4448,0.014587411
44,4480,0.01457566
44,4512,0.014599406
44,4544,0.014603358
44,4576,0.0145184705
44,4608,0.01465973
44,4640,0.014525231
44,4672,0.014569637
44,4704,0.014511904
44,4736,0.014515166
44,4768,0.014533168
44,4800,0.014479075
44,4832,0.014380759
44,4864,0.014493235
44,4896,0.014513946
44,4928,0.014439009
44,4960,0.0144098
44,4992,0.014368389
44,5024,0.014430756
44,5056,0.014419832
44,5088,0.014413659
44,5120,0.014432777
44,5152,0.014471143
44,5184,0.014364715
44,5216,0.014320461
44,5248,0.014383014
44,5280,0.014387251
44,5312,0.014400577
44,5344,0.014329984
44,5376,0.014374571
44,5408,0.014322534
44,5440,0.014385021
44,5472,0.014321269
44,5504,0.014327242
44,5536,0.0142844375
44,5568,0.014306763
44,5600,0.014345957
44,5632,0.014376224
44,5664,0.014324985
44,5696,0.014366569
44,5728,0.014246113
44,5760,0.014265764
44,5792,0.014249706
44,5824,0.014214182
44,5856,0.014266826
44,5888,0.01421773
44,5920,0.014252504
44,5952,0.014247089
44,5984,0.014283701
44,6016,0.014255405
44,6048,0.014275903
44,6080,0.014177301
45,0,0.014245021
45,32,0.014294597
45,64,0.014283637
45,96,0.014326134
45,128,0.014238669
45,160,0.014257299
45,192,0.014196294
45,224,0.014312657
45,256,0.01424108
45,288,0.014307252
45,320,0.014195924
45,352,0.014233637
45,384,0.014162413
45,416,0.014258729
45,448,0.014249145
45,480,0.014233951
45,512,0.014211845
45,544,0.014186533
45,576,0.014188438
45,608,0.014236884
45,640,0.0142545095
45,672,0.014219242
45,704,0.014183079
45,736,0.014222016
45,768,0.014202036
45,800,0.014162289
45,832,0.014153057
45,864,0.014263841
45,896,0.014186015
45,928,0.014164919
45,960,0.014234961
45,992,0.014154412
45,1024,0.014156257
45,1056,0.01413912
45,1088,0.014183446
45,1120,0.014101933
45,1152,0.014176968
45,1184,0.014139903
45,1216,0.014165937
45,1248,0.014216537
45,1280,0.0141596105
45,1312,0.014090267
45,1344,0.014126707
45,1376,0.014185549
45,1408,0.014152525
45,1440,0.01414609
45,1472,0.014182828
45,1504,0.014121194
45,1536,0.014095137
45,1568,0.014151546
45,1600,0.014146008
45,1632,0.0141355395
45,1664,0.014124252
45,1696,0.014085989
45,1728,0.014165197
45,1760,0.014155036
45,1792,0.015425984
45,1824,0.015224067
45,1856,0.015207144
45,1888,0.015173026
45,1920,0.015054996
45,1952,0.014985383
45,1984,0.014962572
45,2016,0.015020922
45,2048,0.014900749
45,2080,0.014889777
45,2112,0.01489563
45,2144,0.014834416
45,2176,0.014839328
45,2208,0.014797336
45,2240,0.014832702
45,2272,0.014821791
45,2304,0.014710073
45,2336,0.014760044
45,2368,0.014734161
45,2400,0.014676142
45,2432,0.014679645
45,2464,0.014714309
45,2496,0.014632739
45,2528,0.014625351
45,2560,0.014706458
45,2592,0.014626919
45,2624,0.014581153
45,2656,0.014615607
45,2688,0.014610615
45,2720,0.014627576
45,2752,0.014532432
45,2784,0.014605843
45,2816,0.014561705
45,2848,0.014503847
45,2880,0.014486031
45,2912,0.014528646
45,2944,0.014486389
45,2976,0.0145159
45,3008,0.014495986
45,3040,0.014488095
45,3072,0.014471728
45,3104,0.014477093
45,3136,0.014401739
45,3168,0.014479907
45,3200,0.014418161
45,3232,0.01443473
45,3264,0.014412709
45,3296,0.014434836
45,3328,0.01436478
45,3360,0.01442446
45,3392,0.014405606
45,3424,0.014402737
45,3456,0.014342926
45,3488,0.014246588
45,3520,0.014348934
45,3552,0.014359353
45,3584,0.01436783
45,3616,0.0143457325
45,3648,0.014329528
45,3680,0.014290314
45,3712,0.01429456
45,3744,0.014363496
45,3776,0.014304309
45,3808,0.014325282
45,3840,0.014330821
45,3872,0.014274964
45,3904,0.014306385
45,3936,0.01426622
45,3968,0.014293533
45,4000,0.014172404
45,4032,0.014284256
45,4064,0.014279481
45,4096,0.014264998
45,4128,0.014209145
45,4160,0.014236972
45,4192,0.014326945
45,4224,0.014343945
45,4256,0.014291619
45,4288,0.014309546
45,4320,0.014327867
45,4352,0.014297126
45,4384,0.014234387
45,4416,0.014274481
45,4448,0.014331829
45,4480,0.014247187
45,4512,0.014208743
45,4544,0.014284322
45,4576,0.014263596
45,4608,0.014240536
45,4640,0.01421232
45,4672,0.014250086
45,4704,0.014307231
45,4736,0.014170511
45,4768,0.014201912
45,4800,0.014236371
45,4832,0.014205856
45,4864,0.014205827
45,4896,0.014221275
45,4928,0.014231426
45,4960,0.01424085
45,4992,0.01422994
45,5024,0.014163512
45,5056,0.014184713
45,5088,0.014187785
45,5120,0.014154293
45,5152,0.014185811
45,5184,0.014240522
45,5216,0.014209289
45,5248,0.014196872
45,5280,0.014219082
45,5312,0.014175586
45,5344,0.014128599
45,5376,0.014139331
45,5408,0.014216505
45,5440,0.014195014
45,5472,0.014155308
45,5504,0.014127572
45,5536,0.014156482
45,5568,0.0141858775
45,5600,0.014166381
45,5632,0.014192005
45,5664,0.014102997
45,5696,0.014223674
45,5728,0.014164947
45,5760,0.014139914
45,5792,0.014152069
45,5824,0.014165529
45,5856,0.01419953
45,5888,0.015357825
45,5920,0.015326021
45,5952,0.015146418
45,5984,0.015046927
45,6016,0.015029131
45,6048,0.015016984
45,6080,0.015023393
46,0,0.014944077
46,32,0.014933959
46,64,0.014989457
46,96,0.014856588
46,128,0.014897974
46,160,0.014899168
46,192,0.0148528665
46,224,0.0147516355
46,256,0.01474591
46,288,0.014755974
46,320,0.014682805
46,352,0.014714031
46,384,0.0147402845
46,416,0.014666393
46,448,0.0146756945
46,480,0.01467661
46,512,0.014695894
46,544,0.014655933
46,576,0.014641755
46,608,0.014664996
46,640,0.014614961
46,672,0.014614741
46,704,0.0146118365
46,736,0.014595618
46,768,0.014556319
46,800,0.0145012
46,832,0.014492929
46,864,0.014455885
46,896,0.014481722
46,928,0.0144931255
46,960,0.01450287
46,992,0.014395364
46,1024,0.014500983
46,1056,0.014493071
46,1088,0.0144351255
46,1120,0.014438684
46,1152,0.014474873
46,1184,0.0143885845
46,1216,0.014428694
46,1248,0.014372761
46,1280,0.014450162
46,1312,0.0144627625
46,1344,0.014419997
46,1376,0.0144467065
46,1408,0.0143852895
46,1440,0.014363131
46,1472,0.014440217
46,1504,0.014383389
46,1536,0.014439246
46,1568,0.014347704
46,1600,0.014405379
46,1632,0.014345902
46,1664,0.014350114
46,1696,0.014369191
46,1728,0.014318007
46,1760,0.01435793
46,1792,0.01438145
46,1824,0.014367535
46,1856,0.014340489
46,1888,0.014327743
46,1920,0.014277581
46,1952,0.014336152
46,1984,0.014288204
46,2016,0.014346807
46,2048,0.014287994
46,2080,0.014276499
46,2112,0.014327296
46,2144,0.014261971
46,2176,0.014334921
46,2208,0.014242693
46,2240,0.014313817
46,2272,0.014210346
46,2304,0.0142195225
46,2336,0.014247687
46,2368,0.014242083
46,2400,0.0142393755
46,2432,0.014208582
46,2464,0.014200691
46,2496,0.014250269
46,2528,0.01425695
46,2560,0.014256796
46,2592,0.014336437
46,2624,0.014194339
46,2656,0.014306028
46,2688,0.014236486
46,2720,0.014152286
46,2752,0.014228803
46,2784,0.014212045
46,2816,0.014222718
46,2848,0.014183127
46,2880,0.014143364
46,2912,0.01421725
46,2944,0.014180422
46,2976,0.014113728
46,3008,0.014238623
46,3040,0.014249937
46,3072,0.014188102
46,3104,0.014184871
46,3136,0.0142102055
46,3168,0.014179737
46,3200,0.0141667565
46,3232,0.014168665
46,3264,0.014159713
46,3296,0.014198297
46,3328,0.014187773
46,3360,0.01415006
46,3392,0.014174679
46,3424,0.014186976
46,3456,0.014191974
46,3488,0.014238286
46,3520,0.01416557
46,3552,0.014153458
46,3584,0.0141749615
46,3616,0.01412567
46,3648,0.014178997
46,3680,0.014145761
46,3712,0.014190863
46,3744,0.014122327
46,3776,0.014125431
46,3808,0.014134851
46,3840,0.014130128
46,3872,0.015116014
46,3904,0.015281952
46,3936,0.015224161
46,3968,0.01519828
46,4000,0.015191193
46,4032,0.015081189
46,4064,0.015018919
46,4096,0.014988838
46,4128,0.01493125
46,4160,0.014883703
46,4192,0.01496332
46,4224,0.0149073
46,4256,0.01488929
46,4288,0.014772356
46,4320,0.01474958
46,4352,0.014777889
46,4384,0.014723458
46,4416,0.014745912
46,4448,0.014713847
46,4480,0.01460824
46,4512,0.014663794
46,4544,0.014621853
46,4576,0.014684139
46,4608,0.014621799
46,4640,0.01460226
46,4672,0.014650225
46,4704,0.014612575
46,4736,0.014598585
46,4768,0.014568883
46,4800,0.014612744
46,4832,0.014587316
46,4864,0.01451004
46,4896,0.014581796
46,4928,0.014564675
46,4960,0.014542871
46,4992,0.014510373
46,5024,0.014491289
46,5056,0.014474654
46,5088,0.014499353
46,5120,0.0145103205
46,5152,0.014505535
46,5184,0.014405382
46,5216,0.014496542
46,5248,0.014507429
46,5280,0.014514102
46,5312,0.014448235
46,5344,0.01442059
46,5376,0.01443646
46,5408,0.014406607
46,5440,0.014445517
46,5472,0.014484327
46,5504,0.014372007
46,5536,0.014386227
46,5568,0.014378696
46,5600,0.01434792
46,5632,0.014337933
46,5664,0.01432043
46,5696,0.014367735
46,5728,0.014427376
46,5760,0.014417789
46,5792,0.014305369
46,5824,0.014382604
46,5856,0.0143364305
46,5888,0.014364438
46,5920,0.014334075
46,5952,0.014299993
46,5984,0.014285511
46,6016,0.014322825
46,6048,0.01427977
46,6080,0.014292329
47,0,0.014347576
47,32,0.014333783
47,64,0.0143818315
47,96,0.014317601
47,128,0.014353886
47,160,0.014380086
47,192,0.014331505
47,224,0.014284833
47,256,0.014304694
47,288,0.014319098
47,320,0.014319425
47,352,0.014312736
47,384,0.01431214
47,416,0.014209941
47,448,0.014289212
47,480,0.014246563
47,512,0.014348066
47,544,0.014228839
47,576,0.014247644
47,608,0.014270457
47,640,0.0142235225
47,672,0.014326381
47,704,0.0142017165
47,736,0.014223635
47,768,0.014226302
47,800,0.014214488
47,832,0.014293581
47,864,0.014243108
47,896,0.014224149
47,928,0.014212336
47,960,0.01429545
47,992,0.014222014
47,1024,0.014236126
47,1056,0.014200776
47,1088,0.014261574
47,1120,0.014207136
47,1152,0.014276241
47,1184,0.014210204
47,1216,0.014199381
47,1248,0.014142224
47,1280,0.014222868
47,1312,0.014228057
47,1344,0.0142443925
47,1376,0.014193354
47,1408,0.014213988
47,1440,0.014193202
47,1472,0.014131882
47,1504,0.014169557
47,1536,0.01417723
47,1568,0.0141855255
47,1600,0.014192565
47,1632,0.014174426
47,1664,0.0141055435
47,1696,0.014131461
47,1728,0.014166814
47,1760,0.014194568
47,1792,0.014132091
47,1824,0.014099401
47,1856,0.014765804
47,1888,0.015357022
47,1920,0.015329538
47,1952,0.015176421
47,1984,0.015164354
47,2016,0.0150820725
47,2048,0.014987728
47,2080,0.0149619775
47,2112,0.014877002
47,2144,0.014922444
47,2176,0.014959135
47,2208,0.014900271
47,2240,0.014847441
47,2272,0.014772214
47,2304,0.014846832
47,2336,0.014828738
47,2368,0.014799788
47,2400,0.014722901
47,2432,0.014795127
47,2464,0.01469287
47,2496,0.014726024
47,2528,0.014711623
47,2560,0.014756964
47,2592,0.014583756
47,2624,0.014678556
47,2656,0.014588398
47,2688,0.014539192
47,2720,0.014627718
47,2752,0.014604928
47,2784,0.014556202
47,2816,0.014674935
47,2848,0.014575423
47,2880,0.014528106
47,2912,0.014531961
47,2944,0.014548372
47,2976,0.014554777
47,3008,0.014481181
47,3040,0.014441207
47,3072,0.01454389
47,3104,0.014457646
47,3136,0.014456859
47,3168,0.014480463
47,3200,0.014520094
47,3232,0.014467556
47,3264,0.014437589
47,3296,0.014441091
47,3328,0.014471521
47,3360,0.014422987
47,3392,0.014418782
47,3424,0.01442859
47,3456,0.014451447
47,3488,0.0144206295
47,3520,0.014441901
47,3552,0.014371299
47,3584,0.014465552
47,3616,0.014360404
47,3648,0.0144156115
47,3680,0.014359004
47,3712,0.0144441435
47,3744,0.014392862
47,3776,0.0144217145
47,3808,0.014355594
47,3840,0.014351415
47,3872,0.014328368
47,3904,0.014409057
47,3936,0.014315208
47,3968,0.014326305
47,4000,0.014272663
47,4032,0.01425841
47,4064,0.014274609
47,4096,0.014271843
47,4128,0.014324912
47,4160,0.014323143
47,4192,0.014296574
47,4224,0.014324702
47,4256,0.014284815
47,4288,0.014274819
47,4320,0.014312838
47,4352,0.014242163
47,4384,0.014270969
47,4416,0.014250276
47,4448,0.014302269
47,4480,0.014289548
47,4512,0.0142784035
47,4544,0.014237558
47,4576,0.01423928
47,4608,0.0141601125
47,4640,0.014193686
47,4672,0.014285479
47,4704,0.0141445035
47,4736,0.014224204
47,4768,0.014209044
47,4800,0.0142512275
47,4832,0.014256299
47,4864,0.014233146
47,4896,0.014171372
47,4928,0.014212906
47,4960,0.014185574
47,4992,0.014170669
47,5024,0.014160519
47,5056,0.014273734
47,5088,0.014149031
47,5120,0.0141740525
47,5152,0.0142693985
47,5184,0.014212227
47,5216,0.014194386
47,5248,0.014228685
47,5280,0.014189931
47,5312,0.014182189
47,5344,0.014174297
47,5376,0.014191554
47,5408,0.014123835
47,5440,0.01420609
47,5472,0.014181094
47,5504,0.014226322
47,5536,0.014165228
47,5568,0.014216477
47,5600,0.014107803
47,5632,0.014221962
47,5664,0.014124321
47,5696,0.014117351
47,5728,0.014121406
47,5760,0.014133935
47,5792,0.0141610615
47,5824,0.014199184
47,5856,0.014161974
47,5888,0.014174271
47,5920,0.014194058
47,5952,0.014789527
47,5984,0.015463137
47,6016,0.015277619
47,6048,0.015208613
47,6080,0.01515881
48,0,0.015100945
48,32,0.015063136
48,64,0.0150108645
48,96,0.015017638
48,128,0.014933617
48,160,0.01489386
48,192,0.015026583
48,224,0.014868857
48,256,0.014922747
48,288,0.014868126
48,320,0.014883289
48,352,0.014860988
48,384,0.014767258
48,416,0.014783826
48,448,0.014787811
48,480,0.014722282
48,512,0.014713404
48,544,0.014757174
48,576,0.014694215
48,608,0.0146911
48,640,0.0147149945
48,672,0.014641316
48,704,0.014640266
48,736,0.014660282
48,768,0.014662223
48,800,0.014635068
48,832,0.01458761
48,864,0.014620511
48,896,0.014622181
48,928,0.014557921
48,960,0.014584811
48,992,0.014575056
48,1024,0.014494547
48,1056,0.014603735
48,1088,0.014550337
48,1120,0.014555488
48,1152,0.014515061
48,1184,0.014536255
48,1216,0.01451713
48,1248,0.014474845
48,1280,0.014435858
48,1312,0.01448337
48,1344,0.01446275
48,1376,0.0144200055
48,1408,0.01449213
48,1440,0.014509656
48,1472,0.014501809
48,1504,0.01450411
48,1536,0.014526412
48,1568,0.014407147
48,1600,0.0144876
48,1632,0.014443814
48,1664,0.014443503
48,1696,0.014438711
48,1728,0.014432241
48,1760,0.0143933045
48,1792,0.014357428
48,1824,0.014366285
48,1856,0.014396063
48,1888,0.014362116
48,1920,0.014471631
48,1952,0.014356078
48,1984,0.014403338
48,2016,0.014389503
48,2048,0.014358147
48,2080,0.014351238
48,2112,0.014380334
48,2144,0.014418972
48,2176,0.014415698
48,2208,0.014296177
48,2240,0.014359391
48,2272,0.014345682
48,2304,0.014363012
48,2336,0.014353193
48,2368,0.014340801
48,2400,0.01427062
48,2432,0.014332777
48,2464,0.014419814
48,2496,0.014366378
48,2528,0.014279394
48,2560,0.014258653
48,2592,0.014292144
48,2624,0.014279431
48,2656,0.014297328
48,2688,0.0143065555
48,2720,0.014300315
48,2752,0.014301396
48,2784,0.014275104
48,2816,0.014317814
48,2848,0.014254236
48,2880,0.01430215
48,2912,0.0142867295
48,2944,0.01428061
48,2976,0.014220718
48,3008,0.014261937
48,3040,0.014285248
48,3072,0.014292988
48,3104,0.014244502
48,3136,0.014221265
48,3168,0.014247124
48,3200,0.01421642
48,3232,0.01422098
48,3264,0.014283655
48,3296,0.014196929
48,3328,0.014263238
48,3360,0.014244421
48,3392,0.014303221
48,3424,0.014188892
48,3456,0.014204825
48,3488,0.0141512975
48,3520,0.014291855
48,3552,0.014280853
48,3584,0.014265753
48,3616,0.014167663
48,3648,0.014243844
48,3680,0.014185184
48,3712,0.014250917
48,3744,0.014207091
48,3776,0.014208179
48,3808,0.014216414
48,3840,0.014234645
48,3872,0.014239934
48,3904,0.014165884
48,3936,0.014568525
48,3968,0.015414597
48,4000,0.01534604
48,4032,0.015260459
48,4064,0.015203208
48,4096,0.0151351
48,4128,0.015060181
48,4160,0.014995647
48,4192,0.015040281
48,4224,0.015016437
48,4256,0.014968022
48,4288,0.014932919
48,4320,0.014935486
48,4352,0.014889937
48,4384,0.014865562
48,4416,0.014894421
48,4448,0.014848128
48,4480,0.014775074
48,4512,0.01476636
48,4544,0.014766975
48,4576,0.014778147
48,4608,0.014773338
48,4640,0.014720454
48,4672,0.014725056
48,4704,0.0146565735
48,4736,0.014678166
48,4768,0.014672886
48,4800,0.014621204
48,4832,0.014622738
48,4864,0.0146591235
48,4896,0.014625578
48,4928,0.014647054
48,4960,0.014665645
48,4992,0.014575652
48,5024,0.014602428
48,5056,0.014588076
48,5088,0.014621671
48,5120,0.014573046
48,5152,0.014582592
48,5184,0.014637302
48,5216,0.014529825
48,5248,0.014576314
48,5280,0.014472834
48,5312,0.014458157
48,5344,0.014469475
48,5376,0.014451516
48,5408,0.014503692
48,5440,0.014510668
48,5472,0.014455149
48,5504,0.0144468965
48,5536,0.014506318
48,5568,0.014422982
48,5600,0.014500144
48,5632,0.014397303
48,5664,0.01446609
48,5696,0.014423289
48,5728,0.014446892
48,5760,0.014394477
48,5792,0.014480252
48,5824,0.014373058
48,5856,0.014403241
48,5888,0.014407004
48,5920,0.014499753
48,5952,0.014411691
48,5984,0.014433389
48,6016,0.014427801
48,6048,0.014366685
48,6080,0.014452889
49,0,0.014351654
49,32,0.014449425
49,64,0.014388844
49,96,0.014327139
49,128,0.014344347
49,160,0.014380786
49,192,0.014399431
49,224,0.014341178
49,256,0.014392847
49,288,0.014318114
49,320,0.014275142
49,352,0.014383512
49,384,0.014375027
49,416,0.01432587
49,448,0.014292529
49,480,0.014354517
49,512,0.014375142
49,544,0.014338329
49,576,0.014392196
49,608,0.01428504
49,640,0.014287914
49,672,0.014312575
49,704,0.01428316
49,736,0.014314016
49,768,0.014250607
49,800,0.014248074
49,832,0.014337694
49,864,0.01426731
49,896,0.014331331
49,928,0.014340097
49,960,0.014338679
49,992,0.014311496
49,1024,0.014269875
49,1056,0.014274861
49,1088,0.014274973
49,1120,0.014324414
49,1152,0.014294264
49,1184,0.014329492
49,1216,0.014297263
49,1248,0.0142517015
49,1280,0.0143115735
49,1312,0.014218458
49,1344,0.014308328
49,1376,0.0142736435
49,1408,0.0142607335
49,1440,0.014225905
49,1472,0.014240962
49,1504,0.014273821
49,1536,0.014205478
49,1568,0.014273117
49,1600,0.014230445
49,1632,0.0142523525
49,1664,0.0143034775
49,1696,0.014246502
49,1728,0.014170294
49,1760,0.014263552
49,1792,0.01422699
49,1824,0.014201498
49,1856,0.014233391
49,1888,0.0143045345
49,1920,0.014272685
49,1952,0.0154195875
49,1984,0.015370579
49,2016,0.015209537
49,2048,0.015153222
49,2080,0.01513213
49,2112,0.015104148
49,2144,0.015018367
49,2176,0.015033733
49,2208,0.015018987
49,2240,0.014967066
49,2272,0.014944892
49,2304,0.014938354
49,2336,0.014868348
49,2368,0.014813493
49,2400,0.014860622
49,2432,0.014778807
49,2464,0.014758067
49,2496,0.014753514
49,2528,0.014813446
49,2560,0.014719147
49,2592,0.0146838855
49,2624,0.014682659
49,2656,0.0147027
49,2688,0.014699217
49,2720,0.014772546
49,2752,0.014679751
49,2784,0.0146593265
49,2816,0.014642045
49,2848,0.014650667
49,2880,0.014687591
49,2912,0.014665793
49,2944,0.014624344
49,2976,0.014535942
49,3008,0.0146092875
49,3040,0.014660948
49,3072,0.014559134
49,3104,0.014552235
49,3136,0.014611617
49,3168,0.014523286
49,3200,0.014560756
49,3232,0.014576375
49,3264,0.014552025
49,3296,0.014546865
49,3328,0.014451504
49,3360,0.014511778
49,3392,0.014460623
49,3424,0.014451361
49,3456,0.014481872
49,3488,0.014491785
49,3520,0.014434097
49,3552,0.014496783
49,3584,0.01446103
49,3616,0.014417508
49,3648,0.014466116
49,3680,0.014421119
49,3712,0.014438888
49,3744,0.0144139435
49,3776,0.014438834
49,3808,0.014469676
49,3840,0.014405762
49,3872,0.0143787125
49,3904,0.0144021865
49,3936,0.0144321695
49,3968,0.014427881
49,4000,0.014328212
49,4032,0.01439238
49,4064,0.014374901
49,4096,0.014295397
49,4128,0.014360564
49,4160,0.01440548
49,4192,0.014338101
49,4224,0.014391105
49,4256,0.0142951
49,4288,0.014392293
49,4320,0.014357743
49,4352,0.014347354
49,4384,0.014381766
49,4416,0.014398432
49,4448,0.014313072
49,4480,0.014281996
49,4512,0.0144008435
49,4544,0.014357149
49,4576,0.014290173
49,4608,0.014331265
49,4640,0.014358907
49,4672,0.0142677715
49,4704,0.014313287
49,4736,0.014313436
49,4768,0.014276383
49,4800,0.014188869
49,4832,0.014382586
49,4864,0.014281303
49,4896,0.014308882
49,4928,0.014238081
49,4960,0.014273159
49,4992,0.014247692
49,5024,0.014264053
49,5056,0.014254324
49,5088,0.014217569
49,5120,0.014208353
49,5152,0.014239326
49,5184,0.014295305
49,5216,0.014173078
49,5248,0.014296865
49,5280,0.014206899
49,5312,0.014202019
49,5344,0.014285784
49,5376,0.014265737
49,5408,0.014283882
49,5440,0.014248629
49,5472,0.014191611
49,5504,0.014220715
49,5536,0.014238629
49,5568,0.014153477
49,5600,0.014267889
49,5632,0.014254987
49,5664,0.014230839
49,5696,0.014140306
49,5728,0.0142015405
49,5760,0.014163873
49,5792,0.014174993
49,5824,0.014193185
49,5856,0.014268204
49,5888,0.014200824
49,5920,0.014203892
49,5952,0.014203702
49,5984,0.014250516
49,6016,0.014212387
49,6048,0.0154500315
49,6080,0.015338224
50,0,0.015281402
50,32,0.015232003
50,64,0.015231174
50,96,0.015197705
50,128,0.015086774
50,160,0.015128705
50,192,0.015043668
50,224,0.015016135
50,256,0.015099321
50,288,0.014886327
50,320,0.014915404
50,352,0.014987646
50,384,0.014996301
50,416,0.014873682
50,448,0.014901395
50,480,0.014951488
50,512,0.014902587
50,544,0.014786033
50,576,0.01475403
50,608,0.014753312
50,640,0.0147928605
50,672,0.014690464
50,704,0.014696296
50,736,0.014731792
50,768,0.014705427
50,800,0.014729212
50,832,0.014777751
50,864,0.01468138
50,896,0.014682172
50,928,0.014613781
50,960,0.014728156
50,992,0.01467968
50,1024,0.01459062
50,1056,0.014629851
50,1088,0.014634959
50,1120,0.014593786
50,1152,0.01456096
50,1184,0.014531244
50,1216,0.014520578
50,1248,0.014602303
50,1280,0.014553405
50,1312,0.014533452
50,1344,0.014568341
50,1376,0.014583962
50,1408,0.014571515
50,1440,0.014447606
50,1472,0.014562767
50,1504,0.01451624
50,1536,0.014560425
50,1568,0.014463246
50,1600,0.01450982
50,1632,0.014483149
50,1664,0.014513065
50,1696,0.014433613
50,1728,0.014517544
50,1760,0.014493175
50,1792,0.014388871
50,1824,0.0144666135
50,1856,0.014410225
50,1888,0.014481846
50,1920,0.01443173
50,1952,0.01444775
50,1984,0.014435641
50,2016,0.014437964
50,2048,0.014400703
50,2080,0.014443007
50,2112,0.014386552
50,2144,0.0144368075
50,2176,0.014405184
50,2208,0.0144175785
50,2240,0.014499141
50,2272,0.014419205
50,2304,0.014361125
50,2336,0.0143101765
50,2368,0.014389691
50,2400,0.014393714
50,2432,0.014366907
50,2464,0.01450035
50,2496,0.014386078
50,2528,0.014343272
50,2560,0.014402272
50,2592,0.014322921
50,2624,0.014334059
50,2656,0.014363555
50,2688,0.0144087225
50,2720,0.014347619
50,2752,0.01432439
50,2784,0.01429912
50,2816,0.014354015
50,2848,0.014374844
50,2880,0.014243938
50,2912,0.01430263
50,2944,0.014334696
50,2976,0.014281151
50,3008,0.014386062
50,3040,0.014320379
50,3072,0.014344558
50,3104,0.014394327
50,3136,0.014271367
50,3168,0.014294621
50,3200,0.014371077
50,3232,0.014341755
50,3264,0.014379096
50,3296,0.014311543
50,3328,0.014375289
50,3360,0.014325967
50,3392,0.014302844
50,3424,0.014280501
50,3456,0.014313588
50,3488,0.014232058
50,3520,0.014245369
50,3552,0.014298447
50,3584,0.014257016
50,3616,0.0142070325
50,3648,0.014224913
50,3680,0.014297484
50,3712,0.014261115
50,3744,0.014239124
50,3776,0.014251763
50,3808,0.014283935
50,3840,0.01430128
50,3872,0.014244768
50,3904,0.014303033
50,3936,0.014248619
50,3968,0.014277594
50,4000,0.014292185
50,4032,0.015224587
50,4064,0.015375539
50,4096,0.015283783
50,4128,0.0152357295
50,4160,0.01511259
50,4192,0.015066652
50,4224,0.015170992
50,4256,0.015002593
50,4288,0.015022426
50,4320,0.015022305
50,4352,0.014997969
50,4384,0.014987789
50,4416,0.01495843
50,4448,0.01484899
50,4480,0.014941496
50,4512,0.0148648415
50,4544,0.014838116
50,4576,0.014823786
50,4608,0.0149257835
50,4640,0.0147964535
50,4672,0.014750389
50,4704,0.014840114
50,4736,0.0147390785
50,4768,0.014736703
50,4800,0.014642247
50,4832,0.014708802
50,4864,0.014706357
50,4896,0.01465686
50,4928,0.014615067
50,4960,0.014641166
50,4992,0.014671312
50,5024,0.014615694
50,5056,0.0146694165
50,5088,0.014602044
50,5120,0.014618475
50,5152,0.014577493
50,5184,0.014538488
50,5216,0.014611567
50,5248,0.014595341
50,5280,0.014636712
50,5312,0.0145309325
50,5344,0.014534738
50,5376,0.014520664
50,5408,0.014544421
50,5440,0.014446316
50,5472,0.014488611
50,5504,0.014494257
50,5536,0.014538568
50,5568,0.014482706
50,5600,0.014450264
50,5632,0.01451367
50,5664,0.014471418
50,5696,0.014429525
50,5728,0.014497226
50,5760,0.014510935
50,5792,0.014505872
50,5824,0.014434655
50,5856,0.014406158
50,5888,0.014477721
50,5920,0.014483862
50,5952,0.014509718
50,5984,0.014404298
50,6016,0.014445255
50,6048,0.014420151
50,6080,0.014421067
51,0,0.014458463
51,32,0.014384173
51,64,0.014380779
51,96,0.014426125
51,128,0.014401179
51,160,0.014433431
51,192,0.014401929
51,224,0.014446181
51,256,0.014437731
51,288,0.014385934
51,320,0.014450476
51,352,0.014396157
51,384,0.014409976
51,416,0.014489921
51,448,0.014295032
51,480,0.014434355
51,512,0.014367734
51,544,0.01442177
51,576,0.01436357
51,608,0.014405158
51,640,0.014398603
51,672,0.014386424
51,704,0.014409006
51,736,0.014315614
51,768,0.014385329
51,800,0.014314721
51,832,0.01438768
51,864,0.014392785
51,896,0.014334387
51,928,0.014386568
51,960,0.014372508
51,992,0.014422456
51,1024,0.014349779
51,1056,0.01430034
51,1088,0.014352276
51,1120,0.014297812
51,1152,0.014345968
51,1184,0.014325988
51,1216,0.014290987
51,1248,0.014348391
51,1280,0.014262184
51,1312,0.014286474
51,1344,0.014297358
51,1376,0.014338756
51,1408,0.014368985
51,1440,0.01423968
51,1472,0.014268493
51,1504,0.014272163
51,1536,0.0142579675
51,1568,0.014361408
51,1600,0.014275254
51,1632,0.014276947
51,1664,0.014307965
51,1696,0.014369091
51,1728,0.014290134
51,1760,0.014282489
51,1792,0.014347982
51,1824,0.014276908
51,1856,0.014283571
51,1888,0.014252407
51,1920,0.01429552
51,1952,0.014296642
51,1984,0.014234974
51,2016,0.014908299
51,2048,0.015389193
51,2080,0.01536472
51,2112,0.015324779
51,2144,0.015217682
51,2176,0.015164698
51,2208,0.01512259
51,2240,0.015123068
51,2272,0.015095215
51,2304,0.015032402
51,2336,0.015033453
51,2368,0.014948094
51,2400,0.015005814
51,2432,0.014923198
51,2464,0.014942062
51,2496,0.014881604
51,2528,0.014937368
51,2560,0.0149276685
51,2592,0.014836171
51,2624,0.014894108
51,2656,0.01490627
51,2688,0.014802596
51,2720,0.014708224
51,2752,0.014770369
51,2784,0.014775794
51,2816,0.014840015
51,2848,0.014715334
51,2880,0.014747029
51,2912,0.014684373
51,2944,0.014697468
51,2976,0.014702698
51,3008,0.014666477
51,3040,0.014638132
51,3072,0.014659317
51,3104,0.014676025
51,3136,0.014607662
51,3168,0.0146185225
51,3200,0.014589757
51,3232,0.014593681
51,3264,0.014529085
51,3296,0.014585703
51,3328,0.014567596
51,3360,0.014572358
51,3392,0.014582605
51,3424,0.0144971255
51,3456,0.014560756
51,3488,0.014603627
51,3520,0.014550861
51,3552,0.014460934
51,3584,0.014539689
51,3616,0.01461533
51,3648,0.014434502
51,3680,0.014525698
51,3712,0.014530114
51,3744,0.014508727
51,3776,0.014524037
51,3808,0.014554739
51,3840,0.014484784
51,3872,0.01450493
51,3904,0.014482155
51,3936,0.014476767
51,3968,0.014458703
51,4000,0.0144441
51,4032,0.014421828
51,4064,0.014449575
51,4096,0.014444725
51,4128,0.014440912
51,4160,0.014438215
51,4192,0.014499705
51,4224,0.014394362
51,4256,0.014450996
51,4288,0.01440308
51,4320,0.014426911
51,4352,0.014410272
51,4384,0.014378069
51,4416,0.01449682
51,4448,0.014400958
51,4480,0.01447879
51,4512,0.014399456
51,4544,0.014343114
51,4576,0.014364243
51,4608,0.014435633
51,4640,0.0143840285
51,4672,0.014379937
51,4704,0.014456238
51,4736,0.014412126
51,4768,0.014453983
51,4800,0.014401919
51,4832,0.014334819
51,4864,0.014346306
51,4896,0.014363548
51,4928,0.014370488
51,4960,0.014345707
51,4992,0.014322725
51,5024,0.014307284
51,5056,0.01433863
51,5088,0.0143474275
51,5120,0.014347205
51,5152,0.01430997
51,5184,0.014326998
51,5216,0.0143093495
51,5248,0.014328386
51,5280,0.014312191
51,5312,0.014290292
51,5344,0.01428438
51,5376,0.0143202245
51,5408,0.014298484
51,5440,0.0143506965
51,5472,0.01431987
51,5504,0.014298126
51,5536,0.01436226
51,5568,0.014331101
51,5600,0.014319229
51,5632,0.014324035
51,5664,0.014271529
51,5696,0.014259169
51,5728,0.014224833
51,5760,0.014215813
51,5792,0.014226894
51,5824,0.01429632
51,5856,0.01428955
51,5888,0.014289025
51,5920,0.014267127
51,5952,0.01421307
51,5984,0.01424799
51,6016,0.014259157
51,6048,0.014288206
51,6080,0.014328844
52,0,0.0147914775
52,32,0.015465877
52,64,0.015362229
52,96,0.015334389
52,128,0.015320902
52,160,0.015239725
52,192,0.015187912
52,224,0.015188749
52,256,0.0151640065
52,288,0.015048728
52,320,0.014992138
52,352,0.015003815
52,384,0.014983177
52,416,0.014917819
52,448,0.01492513
52,480,0.014886982
52,512,0.014921549
52,544,0.014879651
52,576,0.014814996
52,608,0.014853422
52,640,0.0148806805
52,672,0.014830353
52,704,0.014804132
52,736,0.014779275
52,768,0.014779131
52,800,0.014759838
52,832,0.014762484
52,864,0.014718067
52,896,0.01472171
52,928,0.014771041
52,960,0.014705938
52,992,0.014647564
52,1024,0.014652863
52,1056,0.014735365
52,1088,0.014672585
52,1120,0.014673153
52,1152,0.014656205
52,1184,0.014632121
52,1216,0.01463067
52,1248,0.0146073485
52,1280,0.014649413
52,1312,0.014583454
52,1344,0.014679021
52,1376,0.014548645
52,1408,0.014549432
52,1440,0.014647083
52,1472,0.014624125
52,1504,0.014503407
52,1536,0.01461294
52,1568,0.01455757
52,1600,0.014545554
52,1632,0.014546635
52,1664,0.014580334
52,1696,0.014620257
52,1728,0.014502184
52,1760,0.014486598
52,1792,0.0146097345
52,1824,0.01461599
52,1856,0.0144892875
52,1888,0.014499936
52,1920,0.01445884
52,1952,0.014541467
52,1984,0.014453025
52,2016,0.014457628
52,2048,0.014505861
52,2080,0.014414726
52,2112,0.014418782
52,2144,0.014517513
52,2176,0.01446206
52,2208,0.014427569
52,2240,0.014424647
52,2272,0.014442004
52,2304,0.014401323
52,2336,0.014403965
52,2368,0.014444105
52,2400,0.014416398
52,2432,0.01440301
52,2464,0.014392581
52,2496,0.0144061195
52,2528,0.0144345
52,2560,0.014426545
52,2592,0.014371596
52,2624,0.014390497
52,2656,0.014397476
52,2688,0.014496041
52,2720,0.014339281
52,2752,0.014338468
52,2784,0.014413048
52,2816,0.014300272
52,2848,0.014395449
52,2880,0.014354574
52,2912,0.014408569
52,2944,0.0143371215
52,2976,0.0143980635
52,3008,0.01435985
52,3040,0.014356138
52,3072,0.014343053
52,3104,0.014284303
52,3136,0.014326205
52,3168,0.01432615
52,3200,0.014395475
52,3232,0.014319871
52,3264,0.014379786
52,3296,0.014296683
52,3328,0.014274373
52,3360,0.01430038
52,3392,0.014298674
52,3424,0.014363514
52,3456,0.01426763
52,3488,0.014273245
52,3520,0.014340335
52,3552,0.014305175
52,3584,0.014301569
52,3616,0.0143392
52,3648,0.014328343
52,3680,0.014326169
52,3712,0.014293019
52,3744,0.01432233
52,3776,0.014403941
52,3808,0.01424687
52,3840,0.014206746
52,3872,0.014311265
52,3904,0.0142966695
52,3936,0.014297145
52,3968,0.014311722
52,4000,0.014315646
52,4032,0.014311545
52,4064,0.014247381
52,4096,0.014594704
52,4128,0.0154728
52,4160,0.015421494
52,4192,0.015323647
52,4224,0.015255559
52,4256,0.015231888
52,4288,0.0151767
52,4320,0.015072051
52,4352,0.015099447
52,4384,0.01508165
52,4416,0.015042827
52,4448,0.014972255
52,4480,0.014987399
52,4512,0.01495189
52,4544,0.014911155
52,4576,0.014940467
52,4608,0.014911058
52,4640,0.014873348
52,4672,0.014880029
52,4704,0.014796674
52,4736,0.014781793
52,4768,0.01481674
52,4800,0.014804547
52,4832,0.014906787
52,4864,0.014692682
52,4896,0.014711728
52,4928,0.014708471
52,4960,0.014695204
52,4992,0.0147714885
52,5024,0.014667766
52,5056,0.014644775
52,5088,0.014717806
52,5120,0.014740629
52,5152,0.014698981
52,5184,0.014663186
52,5216,0.01459849
52,5248,0.014647452
52,5280,0.014630575
52,5312,0.014645769
52,5344,0.01468562
52,5376,0.014589617
52,5408,0.014694608
52,5440,0.014623195
52,5472,0.014587397
52,5504,0.014592429
52,5536,0.014623878
52,5568,0.014563741
52,5600,0.014597052
52,5632,0.014558265
52,5664,0.014563969
52,5696,0.014492858
52,5728,0.014571303
52,5760,0.0145351365
52,5792,0.014538054
52,5824,0.014479905
52,5856,0.014415759
52,5888,0.01450022
52,5920,0.014440586
52,5952,0.014584302
52,5984,0.014447509
52,6016,0.014517465
52,6048,0.014462959
52,6080,0.0144664915
53,0,0.014534276
53,32,0.014475445
53,64,0.014576348
53,96,0.014538309
53,128,0.014574536
53,160,0.014470793
53,192,0.01448354
53,224,0.014442328
53,256,0.01443309
53,288,0.01451268
53,320,0.014467498
53,352,0.014495351
53,384,0.014409925
53,416,0.014429974
53,448,0.0144552225
53,480,0.01440662
53,512,0.014472398
53,544,0.014425514
53,576,0.014430232
53,608,0.014395748
53,640,0.014393847
53,672,0.014449095
53,704,0.014397648
53,736,0.014398406
53,768,0.014494753
53,800,0.014434609
53,832,0.014399025
53,864,0.014376247
53,896,0.014361957
53,928,0.01439079
53,960,0.014412007
53,992,0.01438954
53,1024,0.014372321
53,1056,0.014354321
53,1088,0.014360901
53,1120,0.01435884
53,1152,0.014422255
53,1184,0.014424774
53,1216,0.014379167
53,1248,0.014396339
53,1280,0.014428207
53,1312,0.01436597
53,1344,0.014304784
53,1376,0.0143362945
53,1408,0.014306934
53,1440,0.014306289
53,1472,0.014343914
53,1504,0.014336913
53,1536,0.014333941
53,1568,0.014336586
53,1600,0.014302028
53,1632,0.014324168
53,1664,0.014326894
53,1696,0.014365733
53,1728,0.014352529
53,1760,0.014292454
53,1792,0.014314553
53,1824,0.014281412
53,1856,0.014384123
53,1888,0.014297499
53,1920,0.0142459925
53,1952,0.014332657
53,1984,0.014303702
53,2016,0.014268072
53,2048,0.014309544
53,2080,0.014322072
53,2112,0.015479205
53,2144,0.015376288
53,2176,0.015323724
53,2208,0.015324405
53,2240,0.015213392
53,2272,0.015213922
53,2304,0.015205588
53,2336,0.01515171
53,2368,0.01516147
53,2400,0.0150698
53,2432,0.015052242
53,2464,0.015078798
53,2496,0.014997652
53,2528,0.014957965
53,2560,0.014867548
53,2592,0.014960307
53,2624,0.014893963
53,2656,0.014831484
53,2688,0.0148852
53,2720,0.014876015
53,2752,0.0148672685
53,2784,0.014930185
53,2816,0.014915577
53,2848,0.014820984
53,2880,0.014900501
53,2912,0.014760968
53,2944,0.014811869
53,2976,0.014763416
53,3008,0.014802747
53,3040,0.014723054
53,3072,0.0147427805
53,3104,0.01472258
53,3136,0.014726734
53,3168,0.014674715
53,3200,0.0146604655
53,3232,0.014748239
53,3264,0.014724443
53,3296,0.014575846
53,3328,0.01460055
53,3360,0.014662669
53,3392,0.014597257
53,3424,0.014623353
53,3456,0.01467396
53,3488,0.014619912
53,3520,0.014652038
53,3552,0.014616903
53,3584,0.014649092
53,3616,0.014640349
53,3648,0.014680706
53,3680,0.014571445
53,3712,0.01458567
53,3744,0.0146051925
53,3776,0.014498023
53,3808,0.01452949
53,3840,0.014531851
53,3872,0.014557689
53,3904,0.014532791
53,3936,0.014609303
53,3968,0.014526925
53,4000,0.014509961
53,4032,0.014503466
53,4064,0.014579481
53,4096,0.014536064
53,4128,0.014482286
53,4160,0.014416475
53,4192,0.014505061
53,4224,0.014477305
53,4256,0.014464258
53,4288,0.014433248
53,4320,0.014473516
53,4352,0.014519183
53,4384,0.014418497
53,4416,0.0144330785
53,4448,0.0144226905
53,4480,0.014403211
53,4512,0.014420397
53,4544,0.014406952
53,4576,0.014429647
53,4608,0.014343903
53,4640,0.014495422
53,4672,0.014395057
53,4704,0.014409042
53,4736,0.014428161
53,4768,0.014487786
53,4800,0.014458379
53,4832,0.014407558
53,4864,0.014442932
53,4896,0.0144318845
53,4928,0.014461579
53,4960,0.014446902
53,4992,0.014364291
53,5024,0.014399114
53,5056,0.014430262
53,5088,0.014375236
53,5120,0.014403415
53,5152,0.014360745
53,5184,0.014370943
53,5216,0.014374243
53,5248,0.014402859
53,5280,0.01441355
53,5312,0.014366951
53,5344,0.014352219
53,5376,0.014366402
53,5408,0.01437049
53,5440,0.014331257
53,5472,0.014381183
53,5504,0.014447541
53,5536,0.014362774
53,5568,0.014319467
53,5600,0.014312385
53,5632,0.01436977
53,5664,0.014359105
53,5696,0.014321173
53,5728,0.014330075
53,5760,0.014379326
53,5792,0.014305376
53,5824,0.014350169
53,5856,0.014380702
53,5888,0.014413994
53,5920,0.014333902
53,5952,0.014347101
53,5984,0.014307289
53,6016,0.01429578
53,6048,0.014301499
53,6080,0.01433698
54,0,0.014325277
54,32,0.014301996
54,64,0.014301707
54,96,0.015306753
54,128,0.015487344
54,160,0.015463553
54,192,0.015456207
54,224,0.015303124
54,256,0.015239841
54,288,0.015282135
54,320,0.015191375
54,352,0.015146829
54,384,0.015151416
54,416,0.015151183
54,448,0.015043113
54,480,0.015101298
54,512,0.015042272
54,544,0.015054815
54,576,0.014912114
54,608,0.015035744
54,640,0.015027464
54,672,0.015011144
54,704,0.0148601495
54,736,0.014902132
54,768,0.014963661
54,800,0.014923956
54,832,0.014909496
54,864,0.014876443
54,896,0.014899611
54,928,0.014854331
54,960,0.014810117
54,992,0.014818167
54,1024,0.014766346
54,1056,0.014817574
54,1088,0.014733382
54,1120,0.014753878
54,1152,0.014787787
54,1184,0.014842394
54,1216,0.014741991
54,1248,0.014716471
54,1280,0.014734276
54,1312,0.014709248
54,1344,0.014690179
54,1376,0.0146747315
54,1408,0.0147130955
54,1440,0.014731394
54,1472,0.014674915
54,1504,0.014634369
54,1536,0.014662209
54,1568,0.014671655
54,1600,0.014702784
54,1632,0.0146942325
54,1664,0.014525846
54,1696,0.01467557
54,1728,0.014680507
54,1760,0.0145775685
54,1792,0.014550655
54,1824,0.014582846
54,1856,0.014551254
54,1888,0.0145988455
54,1920,0.014573775
54,1952,0.014547569
54,1984,0.014637028
54,2016,0.014632025
54,2048,0.014602855
54,2080,0.0145619605
54,2112,0.014561404
54,2144,0.0145695275
54,2176,0.014544004
54,2208,0.014551
54,2240,0.014516969
54,2272,0.014525899
54,2304,0.014512163
54,2336,0.014586951
54,2368,0.014481351
54,2400,0.014532948
54,2432,0.014479672
54,2464,0.014544539
54,2496,0.014442926
54,2528,0.014436671
54,2560,0.014509932
54,2592,0.014568508
54,2624,0.014515992
54,2656,0.014498799
54,2688,0.014504326
54,2720,0.014450029
54,2752,0.014504692
54,2784,0.0144039625
54,2816,0.014596985
54,2848,0.014471832
54,2880,0.014549205
54,2912,0.014407051
54,2944,0.0144523615
54,2976,0.014424983
54,3008,0.01451338
54,3040,0.014517585
54,3072,0.0144119775
54,3104,0.014491599
54,3136,0.014456369
54,3168,0.014399211
54,3200,0.014462364
54,3232,0.014418366
54,3264,0.014448382
54,3296,0.014423155
54,3328,0.014449143
54,3360,0.014437965
54,3392,0.014414293
54,3424,0.014394422
54,3456,0.014400066
54,3488,0.0143083725
54,3520,0.014459795
54,3552,0.014411302
54,3584,0.014404803
54,3616,0.014405283
54,3648,0.014296592
54,3680,0.014298876
54,3712,0.014416339
54,3744,0.014404352
54,3776,0.014355052
54,3808,0.0144138625
54,3840,0.014363906
54,3872,0.014427557
54,3904,0.014448538
54,3936,0.014387165
54,3968,0.0144195
54,4000,0.014349925
54,4032,0.01428607
54,4064,0.014347183
54,4096,0.014353083
54,4128,0.014402409
54,4160,0.014382135
54,4192,0.015313805
54,4224,0.0154558085
54,4256,0.015381141
54,4288,0.0152854845
54,4320,0.015283139
54,4352,0.015201139
54,4384,0.015218577
54,4416,0.01512533
54,4448,0.015154673
54,4480,0.015121546
54,4512,0.015146826
54,4544,0.015096159
54,4576,0.015081784
54,4608,0.0150017105
54,4640,0.014941001
54,4672,0.014969662
54,4704,0.014951217
54,4736,0.014934879
54,4768,0.014985548
54,4800,0.0149147855
54,4832,0.014843141
54,4864,0.014896969
54,4896,0.0148874195
54,4928,0.014799382
54,4960,0.014802553
54,4992,0.01480242
54,5024,0.014748103
54,5056,0.014776577
54,5088,0.014791142
54,5120,0.014749698
54,5152,0.014723199
54,5184,0.014706988
54,5216,0.014712811
54,5248,0.0147424545
54,5280,0.014680503
54,5312,0.01473949
54,5344,0.014698408
54,5376,0.014669983
54,5408,0.014670169
54,5440,0.014660521
54,5472,0.014702029
54,5504,0.0146036735
54,5536,0.014657338
54,5568,0.014619889
54,5600,0.0146227535
54,5632,0.014562545
54,5664,0.014619965
54,5696,0.014591484
54,5728,0.014612357
54,5760,0.014592081
54,5792,0.014621319
54,5824,0.0146443155
54,5856,0.014560906
54,5888,0.014586005
54,5920,0.014548058
54,5952,0.0145503115
54,5984,0.014524633
54,6016,0.014536258
54,6048,0.014543711
54,6080,0.014481999
55,0,0.014517845
55,32,0.014567203
55,64,0.014535515
55,96,0.014575882
55,128,0.014471789
55,160,0.014585835
55,192,0.014499703
55,224,0.014457424
55,256,0.014419222
55,288,0.014507434
55,320,0.014535045
55,352,0.014575025
55,384,0.014523145
55,416,0.014516449
55,448,0.014493608
55,480,0.014537277
55,512,0.014433987
55,544,0.014452988
55,576,0.014463848
55,608,0.014427103
55,640,0.014507994
55,672,0.014479626
55,704,0.014411264
55,736,0.014531922
55,768,0.014469733
55,800,0.014492656
55,832,0.014516184
55,864,0.014460056
55,896,0.014450295
55,928,0.014397675
55,960,0.014470064
55,992,0.014437198
55,1024,0.014415969
55,1056,0.014442206
55,1088,0.014416
55,1120,0.0143917985
55,1152,0.014457505
55,1184,0.014425531
55,1216,0.014363309
55,1248,0.014444504
55,1280,0.014382759
55,1312,0.014433687
55,1344,0.014394545
55,1376,0.014426304
55,1408,0.014371139
55,1440,0.01443211
55,1472,0.014377422
55,1504,0.014422182
55,1536,0.014364637
55,1568,0.014268833
55,1600,0.01437715
55,1632,0.014401719
55,1664,0.014302867
55,1696,0.014437304
55,1728,0.014330393
55,1760,0.014409709
55,1792,0.014338691
55,1824,0.014353555
55,1856,0.014332735
55,1888,0.01436689
55,1920,0.014440246
55,1952,0.014404299
55,1984,0.014355964
55,2016,0.0144047085
55,2048,0.014341882
55,2080,0.014334837
55,2112,0.014408147
55,2144,0.014284817
55,2176,0.015104018
55,2208,0.015612003
55,2240,0.015395454
55,2272,0.01538075
55,2304,0.01540124
55,2336,0.015332986
55,2368,0.015305457
55,2400,0.015270487
55,2432,0.015197289
55,2464,0.01520906
55,2496,0.015105544
55,2528,0.015065383
55,2560,0.015056377
55,2592,0.015017166
55,2624,0.015017631
55,2656,0.015061801
55,2688,0.014990667
55,2720,0.01493857
55,2752,0.014955956
55,2784,0.015005456
55,2816,0.014804686
55,2848,0.014951562
55,2880,0.014829626
55,2912,0.014910024
55,2944,0.014842142
55,2976,0.014838257
55,3008,0.014780679
55,3040,0.014908881
55,3072,0.014817709
55,3104,0.014843113
55,3136,0.014783932
55,3168,0.014772153
55,3200,0.01471656
55,3232,0.014764192
55,3264,0.01481131
55,3296,0.014715182
55,3328,0.0147469025
55,3360,0.014727708
55,3392,0.0147375865
55,3424,0.0147399185
55,3456,0.014687139
55,3488,0.014676681
55,3520,0.014693972
55,3552,0.014692079
55,3584,0.014700334
55,3616,0.014693804
55,3648,0.014689401
55,3680,0.014659734
55,3712,0.014635018
55,3744,0.014675393
55,3776,0.014622974
55,3808,0.01463299
55,3840,0.014610796
55,3872,0.014606974
55,3904,0.014620273
55,3936,0.014577794
55,3968,0.014653629
55,4000,0.014650091
55,4032,0.014586659
55,4064,0.014601161
55,4096,0.014572928
55,4128,0.014597847
55,4160,0.014575902
55,4192,0.014556382
55,4224,0.014510574
55,4256,0.014521201
55,4288,0.014625911
55,4320,0.014562047
55,4352,0.014486147
55,4384,0.014524896
55,4416,0.0145264445
55,4448,0.014560134
55,4480,0.014527528
55,4512,0.01451171
55,4544,0.014440282
55,4576,0.014495495
55,4608,0.014552318
55,4640,0.014448834
55,4672,0.014510696
55,4704,0.014472725
55,4736,0.014577107
55,4768,0.014474149
55,4800,0.014506164
55,4832,0.0144828595
55,4864,0.014484107
55,4896,0.014435693
55,4928,0.014457183
55,4960,0.014450207
55,4992,0.014431164
55,5024,0.014502161
55,5056,0.014450419
55,5088,0.014479108
55,5120,0.014336119
55,5152,0.014431341
55,5184,0.014400372
55,5216,0.014387088
55,5248,0.014427053
55,5280,0.014467401
55,5312,0.014405609
55,5344,0.014434613
55,5376,0.014514782
55,5408,0.014454523
55,5440,0.014433626
55,5472,0.01438967
55,5504,0.014434806
55,5536,0.014414822
55,5568,0.014484316
55,5600,0.014408695
55,5632,0.01442938
55,5664,0.014425791
55,5696,0.014434618
55,5728,0.014431821
55,5760,0.014426323
55,5792,0.014385071
55,5824,0.014447878
55,5856,0.014408678
55,5888,0.014385725
55,5920,0.014384801
55,5952,0.014367154
55,5984,0.014341312
55,6016,0.014384424
55,6048,0.014418319
55,6080,0.0143714445
56,0,0.014385592
56,32,0.014416841
56,64,0.014407283
56,96,0.014366197
56,128,0.0143716
56,160,0.014724435
56,192,0.015623901
56,224,0.015471176
56,256,0.015411156
56,288,0.015342879
56,320,0.015324538
56,352,0.015341947
56,384,0.015201242
56,416,0.015242818
56,448,0.015204986
56,480,0.015160908
56,512,0.015186379
56,544,0.015199964
56,576,0.015113444
56,608,0.015092639
56,640,0.015169978
56,672,0.014978568
56,704,0.0150017515
56,736,0.015038808
56,768,0.01499333
56,800,0.014890245
56,832,0.014995541
56,864,0.014948963
56,896,0.014910132
56,928,0.014802911
56,960,0.014872231
56,992,0.01492556
56,1024,0.014860288
56,1056,0.014824747
56,1088,0.014833115
56,1120,0.014822553
56,1152,0.014806591
56,1184,0.0147768995
56,1216,0.014855919
56,1248,0.0148065165
56,1280,0.014732974
56,1312,0.014802834
56,1344,0.014784669
56,1376,0.014730845
56,1408,0.014726698
56,1440,0.0147243515
56,1472,0.014757356
56,1504,0.014757087
56,1536,0.014686502
56,1568,0.014656326
56,1600,0.014691799
56,1632,0.014701079
56,1664,0.014664788
56,1696,0.014701766
56,1728,0.014669507
56,1760,0.0146774035
56,1792,0.014697719
56,1824,0.014695545
56,1856,0.014661838
56,1888,0.014618662
56,1920,0.014620481
56,1952,0.014687322
56,1984,0.014675377
56,2016,0.014604372
56,2048,0.014561321
56,2080,0.014643761
56,2112,0.014624116
56,2144,0.014585248
56,2176,0.014546641
56,2208,0.014587127
56,2240,0.014593878
56,2272,0.014609514
56,2304,0.0145656
56,2336,0.014576169
56,2368,0.014548537
56,2400,0.014504694
56,2432,0.014543591
56,2464,0.014516585
56,2496,0.014472126
56,2528,0.014532471
56,2560,0.014466846
56,2592,0.01452624
56,2624,0.01450193
56,2656,0.014512567
56,2688,0.014625332
56,2720,0.01448948
56,2752,0.014560755
56,2784,0.014528743
56,2816,0.014556484
56,2848,0.01452064
56,2880,0.014522065
56,2912,0.014479778
56,2944,0.0144180665
56,2976,0.01445131
56,3008,0.014493364
56,3040,0.014496788
56,3072,0.014499461
56,3104,0.014506314
56,3136,0.014493529
56,3168,0.01443973
56,3200,0.014451201
56,3232,0.01446643
56,3264,0.0144228
56,3296,0.014447006
56,3328,0.014529
56,3360,0.01443401
56,3392,0.014440104
56,3424,0.014431378
56,3456,0.01444404
56,3488,0.014466658
56,3520,0.014445142
56,3552,0.014502153
56,3584,0.014459496
56,3616,0.014446772
56,3648,0.014487402
56,3680,0.014424818
56,3712,0.014444866
56,3744,0.014376095
56,3776,0.014425139
56,3808,0.014434369
56,3840,0.014456095
56,3872,0.014512573
56,3904,0.014452425
56,3936,0.014404342
56,3968,0.014463233
56,4000,0.014450197
56,4032,0.01435203
56,4064,0.014380837
56,4096,0.014420493
56,4128,0.014476249
56,4160,0.01435694
56,4192,0.014420454
56,4224,0.014361854
56,4256,0.014708273
56,4288,0.015580053
56,4320,0.015545744
56,4352,0.015470579
56,4384,0.01547264
56,4416,0.015282419
56,4448,0.015270917
56,4480,0.015335243
56,4512,0.015120856
56,4544,0.015184092
56,4576,0.015138875
56,4608,0.015172189
56,4640,0.015117571
56,4672,0.015089373
56,4704,0.015124862
56,4736,0.015049394
56,4768,0.015090595
56,4800,0.0149900615
56,4832,0.014976054
56,4864,0.015001459
56,4896,0.0149325505
56,4928,0.014942332
56,4960,0.014928638
56,4992,0.014974074
56,5024,0.014915678
56,5056,0.0149376355
56,5088,0.014932318
56,5120,0.014910138
56,5152,0.01490344
56,5184,0.014895503
56,5216,0.014795932
56,5248,0.014852619
56,5280,0.014925349
56,5312,0.014889727
56,5344,0.014764055
56,5376,0.014745364
56,5408,0.014761396
56,5440,0.014744984
56,5472,0.014740908
56,5504,0.014715202
56,5536,0.014673548
56,5568,0.01462971
56,5600,0.014651561
56,5632,0.014687901
56,5664,0.01471329
56,5696,0.014702999
56,5728,0.01471198
56,5760,0.014788387
56,5792,0.0147100575
56,5824,0.01472679
56,5856,0.014692598
56,5888,0.014662469
56,5920,0.014654177
56,5952,0.014622179
56,5984,0.014639211
56,6016,0.014667076
56,6048,0.014649589
56,6080,0.01461624
57,0,0.014594127
57,32,0.014619575
57,64,0.014692349
57,96,0.01464869
57,128,0.014593167
57,160,0.0145581635
57,192,0.014577184
57,224,0.01465382
57,256,0.014616566
57,288,0.0146205565
57,320,0.0146833705
57,352,0.0146001205
57,384,0.014540022
57,416,0.014549783
57,448,0.014613644
57,480,0.014606514
57,512,0.014621175
57,544,0.01456751
57,576,0.014571722
57,608,0.014579179
57,640,0.014544115
57,672,0.01453261
57,704,0.014537014
57,736,0.014557162
57,768,0.014483848
57,800,0.01450676
57,832,0.014549112
57,864,0.014541443
57,896,0.014573278
57,928,0.014522266
57,960,0.014604734
57,992,0.014524688
57,1024,0.014545816
57,1056,0.01450756
57,1088,0.014545234
57,1120,0.0145273395
57,1152,0.01454252
57,1184,0.014518359
57,1216,0.014541923
57,1248,0.014533191
57,1280,0.014417455
57,1312,0.014515386
57,1344,0.014502735
57,1376,0.0144920945
57,1408,0.0145384185
57,1440,0.014509023
57,1472,0.014473982
57,1504,0.01450387
57,1536,0.014452413
57,1568,0.014503013
57,1600,0.014425213
57,1632,0.014425139
57,1664,0.014507375
57,1696,0.014516304
57,1728,0.014431418
57,1760,0.014472338
57,1792,0.014449193
57,1824,0.014528826
57,1856,0.014388857
57,1888,0.014513946
57,1920,0.014508708
57,1952,0.014437467
57,1984,0.0144206695
57,2016,0.014450304
57,2048,0.014411059
57,2080,0.014413468
57,2112,0.014451521
57,2144,0.014384761
57,2176,0.014416696
57,2208,0.0143778445
57,2240,0.014459835
57,2272,0.015636252
57,2304,0.015528571
57,2336,0.015482913
57,2368,0.015444389
57,2400,0.015356458
57,2432,0.015329764
57,2464,0.0152818775
57,2496,0.015255189
57,2528,0.015244961
57,2560,0.015197173
57,2592,0.015117007
57,2624,0.0151813
57,2656,0.015103361
57,2688,0.015116451
57,2720,0.01502308
57,2752,0.015048394
57,2784,0.01500364
57,2816,0.014922006
57,2848,0.015024412
57,2880,0.015047952
57,2912,0.0150131835
57,2944,0.014912236
57,2976,0.014942421
57,3008,0.014968327
57,3040,0.01487451
57,3072,0.014891981
57,3104,0.014972105
57,3136,0.014867741
57,3168,0.0147920335
57,3200,0.014866539
57,3232,0.014735512
57,3264,0.014855816
57,3296,0.014802486
57,3328,0.014869111
57,3360,0.014749403
57,3392,0.014789934
57,3424,0.014788118
57,3456,0.014745797
57,3488,0.014802944
57,3520,0.014749133
57,3552,0.0147364065
57,3584,0.01469869
57,3616,0.014729102
57,3648,0.0147366235
57,3680,0.014695019
57,3712,0.014684449
57,3744,0.014742514
57,3776,0.014681881
57,3808,0.014656118
57,3840,0.014683267
57,3872,0.014731525
57,3904,0.014695613
57,3936,0.014666821
57,3968,0.0146825
57,4000,0.014648918
57,4032,0.014643229
57,4064,0.01460447
57,4096,0.014685846
57,4128,0.014655759
57,4160,0.014641315
57,4192,0.014556898
57,4224,0.014573206
57,4256,0.01457097
57,4288,0.014553799
57,4320,0.014566637
57,4352,0.014553798
57,4384,0.014602683
57,4416,0.01459723
57,4448,0.014534894
57,4480,0.01451742
57,4512,0.014528331
57,4544,0.014555788
57,4576,0.014645241
57,4608,0.014586439
57,4640,0.014579318
57,4672,0.014565182
57,4704,0.01458617
57,4736,0.01455613
57,4768,0.014575042
57,4800,0.014515592
57,4832,0.014548968
57,4864,0.014528822
57,4896,0.014548095
57,4928,0.014438409
57,4960,0.014521506
57,4992,0.014503042
57,5024,0.014497139
57,5056,0.014510527
57,5088,0.014533637
57,5120,0.01455272
57,5152,0.014524284
57,5184,0.014575299
57,5216,0.014432117
57,5248,0.014497791
57,5280,0.014536949
57,5312,0.014444857
57,5344,0.014421532
57,5376,0.014503745
57,5408,0.014455687
57,5440,0.014465277
57,5472,0.014494634
57,5504,0.014496797
57,5536,0.0144910235
57,5568,0.014456906
57,5600,0.014442179
57,5632,0.014480627
57,5664,0.014452086
57,5696,0.01437152
57,5728,0.014417286
57,5760,0.014509629
57,5792,0.014513244
57,5824,0.014479155
57,5856,0.014434727
57,5888,0.014456529
57,5920,0.014449786
57,5952,0.014428591
57,5984,0.014438787
57,6016,0.014508809
57,6048,0.014412819
57,6080,0.01442587
58,0,0.01448524
58,32,0.014450244
58,64,0.0143920025
58,96,0.0144797815
58,128,0.0144919185
58,160,0.014447386
58,192,0.014444301
58,224,0.014444137
58,256,0.015385706
58,288,0.015627129
58,320,0.015491471
58,352,0.015460255
58,384,0.015409211
58,416,0.015364966
58,448,0.015284641
58,480,0.015236179
58,512,0.015210026
58,544,0.015222221
58,576,0.0151645485
58,608,0.015208018
58,640,0.015084383
58,672,0.015091672
58,704,0.015028488
58,736,0.01509115
58,768,0.015028477
58,800,0.015065787
58,832,0.0149473725
58,864,0.0150252255
58,896,0.015014197
58,928,0.014996799
58,960,0.014966238
58,992,0.014913509
58,1024,0.014893905
58,1056,0.014889628
58,1088,0.014930754
58,1120,0.01490936
58,1152,0.0148522705
58,1184,0.014870705
58,1216,0.014835523
58,1248,0.014870806
58,1280,0.01483646
58,1312,0.014857814
58,1344,0.014855617
58,1376,0.01479029
58,1408,0.01482274
58,1440,0.014741176
58,1472,0.014800339
58,1504,0.014755083
58,1536,0.014694569
58,1568,0.01467603
58,1600,0.014715884
58,1632,0.014704636
58,1664,0.014751457
58,1696,0.014759455
58,1728,0.014805597
58,1760,0.014729759
58,1792,0.014690277
58,1824,0.014674444
58,1856,0.014649684
58,1888,0.014748478
58,1920,0.014681614
58,1952,0.014644996
58,1984,0.0146677755
58,2016,0.01465503
58,2048,0.0146479225
58,2080,0.014628807
58,2112,0.014575742
58,2144,0.014706219
58,2176,0.014534562
58,2208,0.014592753
58,2240,0.014593646
58,2272,0.014610135
58,2304,0.014651118
58,2336,0.01462104
58,2368,0.014547634
58,2400,0.014604117
58,2432,0.014602822
58,2464,0.014625044
58,2496,0.0145647125
58,2528,0.014603446
58,2560,0.014568533
58,2592,0.014539425
58,2624,0.014574761
58,2656,0.014565345
58,2688,0.014602275
58,2720,0.014601959
58,2752,0.014538593
58,2784,0.014523103
58,2816,0.014543175
58,2848,0.014603647
58,2880,0.014554158
58,2912,0.014446415
58,2944,0.0144893555
58,2976,0.014460657
58,3008,0.014520648
58,3040,0.014516249
58,3072,0.014445786
58,3104,0.014513417
58,3136,0.014576206
58,3168,0.014520847
58,3200,0.014494986
58,3232,0.014481395
58,3264,0.014511291
58,3296,0.0144387875
58,3328,0.014465891
58,3360,0.0144566465
58,3392,0.014485862
58,3424,0.014491424
58,3456,0.014537409
58,3488,0.0145023335
58,3520,0.014481411
58,3552,0.014462947
58,3584,0.014452771
58,3616,0.014414368
58,3648,0.014426673
58,3680,0.014452425
58,3712,0.01451281
58,3744,0.014423913
58,3776,0.014435026
58,3808,0.014427006
58,3840,0.014453329
58,3872,0.0144918775
58,3904,0.014427292
58,3936,0.014423535
58,3968,0.014475335
58,4000,0.014531325
58,4032,0.014496032
58,4064,0.014457177
58,4096,0.014479765
58,4128,0.014417563
58,4160,0.014450475
58,4192,0.014410762
58,4224,0.0144244805
58,4256,0.014386638
58,4288,0.014488842
58,4320,0.0144098075
58,4352,0.015461395
58,4384,0.015617963
58,4416,0.015503576
58,4448,0.0154529605
58,4480,0.015473086
58,4512,0.015379265
58,4544,0.01536663
58,4576,0.015305758
58,4608,0.015304848
58,4640,0.015246556
58,4672,0.015227341
58,4704,0.015123115
58,4736,0.015126857
58,4768,0.015106596
58,4800,0.015094287
58,4832,0.015041373
58,4864,0.015105746
58,4896,0.015073073
58,4928,0.015034724
58,4960,0.015020335
58,4992,0.015007146
58,5024,0.015017969
58,5056,0.014981526
58,5088,0.014924723
58,5120,0.014956926
58,5152,0.014987959
58,5184,0.0148904985
58,5216,0.014992471
58,5248,0.014920722
58,5280,0.014908122
58,5312,0.014879097
58,5344,0.014900589
58,5376,0.014891321
58,5408,0.01486005
58,5440,0.014871733
58,5472,0.014814089
58,5504,0.01488873
58,5536,0.0148094995
58,5568,0.014778189
58,5600,0.0148228295
58,5632,0.014826207
58,5664,0.014734635
58,5696,0.014732722
58,5728,0.014782385
58,5760,0.014694724
58,5792,0.014787563
58,5824,0.014786622
58,5856,0.014765111
58,5888,0.0147388205
58,5920,0.014738247
58,5952,0.014743288
58,5984,0.014728007
58,6016,0.014720921
58,6048,0.014729999
58,6080,0.014781934
59,0,0.014673558
59,32,0.014762511
59,64,0.014746851
59,96,0.014694477
59,128,0.014655292
59,160,0.014694502
59,192,0.014701785
59,224,0.014632542
59,256,0.014680594
59,288,0.014711259
59,320,0.014652837
59,352,0.014623027
59,384,0.014622949
59,416,0.014622655
59,448,0.014664207
59,480,0.014664229
59,512,0.014586812
59,544,0.014656917
59,576,0.014626528
59,608,0.014668661
59,640,0.014609875
59,672,0.014608241
59,704,0.014649794
59,736,0.0145297935
59,768,0.014620329
59,800,0.01462104
59,832,0.01458452
59,864,0.014531566
59,896,0.014551268
59,928,0.014598958
59,960,0.014561273
59,992,0.014565967
59,1024,0.014530905
59,1056,0.01452726
59,1088,0.014606593
59,1120,0.014525163
59,1152,0.01449758
59,1184,0.014578844
59,1216,0.014586321
59,1248,0.014526261
59,1280,0.014536277
59,1312,0.014632397
59,1344,0.014516374
59,1376,0.0145918485
59,1408,0.014536883
59,1440,0.014461674
59,1472,0.014561352
59,1504,0.014586572
59,1536,0.014476225
59,1568,0.014524573
59,1600,0.014507189
59,1632,0.014550535
59,1664,0.014476016
59,1696,0.014540736
59,1728,0.014559761
59,1760,0.014531754
59,1792,0.014577061
59,1824,0.014491956
59,1856,0.014514051
59,1888,0.01455213
59,1920,0.014546309
59,1952,0.0145110935
59,1984,0.01446139
59,2016,0.014456069
59,2048,0.014551405
59,2080,0.014500877
59,2112,0.014483057
59,2144,0.014469003
59,2176,0.014433202
59,2208,0.014509295
59,2240,0.014466186
59,2272,0.0144769475
59,2304,0.014456075
59,2336,0.015172198
59,2368,0.015649108
59,2400,0.015575168
59,2432,0.015515402
59,2464,0.015437273
59,2496,0.015363985
59,2528,0.015376476
59,2560,0.015337789
59,2592,0.015302584
59,2624,0.015230953
59,2656,0.015310674
59,2688,0.015222448
59,2720,0.015155887
59,2752,0.015166288
59,2784,0.015126697
59,2816,0.015116472
59,2848,0.01508261
59,2880,0.01501072
59,2912,0.015054818
59,2944,0.015014007
59,2976,0.0150548685
59,3008,0.015026228
59,3040,0.014983559
59,3072,0.015044084
59,3104,0.014973475
59,3136,0.015005635
59,3168,0.015023732
59,3200,0.014936772
59,3232,0.014974859
59,3264,0.014932668
59,3296,0.014842053
59,3328,0.014839315
59,3360,0.014910541
59,3392,0.014834657
59,3424,0.014870375
59,3456,0.014839801
59,3488,0.0148245515
59,3520,0.014821442
59,3552,0.014830811
59,3584,0.014768544
59,3616,0.014830455
59,3648,0.014798251
59,3680,0.014809021
59,3712,0.0147445
59,3744,0.014794492
59,3776,0.014774243
59,3808,0.014732585
59,3840,0.014721523
59,3872,0.014766223
59,3904,0.014743979
59,3936,0.014694704
59,3968,0.014817893
59,4000,0.01471558
59,4032,0.0147979045
59,4064,0.014698126
59,4096,0.014728576
59,4128,0.01466866
59,4160,0.014735431
59,4192,0.014692047
59,4224,0.014716077
59,4256,0.014645393
59,4288,0.014653963
59,4320,0.014692374
59,4352,0.0146493185
59,4384,0.014647446
59,4416,0.014696028
59,4448,0.014710049
59,4480,0.014635044
59,4512,0.01468615
59,4544,0.014687215
59,4576,0.0146031855
59,4608,0.014658901
59,4640,0.014599899
59,4672,0.014556626
59,4704,0.014562762
59,4736,0.014580901
59,4768,0.014592453
59,4800,0.014576647
59,4832,0.014577154
59,4864,0.014582837
59,4896,0.014641596
59,4928,0.014540037
59,4960,0.014563668
59,4992,0.014582198
59,5024,0.01451293
59,5056,0.014555849
59,5088,0.014641899
59,5120,0.014538988
59,5152,0.014549277
59,5184,0.014554474
59,5216,0.014526546
59,5248,0.014596486
59,5280,0.014620703
59,5312,0.014534132
59,5344,0.014546375
59,5376,0.014535299
59,5408,0.014496951
59,5440,0.014541029
59,5472,0.014564479
59,5504,0.014617865
59,5536,0.014529609
59,5568,0.014549361
59,5600,0.014556551
59,5632,0.014546154
59,5664,0.014576112
59,5696,0.014533153
59,5728,0.014558004
59,5760,0.014535707
59,5792,0.014466162
59,5824,0.014485866
59,5856,0.0144867515
59,5888,0.014513869
59,5920,0.014526623
59,5952,0.014496957
59,5984,0.014529315
59,6016,0.014461608
59,6048,0.014513222
59,6080,0.014468059
60,0,0.014472008
60,32,0.014510003
60,64,0.014496454
60,96,0.014555409
60,128,0.014484737
60,160,0.014424493
60,192,0.014516835
60,224,0.014489781
60,256,0.01447237
60,288,0.014488526
60,320,0.01483839
60,352,0.01565492
60,384,0.015568815
60,416,0.015583625
60,448,0.01551123
60,480,0.015427853
60,512,0.015425684
60,544,0.015306462
60,576,0.015289882
60,608,0.015271395
60,640,0.015305337
60,672,0.0152028585
60,704,0.015165695
60,736,0.015180326
60,768,0.015089077
60,800,0.015141315
60,832,0.015097477
60,864,0.015071002
60,896,0.015020488
60,928,0.014954234
60,960,0.015058775
60,992,0.015030123
60,1024,0.015041856
60,1056,0.014971984
60,1088,0.0149158295
60,1120,0.014979244
60,1152,0.014952335
60,1184,0.014825073
60,1216,0.014967956
60,1248,0.01495254
60,1280,0.014925231
60,1312,0.014874571
60,1344,0.014882145
60,1376,0.014828239
60,1408,0.014889445
60,1440,0.0148808705
60,1472,0.014895966
60,1504,0.014834754
60,1536,0.014808966
60,1568,0.014851363
60,1600,0.014818044
60,1632,0.014788425
60,1664,0.014763835
60,1696,0.014790266
60,1728,0.01483668
60,1760,0.0148352645
60,1792,0.014850974
60,1824,0.014780613
60,1856,0.014804931
60,1888,0.014804115
60,1920,0.01476097
60,1952,0.014758102
60,1984,0.014698478
60,2016,0.014734461
60,2048,0.014745444
60,2080,0.014745946
60,2112,0.014751195
60,2144,0.014702663
60,2176,0.0147583885
60,2208,0.014683482
60,2240,0.014719055
60,2272,0.014706487
60,2304,0.014701177
60,2336,0.014627339
60,2368,0.01471791
60,2400,0.014687409
60,2432,0.0147180585
60,2464,0.014711138
60,2496,0.014630908
60,2528,0.014694483
60,2560,0.014638194
60,2592,0.014704591
60,2624,0.014590691
60,2656,0.0146427
60,2688,0.014642661
60,2720,0.014588051
60,2752,0.014600453
60,2784,0.014646796
60,2816,0.014566963
60,2848,0.014586009
60,2880,0.014585648
60,2912,0.014600003
60,2944,0.014599837
60,2976,0.014598906
60,3008,0.014660468
60,3040,0.014602077
60,3072,0.014634373
60,3104,0.014597256
60,3136,0.014608555
60,3168,0.0145686185
60,3200,0.014558134
60,3232,0.014528822
60,3264,0.014562481
60,3296,0.014539823
60,3328,0.014582951
60,3360,0.014532226
60,3392,0.0145030245
60,3424,0.014603561
60,3456,0.014591004
60,3488,0.01455036
60,3520,0.014534493
60,3552,0.014574485
60,3584,0.0145463925
60,3616,0.014532396
60,3648,0.014544708
60,3680,0.0144637
60,3712,0.014464004
60,3744,0.014539784
60,3776,0.014488055
60,3808,0.014484656
60,3840,0.0145936385
60,3872,0.014541911
60,3904,0.014522449
60,3936,0.014534027
60,3968,0.014459768
60,4000,0.014539364
60,4032,0.014513085
60,4064,0.014529018
60,4096,0.014593343
60,4128,0.014524346
60,4160,0.0145346075
60,4192,0.014545139
60,4224,0.014454048
60,4256,0.01449378
60,4288,0.014531796
60,4320,0.014543042
60,4352,0.01452474
60,4384,0.014476035
60,4416,0.014854709
60,4448,0.015629528
60,4480,0.015581323
60,4512,0.015523465
60,4544,0.015497648
60,4576,0.015404044
60,4608,0.015391028
60,4640,0.015394019
60,4672,0.01538265
60,4704,0.01524949
60,4736,0.015234381
60,4768,0.015253204
60,4800,0.015134635
60,4832,0.015172258
60,4864,0.015200138
60,4896,0.015230934
60,4928,0.015087312
60,4960,0.015142937
60,4992,0.015115237
60,5024,0.015041911
60,5056,0.015048667
60,5088,0.015007684
60,5120,0.015078414
60,5152,0.015025557
60,5184,0.014992765
60,5216,0.014973318
60,5248,0.0149716735
60,5280,0.014924577
60,5312,0.01496429
60,5344,0.014904866
60,5376,0.014925062
60,5408,0.014882711
60,5440,0.014930496
60,5472,0.014965165
60,5504,0.014817674
60,5536,0.014908725
60,5568,0.014949292
60,5600,0.014875092
60,5632,0.014926217
60,5664,0.014848723
60,5696,0.014828872
60,5728,0.014878846
60,5760,0.0147910705
60,5792,0.014841859
60,5824,0.014825187
60,5856,0.0147719905
60,5888,0.014851121
60,5920,0.014773175
60,5952,0.014742401
60,5984,0.014785484
60,6016,0.014676128
60,6048,0.014788284
60,6080,0.014747053
61,0,0.014719418
61,32,0.014727611
61,64,0.014744068
61,96,0.014773206
61,128,0.014656586
61,160,0.014796387
61,192,0.01466568
61,224,0.014767595
61,256,0.014741875
61,288,0.014790341
61,320,0.014726098
61,352,0.014744081
61,384,0.0147343865
61,416,0.014659745
61,448,0.014727037
61,480,0.014710138
61,512,0.014729273
61,544,0.01471886
61,576,0.014623927
61,608,0.014653161
61,640,0.014648789
61,672,0.014640459
61,704,0.014682356
61,736,0.0146624455
61,768,0.014738607
61,800,0.014664743
61,832,0.014688031
61,864,0.014653123
61,896,0.014654526
61,928,0.01468661
61,960,0.014661873
61,992,0.014675557
61,1024,0.0146237835
61,1056,0.014652015
61,1088,0.014614489
61,1120,0.014695926
61,1152,0.014589751
61,1184,0.014591971
61,1216,0.014549761
61,1248,0.014623294
61,1280,0.014598758
61,1312,0.014604398
61,1344,0.014603067
61,1376,0.014618555
61,1408,0.014593311
61,1440,0.014614594
61,1472,0.014555157
61,1504,0.0146143325
61,1536,0.014444164
61,1568,0.014521134
61,1600,0.014582331
61,1632,0.014504525
61,1664,0.01454525
61,1696,0.014529717
61,1728,0.014585124
61,1760,0.014512065
61,1792,0.014562642
61,1824,0.014563844
61,1856,0.014637393
61,1888,0.01456532
61,1920,0.014525517
61,1952,0.014563652
61,1984,0.014510511
61,2016,0.014606255
61,2048,0.014576099
61,2080,0.014451955
61,2112,0.0145526705
61,2144,0.014547517
61,2176,0.014551016
61,2208,0.014564396
61,2240,0.014405867
61,2272,0.014532066
61,2304,0.014574024
61,2336,0.014503292
61,2368,0.014572022
61,2400,0.01456935
61,2432,0.015734725
61,2464,0.015610374
61,2496,0.015600316
61,2528,0.015492433
61,2560,0.01548095
61,2592,0.0154679855
61,2624,0.015373765
61,2656,0.015358257
61,2688,0.015295553
61,2720,0.015258024
61,2752,0.015358716
61,2784,0.015228496
61,2816,0.015241924
61,2848,0.015183554
61,2880,0.015091505
61,2912,0.01518236
61,2944,0.015132563
61,2976,0.015122864
61,3008,0.015111288
61,3040,0.015128318
61,3072,0.015028243
61,3104,0.015101987
61,3136,0.015002431
61,3168,0.015059918
61,3200,0.015010644
61,3232,0.01498658
61,3264,0.01501546
61,3296,0.014970599
61,3328,0.014937715
61,3360,0.014955039
61,3392,0.01497095
61,3424,0.014864473
61,3456,0.014894546
61,3488,0.014918604
61,3520,0.014967515
61,3552,0.0148509955
61,3584,0.014822535
61,3616,0.014806823
61,3648,0.014877568
61,3680,0.014899239
61,3712,0.014811565
61,3744,0.014802283
61,3776,0.01482886
61,3808,0.014836722
61,3840,0.014752301
61,3872,0.014778873
61,3904,0.014883652
61,3936,0.0148761105
61,3968,0.014779452
61,4000,0.014832804
61,4032,0.0147339385
61,4064,0.014842699
61,4096,0.014744059
61,4128,0.014731846
61,4160,0.014731521
61,4192,0.014714804
61,4224,0.01475117
61,4256,0.014692586
61,4288,0.014753216
61,4320,0.014736941
61,4352,0.014784612
61,4384,0.014747106
61,4416,0.014664544
61,4448,0.014608947
61,4480,0.014689837
61,4512,0.014716841
61,4544,0.014639542
61,4576,0.014701006
61,4608,0.014660458
61,4640,0.014692504
61,4672,0.014618684
61,4704,0.014700569
61,4736,0.014660292
61,4768,0.014671617
61,4800,0.014611894
61,4832,0.0145857055
61,4864,0.014596585
61,4896,0.014694868
61,4928,0.014606355
61,4960,0.014651029
61,4992,0.014630381
61,5024,0.014681101
61,5056,0.014531748
61,5088,0.014612833
61,5120,0.0145873325
61,5152,0.014594706
61,5184,0.014583566
61,5216,0.014629658
61,5248,0.014596131
61,5280,0.0146108465
61,5312,0.0145808
61,5344,0.014617304
61,5376,0.014676393
61,5408,0.01461394
61,5440,0.014607479
61,5472,0.014653971
61,5504,0.014617091
61,5536,0.0145890545
61,5568,0.014514511
61,5600,0.0146083245
61,5632,0.014584258
61,5664,0.014524115
61,5696,0.0145323
61,5728,0.014554938
61,5760,0.01456497
61,5792,0.014638205
61,5824,0.014522611
61,5856,0.0145162875
61,5888,0.014495598
61,5920,0.014462549
61,5952,0.014547472
61,5984,0.0145144155
61,6016,0.0145723
61,6048,0.014537061
61,6080,0.0145408865
62,0,0.014477284
62,32,0.0145657845
62,64,0.014529126
62,96,0.014594672
62,128,0.014512888
62,160,0.014557125
62,192,0.014556476
62,224,0.01449081
62,256,0.014545264
62,288,0.01451445
62,320,0.014573883
62,352,0.014469691
62,384,0.014528764
62,416,0.015507248
62,448,0.015832096
62,480,0.015698956
62,512,0.015538684
62,544,0.0155558735
62,576,0.015461036
62,608,0.015452023
62,640,0.015397653
62,672,0.015401185
62,704,0.015391915
62,736,0.015319783
62,768,0.015362629
62,800,0.015182366
62,832,0.01526881
62,864,0.015212184
62,896,0.015191771
62,928,0.015241808
62,960,0.015150605
62,992,0.015143402
62,1024,0.015147908
62,1056,0.015086426
62,1088,0.015136744
62,1120,0.015137146
62,1152,0.015099554
62,1184,0.015121435
62,1216,0.0150209125
62,1248,0.015009846
62,1280,0.015067364
62,1312,0.015104354
62,1344,0.014987827
62,1376,0.014924772
62,1408,0.0149724735
62,1440,0.014979205
62,1472,0.0149898
62,1504,0.014868305
62,1536,0.014893558
62,1568,0.014889092
62,1600,0.014937731
62,1632,0.014900711
62,1664,0.014898251
62,1696,0.0149151785
62,1728,0.014931023
62,1760,0.014883246
62,1792,0.014852358
62,1824,0.014881121
62,1856,0.014836732
62,1888,0.01482505
62,1920,0.014836107
62,1952,0.0148454765
62,1984,0.014818672
62,2016,0.014799218
62,2048,0.014842994
62,2080,0.014847729
62,2112,0.014820065
62,2144,0.014812331
62,2176,0.0148432
62,2208,0.014803552
62,2240,0.014844681
62,2272,0.014773736
62,2304,0.014786732
62,2336,0.014757634
62,2368,0.014784293
62,2400,0.0148256505
62,2432,0.014718443
62,2464,0.014722403
62,2496,0.014711107
62,2528,0.0147399185
62,2560,0.014780704
62,2592,0.0146657135
62,2624,0.014698046
62,2656,0.0147762345
62,2688,0.014703767
62,2720,0.01471858
62,2752,0.014733071
62,2784,0.014778672
62,2816,0.014717826
62,2848,0.014712534
62,2880,0.014721413
62,2912,0.0147365825
62,2944,0.014680793
62,2976,0.014626458
62,3008,0.014710634
62,3040,0.014737405
62,3072,0.0146860285
62,3104,0.014662107
62,3136,0.014690418
62,3168,0.014726712
62,3200,0.014637341
62,3232,0.014633112
62,3264,0.014575894
62,3296,0.014633287
62,3328,0.014635501
62,3360,0.014587628
62,3392,0.014625007
62,3424,0.014671961
62,3456,0.014595837
62,3488,0.014621912
62,3520,0.014641104
62,3552,0.014623405
62,3584,0.014589729
62,3616,0.014618662
62,3648,0.014598666
62,3680,0.014669368
62,3712,0.014610302
62,3744,0.014617382
62,3776,0.014618502
62,3808,0.014611314
62,3840,0.014557227
62,3872,0.014614348
62,3904,0.014594555
62,3936,0.014586014
62,3968,0.014629083
62,4000,0.014577205
62,4032,0.014558976
62,4064,0.014525827
62,4096,0.014620775
62,4128,0.0145524535
62,4160,0.014531181
62,4192,0.014562642
62,4224,0.014587374
62,4256,0.014609902
62,4288,0.014623535
62,4320,0.014617429
62,4352,0.0145173
62,4384,0.0145345135
62,4416,0.014560038
62,4448,0.014530506
62,4480,0.014613241
62,4512,0.015567988
62,4544,0.015726132
62,4576,0.015614604
62,4608,0.015607738
62,4640,0.0155680375
62,4672,0.015419226
62,4704,0.01548082
62,4736,0.015464937
62,4768,0.01541717
62,4800,0.015406344
62,4832,0.015388733
62,4864,0.015362475
62,4896,0.015339392
62,4928,0.015292121
62,4960,0.015268128
62,4992,0.015196709
62,5024,0.015205708
62,5056,0.015233409
62,5088,0.0152094085
62,5120,0.015182777
62,5152,0.015165599
62,5184,0.015080505
62,5216,0.015101269
62,5248,0.015067285
62,5280,0.015077307
62,5312,0.015105054
62,5344,0.014970447
62,5376,0.015058707
62,5408,0.015055325
62,5440,0.0150358025
62,5472,0.015013871
62,5504,0.01493466
62,5536,0.014986852
62,5568,0.014985209
62,5600,0.014958334
62,5632,0.014939317
62,5664,0.014911956
62,5696,0.015001312
62,5728,0.014907247
62,5760,0.014908991
62,5792,0.014974738
62,5824,0.014880157
62,5856,0.014871471
62,5888,0.01479664
62,5920,0.014839189
62,5952,0.014888424
62,5984,0.014795415
62,6016,0.014759203
62,6048,0.014877135
62,6080,0.014787088
63,0,0.014825714
63,32,0.0148671875
63,64,0.014801752
63,96,0.01483997
63,128,0.014866932
63,160,0.014864009
63,192,0.014895954
63,224,0.01484351
63,256,0.014753281
63,288,0.014863449
63,320,0.014801903
63,352,0.014738834
63,384,0.014753024
63,416,0.014823252
63,448,0.01480972
63,480,0.014728956
63,512,0.014786048
63,544,0.01473864
63,576,0.014782344
63,608,0.014772713
63,640,0.014748892
63,672,0.014737935
63,704,0.014706646
63,736,0.01464885
63,768,0.014695615
63,800,0.014741516
63,832,0.014777108
63,864,0.014698104
63,896,0.0147449225
63,928,0.014717878
63,960,0.014678462
63,992,0.01475343
63,1024,0.014688162
63,1056,0.014660625
63,1088,0.014700104
63,1120,0.014695931
63,1152,0.01473429
63,1184,0.01472284
63,1216,0.01463354
63,1248,0.014716457
63,1280,0.014693455
63,1312,0.014698854
63,1344,0.014772315
63,1376,0.014723325
63,1408,0.014622897
63,1440,0.014673246
63,1472,0.014690202
63,1504,0.014645008
63,1536,0.014635635
63,1568,0.014633826
63,1600,0.01464855
63,1632,0.014705462
63,1664,0.014634894
63,1696,0.014689003
63,1728,0.014690166
63,1760,0.014674678
63,1792,0.014669678
63,1824,0.01461362
63,1856,0.014642722
63,1888,0.014618662
63,1920,0.014612162
63,1952,0.014593822
63,1984,0.014658339
63,2016,0.014638602
63,2048,0.014583927
63,2080,0.014638839
63,2112,0.014630793
63,2144,0.014631563
63,2176,0.014572917
63,2208,0.014663879
63,2240,0.014540248
63,2272,0.014627249
63,2304,0.014643904
63,2336,0.014595619
63,2368,0.014577009
63,2400,0.014574033
63,2432,0.0146105345
63,2464,0.014653017
63,2496,0.015201338
63,2528,0.015719006
63,2560,0.015611493
63,2592,0.015569785
63,2624,0.015527173
63,2656,0.015579436
63,2688,0.015485809
63,2720,0.015489377
63,2752,0.015414563
63,2784,0.0153354155
63,2816,0.015386544
63,2848,0.015323747
63,2880,0.015278822
63,2912,0.015263012
63,2944,0.015220236
63,2976,0.015202476
63,3008,0.015180436
63,3040,0.015212148
63,3072,0.015146063
63,3104,0.015101711
63,3136,0.015039578
63,3168,0.015094887
63,3200,0.0151182795
63,3232,0.015047458
63,3264,0.0150379
63,3296,0.015019955
63,3328,0.015042812
63,3360,0.015047628
63,3392,0.015038086
63,3424,0.015068909
63,3456,0.014967016
63,3488,0.015053672
63,3520,0.014971453
63,3552,0.014968233
63,3584,0.014905423
63,3616,0.015016852
63,3648,0.014948467
63,3680,0.014954722
63,3712,0.014942928
63,3744,0.0149051165
63,3776,0.014953878
63,3808,0.014917451
63,3840,0.014862992
63,3872,0.014835199
63,3904,0.014906102
63,3936,0.014834013
63,3968,0.014821225
63,4000,0.014830501
63,4032,0.014855037
63,4064,0.014901499
63,4096,0.014812576
63,4128,0.014756501
63,4160,0.014845253
63,4192,0.014832638
63,4224,0.014783665
63,4256,0.01480069
63,4288,0.014776997
63,4320,0.01475801
63,4352,0.0148677705
63,4384,0.0148745645
63,4416,0.014797975
63,4448,0.014734743
63,4480,0.014754179
63,4512,0.014757981
63,4544,0.014729556
63,4576,0.014757829
63,4608,0.014657052
63,4640,0.014721358
63,4672,0.014751979
63,4704,0.01465581
63,4736,0.014681751
63,4768,0.014728552
63,4800,0.014672736
63,4832,0.014661203
63,4864,0.01474068
63,4896,0.014694273
63,4928,0.014667587
63,4960,0.014709531
63,4992,0.014734509
63,5024,0.014624441
63,5056,0.014666523
63,5088,0.014806111
63,5120,0.014669763
63,5152,0.014695247
63,5184,0.014683059
63,5216,0.014660199
63,5248,0.014679764
63,5280,0.014665709
63,5312,0.014597967
63,5344,0.014598183
63,5376,0.014686521
63,5408,0.014689154
63,5440,0.014660054
63,5472,0.014588712
63,5504,0.014580376
63,5536,0.014564189
63,5568,0.014595543
63,5600,0.014630361
63,5632,0.014597333
63,5664,0.014593409
63,5696,0.014567546
63,5728,0.014575692
63,5760,0.01461547
63,5792,0.014577974
63,5824,0.01456815
63,5856,0.01457018
63,5888,0.014589505
63,5920,0.014578422
63,5952,0.014614798
63,5984,0.014546368
63,6016,0.014554176
63,6048,0.014588785
63,6080,0.014593372
64,0,0.014634531
64,32,0.014629903
64,64,0.014639594
64,96,0.014617902
64,128,0.014622695
64,160,0.014582359
64,192,0.014539254
64,224,0.014624576
64,256,0.0146248415
64,288,0.014561327
64,320,0.014600202
64,352,0.0146508785
64,384,0.014546227
64,416,0.014580051
64,448,0.014634204
64,480,0.014928049
64,512,0.015774325
64,544,0.01576273
64,576,0.015731366
64,608,0.015669491
64,640,0.015593404
64,672,0.015580663
64,704,0.015488919
64,736,0.015486139
64,768,0.015490024
64,800,0.015369296
64,832,0.015370472
64,864,0.015372647
64,896,0.015327348
64,928,0.015249655
64,960,0.015260301
64,992,0.015268566
64,1024,0.0152816875
64,1056,0.015203058
64,1088,0.015197262
64,1120,0.01517759
64,1152,0.015177691
64,1184,0.015175571
64,1216,0.015128904
64,1248,0.015123485
64,1280,0.015053487
64,1312,0.015071076
64,1344,0.015118368
64,1376,0.015064703
64,1408,0.015056653
64,1440,0.015044676
64,1472,0.015105601
64,1504,0.015016187
64,1536,0.01502832
64,1568,0.014974797
64,1600,0.014949708
64,1632,0.014979926
64,1664,0.014962939
64,1696,0.014894127
64,1728,0.014943279
64,1760,0.014879638
64,1792,0.014955904
64,1824,0.0148589965
64,1856,0.014816144
64,1888,0.0149125885
64,1920,0.014883747
64,1952,0.014833791
64,1984,0.0148871085
64,2016,0.014904126
64,2048,0.014850516
64,2080,0.014885613
64,2112,0.014806382
64,2144,0.014822048
64,2176,0.01485481
64,2208,0.014870038
64,2240,0.014902197
64,2272,0.01489014
64,2304,0.014785099
64,2336,0.014818433
64,2368,0.014885919
64,2400,0.014814613
64,2432,0.014817777
64,2464,0.014888587
64,2496,0.014726304
64,2528,0.01477849
64,2560,0.014813945
64,2592,0.014754541
64,2624,0.014849267
64,2656,0.014779588
64,2688,0.014831145
64,2720,0.014764754
64,2752,0.014787547
64,2784,0.014809363
64,2816,0.0146871675
64,2848,0.014792448
64,2880,0.014786119
64,2912,0.01472351
64,2944,0.01478803
64,2976,0.014753442
64,3008,0.014709912
64,3040,0.01472
64,3072,0.014696498
64,3104,0.014799186
64,3136,0.014779281
64,3168,0.014672734
64,3200,0.014673996
64,3232,0.0146771055
64,3264,0.014682076
64,3296,0.014649075
64,3328,0.014617274
64,3360,0.014709362
64,3392,0.014709507
64,3424,0.014643041
64,3456,0.0147382
64,3488,0.014670604
64,3520,0.01464911
64,3552,0.01465699
64,3584,0.014637262
64,3616,0.014623686
64,3648,0.014679859
64,3680,0.014667317
64,3712,0.014597722
64,3744,0.014635513
64,3776,0.014626508
64,3808,0.014641882
64,3840,0.014627137
64,3872,0.014653607
64,3904,0.014654469
64,3936,0.014613872
64,3968,0.014669531
64,4000,0.014664083
64,4032,0.0146110505
64,4064,0.014651666
64,4096,0.014677031
64,4128,0.014629838
64,4160,0.0146440035
64,4192,0.014635814
64,4224,0.014599007
64,4256,0.014681716
64,4288,0.0146096265
64,4320,0.014594017
64,4352,0.014600467
64,4384,0.014569223
64,4416,0.014642002
64,4448,0.014610902
64,4480,0.014610604
64,4512,0.014562934
64,4544,0.014580704
64,4576,0.014942371
64,4608,0.015811972
64,4640,0.015757745
64,4672,0.01569508
64,4704,0.015620917
64,4736,0.015577008
64,4768,0.015540956
64,4800,0.015418012
64,4832,0.015385624
64,4864,0.015300337
64,4896,0.015380315
64,4928,0.015397076
64,4960,0.015348639
64,4992,0.015333242
64,5024,0.015303748
64,5056,0.015249063
64,5088,0.015292091
64,5120,0.015276247
64,5152,0.0152248945
64,5184,0.015160279
64,5216,0.015190477
64,5248,0.015088268
64,5280,0.015192305
64,5312,0.015137737
64,5344,0.015149932
64,5376,0.01511839
64,5408,0.015048549
64,5440,0.0150433
64,5472,0.015076799
64,5504,0.015062239
64,5536,0.014995916
64,5568,0.015048013
64,5600,0.015024587
64,5632,0.015017619
64,5664,0.015029254
64,5696,0.015026233
64,5728,0.014934071
64,5760,0.014957939
64,5792,0.014919309
64,5824,0.014958059
64,5856,0.014884232
64,5888,0.014955012
64,5920,0.014887244
64,5952,0.014897535
64,5984,0.01499781
64,6016,0.0148990005
64,6048,0.01483484
64,6080,0.014913051
65,0,0.014864163
65,32,0.014930915
65,64,0.014900111
65,96,0.014893569
65,128,0.014866817
65,160,0.014879414
65,192,0.014887915
65,224,0.014868899
65,256,0.014844962
65,288,0.014836784
65,320,0.0148608
65,352,0.0148916915
65,384,0.0148423
65,416,0.014905048
65,448,0.014841984
65,480,0.014822102
65,512,0.014800273
65,544,0.014802169
65,576,0.014832397
65,608,0.014786821
65,640,0.014838476
65,672,0.014804899
65,704,0.014783488
65,736,0.01481459
65,768,0.014834808
65,800,0.014777226
65,832,0.014796265
65,864,0.014728774
65,896,0.014749197
65,928,0.014699398
65,960,0.014750701
65,992,0.014756447
65,1024,0.014796098
65,1056,0.01471717
65,1088,0.014816204
65,1120,0.014764698
65,1152,0.014735276
65,1184,0.014770335
65,1216,0.014748373
65,1248,0.014786643
65,1280,0.014741079
65,1312,0.014708772
65,1344,0.014768667
65,1376,0.0147013385
65,1408,0.014689598
65,1440,0.014764505
65,1472,0.014732306
65,1504,0.014670052
65,1536,0.014707914
65,1568,0.014736943
65,1600,0.014726186
65,1632,0.014733066
65,1664,0.014641091
65,1696,0.014706014
65,1728,0.014755872
65,1760,0.01468262
65,1792,0.014617132
65,1824,0.014734128
65,1856,0.014688949
65,1888,0.014694048
65,1920,0.014706653
65,1952,0.014618568
65,1984,0.014650416
65,2016,0.014661383
65,2048,0.014670334
65,2080,0.014727176
65,2112,0.0146556245
65,2144,0.0146997245
65,2176,0.01464966
65,2208,0.014687329
65,2240,0.014634291
65,2272,0.014530998
65,2304,0.0146435425
65,2336,0.014657403
65,2368,0.014645829
65,2400,0.01462272
65,2432,0.014727468
65,2464,0.014580872
65,2496,0.01464616
65,2528,0.014694303
65,2560,0.014663553
65,2592,0.015895145
65,2624,0.015820924
65,2656,0.015707921
65,2688,0.015665146
65,2720,0.015618522
65,2752,0.015646882
65,2784,0.015535727
65,2816,0.015547529
65,2848,0.0155385975
65,2880,0.015489142
65,2912,0.0153078465
65,2944,0.01537562
65,2976,0.0153529905
65,3008,0.015344586
65,3040,0.015305684
65,3072,0.01527786
65,3104,0.015217562
65,3136,0.015289713
65,3168,0.015290156
65,3200,0.015210613
65,3232,0.015212386
65,3264,0.015173458
65,3296,0.0151628675
65,3328,0.015173088
65,3360,0.0151447635
65,3392,0.0150629245
65,3424,0.015159914
65,3456,0.015081593
65,3488,0.015064174
65,3520,0.015056281
65,3552,0.015085385
65,3584,0.014980257
65,3616,0.015046887
65,3648,0.015051927
65,3680,0.015058515
65,3712,0.0150124775
65,3744,0.015056711
65,3776,0.015031737
65,3808,0.014979712
65,3840,0.014976207
65,3872,0.014951147
65,3904,0.014907209
65,3936,0.015044635
65,3968,0.014994562
65,4000,0.014970033
65,4032,0.014911828
65,4064,0.014884875
65,4096,0.014909354
65,4128,0.014929775
65,4160,0.01488621
65,4192,0.01490493
65,4224,0.0148861725
65,4256,0.014902227
65,4288,0.014831673
65,4320,0.014861336
65,4352,0.014847965
65,4384,0.014868725
65,4416,0.014848831
65,4448,0.014926059
65,4480,0.014821823
65,4512,0.014803927
65,4544,0.014881506
65,4576,0.01479989
65,4608,0.014858691
65,4640,0.014892823
65,4672,0.0148100285
65,4704,0.014775305
65,4736,0.014834008
65,4768,0.014775839
65,4800,0.014784644
65,4832,0.014909004
65,4864,0.014740235
65,4896,0.014777009
65,4928,0.014818882
65,4960,0.014726416
65,4992,0.014782209
65,5024,0.014767277
65,5056,0.014781066
65,5088,0.014782856
65,5120,0.014835401
65,5152,0.0147299385
65,5184,0.014764089
65,5216,0.014743918
65,5248,0.014748142
65,5280,0.0147661995
65,5312,0.014733204
65,5344,0.01468738
65,5376,0.014771421
65,5408,0.014707362
65,5440,0.014730824
65,5472,0.014783639
65,5504,0.014766613
65,5536,0.014755651
65,5568,0.014613695
65,5600,0.014725374
65,5632,0.014747142
65,5664,0.0147221275
65,5696,0.014765416
65,5728,0.014714743
65,5760,0.014643419
65,5792,0.014701983
65,5824,0.014647826
65,5856,0.01473347
65,5888,0.014667971
65,5920,0.014697705
65,5952,0.014671931
65,5984,0.014643913
65,6016,0.014717196
65,6048,0.0146364
65,6080,0.014697052
66,0,0.014581524
66,32,0.014735188
66,64,0.014649549
66,96,0.014651981
66,128,0.014672521
66,160,0.01468437
66,192,0.014618987
66,224,0.014681603
66,256,0.01470214
66,288,0.014631434
66,320,0.014676961
66,352,0.014717175
66,384,0.014691836
66,416,0.014666887
66,448,0.014656807
66,480,0.014623944
66,512,0.014708979
66,544,0.014661115
66,576,0.015605192
66,608,0.015817357
66,640,0.015753204
66,672,0.015670838
66,704,0.01564769
66,736,0.015587485
66,768,0.015560597
66,800,0.015515826
66,832,0.015463808
66,864,0.015465756
66,896,0.015467087
66,928,0.015335955
66,960,0.015387351
66,992,0.015365615
66,1024,0.015282836
66,1056,0.015260027
66,1088,0.0153147625
66,1120,0.015245373
66,1152,0.015222728
66,1184,0.015315911
66,1216,0.015226413
66,1248,0.015163047
66,1280,0.015193344
66,1312,0.0151563
66,1344,0.0151636135
66,1376,0.015118196
66,1408,0.01514581
66,1440,0.015092473
66,1472,0.015076606
66,1504,0.015059676
66,1536,0.015076547
66,1568,0.014989528
66,1600,0.015004488
66,1632,0.014995826
66,1664,0.015057857
66,1696,0.01501155
66,1728,0.01502932
66,1760,0.015010277
66,1792,0.014926348
66,1824,0.015010315
66,1856,0.014998097
66,1888,0.014895782
66,1920,0.0149983475
66,1952,0.015054749
66,1984,0.014983915
66,2016,0.014947673
66,2048,0.014942057
66,2080,0.014989164
66,2112,0.014913136
66,2144,0.014900696
66,2176,0.01486708
66,2208,0.01492322
66,2240,0.014986873
66,2272,0.014864817
66,2304,0.014881407
66,2336,0.014880693
66,2368,0.01487631
66,2400,0.01493104
66,2432,0.014937448
66,2464,0.0148762725
66,2496,0.0148946075
66,2528,0.014873038
66,2560,0.0148966955
66,2592,0.014811482
66,2624,0.0148525685
66,2656,0.014876313
66,2688,0.014820348
66,2720,0.014812284
66,2752,0.014861095
66,2784,0.01484958
66,2816,0.0147794625
66,2848,0.01480108
66,2880,0.014750716
66,2912,0.014783785
66,2944,0.014801417
66,2976,0.0147297615
66,3008,0.014785968
66,3040,0.014732163
66,3072,0.014815226
66,3104,0.014768616
66,3136,0.014780805
66,3168,0.014864288
66,3200,0.014791811
66,3232,0.014735393
66,3264,0.014783483
66,3296,0.014723385
66,3328,0.014712785
66,3360,0.01477569
66,3392,0.014732881
66,3424,0.014746238
66,3456,0.014755605
66,3488,0.014721904
66,3520,0.01472619
66,3552,0.014794765
66,3584,0.014721908
66,3616,0.01470473
66,3648,0.014723161
66,3680,0.014709208
66,3712,0.0147840595
66,3744,0.014693412
66,3776,0.014679383
66,3808,0.014715298
66,3840,0.014698799
66,3872,0.014724462
66,3904,0.014695805
66,3936,0.014698069
66,3968,0.014719637
66,4000,0.014727103
66,4032,0.014697804
66,4064,0.014694419
66,4096,0.014709467
66,4128,0.0147586325
66,4160,0.014698901
66,4192,0.014650093
66,4224,0.014648544
66,4256,0.014626214
66,4288,0.01470116
66,4320,0.014637114
66,4352,0.014748825
66,4384,0.014671777
66,4416,0.014674679
66,4448,0.014618181
66,4480,0.014685611
66,4512,0.0146902315
66,4544,0.014659191
66,4576,0.014613236
66,4608,0.014667109
66,4640,0.014619213
66,4672,0.015613144
66,4704,0.01580793
66,4736,0.015718106
66,4768,0.015703663
66,4800,0.01565734
66,4832,0.015596516
66,4864,0.015541508
66,4896,0.015545805
66,4928,0.015448065
66,4960,0.015383602
66,4992,0.015364401
66,5024,0.015381564
66,5056,0.015398051
66,5088,0.01538509
66,5120,0.015312288
66,5152,0.015258906
66,5184,0.015259058
66,5216,0.015197121
66,5248,0.0152587015
66,5280,0.015184452
66,5312,0.015142114
66,5344,0.015191323
66,5376,0.01519209
66,5408,0.0152391
66,5440,0.015174281
66,5472,0.015179148
66,5504,0.015117957
66,5536,0.015085363
66,5568,0.0151337935
66,5600,0.0150606185
66,5632,0.01505591
66,5664,0.015070432
66,5696,0.015045659
66,5728,0.014944678
66,5760,0.01503783
66,5792,0.015055992
66,5824,0.01500224
66,5856,0.015049224
66,5888,0.014963276
66,5920,0.015021257
66,5952,0.014993498
66,5984,0.014972979
66,6016,0.01495979
66,6048,0.014975242
66,6080,0.014974774
67,0,0.01486614
67,32,0.014931245
67,64,0.014959469
67,96,0.014904737
67,128,0.014870884
67,160,0.014902075
67,192,0.014857646
67,224,0.0148845315
67,256,0.01493378
67,288,0.01491574
67,320,0.014941201
67,352,0.014869001
67,384,0.014863865
67,416,0.014897668
67,448,0.014918322
67,480,0.01492546
67,512,0.0148928175
67,544,0.014886639
67,576,0.014790443
67,608,0.014932115
67,640,0.014827156
67,672,0.014801319
67,704,0.014846358
67,736,0.01482014
67,768,0.014836646
67,800,0.01482364
67,832,0.014841572
67,864,0.014810563
67,896,0.0148005085
67,928,0.014856007
67,960,0.0148215275
67,992,0.0147672035
67,1024,0.014760503
67,1056,0.014781881
67,1088,0.014784268
67,1120,0.014804765
67,1152,0.014755683
67,1184,0.014827759
67,1216,0.014774626
67,1248,0.014761974
67,1280,0.014724973
67,1312,0.014825095
67,1344,0.014720677
67,1376,0.014850528
67,1408,0.014787945
67,1440,0.014765873
67,1472,0.0147892665
67,1504,0.014769894
67,1536,0.014803294
67,1568,0.014730874
67,1600,0.014729617
67,1632,0.014770333
67,1664,0.0147064505
67,1696,0.014755402
67,1728,0.014654815
67,1760,0.014717702
67,1792,0.014775647
67,1824,0.014690994
67,1856,0.014765365
67,1888,0.014659647
67,1920,0.014717866
67,1952,0.014722289
67,1984,0.014761988
67,2016,0.0147249745
67,2048,0.014667557
67,2080,0.01472279
67,2112,0.014655997
67,2144,0.014740077
67,2176,0.014690038
67,2208,0.014708967
67,2240,0.014679705
67,2272,0.014701274
67,2304,0.014663455
67,2336,0.014675634
67,2368,0.014726411
67,2400,0.0145918615
67,2432,0.014656423
67,2464,0.014625428
67,2496,0.014653686
67,2528,0.014660224
67,2560,0.014675172
67,2592,0.014696817
67,2624,0.014626896
67,2656,0.015419439
67,2688,0.015845684
67,2720,0.015777305
67,2752,0.015737487
67,2784,0.015732247
67,2816,0.015725123
67,2848,0.0156223215
67,2880,0.015492947
67,2912,0.015562606
67,2944,0.015528002
67,2976,0.01546671
67,3008,0.015425742
67,3040,0.015440606
67,3072,0.01534538
67,3104,0.015432491
67,3136,0.015292655
67,3168,0.015341559
67,3200,0.015289208
67,3232,0.01533255
67,3264,0.015277317
67,3296,0.015240838
67,3328,0.015292195
67,3360,0.015209717
67,3392,0.015228453
67,3424,0.015189655
67,3456,0.015165344
67,3488,0.01517558
67,3520,0.015157513
67,3552,0.0151243415
67,3584,0.015124119
67,3616,0.01511201
67,3648,0.015161435
67,3680,0.015087616
67,3712,0.015108758
67,3744,0.0151671115
67,3776,0.015013568
67,3808,0.0151185235
67,3840,0.015036148
67,3872,0.015031076
67,3904,0.015018251
67,3936,0.015060103
67,3968,0.014995032
67,4000,0.015019461
67,4032,0.015024248
67,4064,0.014928302
67,4096,0.014996233
67,4128,0.014899446
67,4160,0.015001893
67,4192,0.014932442
67,4224,0.0149571365
67,4256,0.015006872
67,4288,0.014957232
67,4320,0.015008924
67,4352,0.014862328
67,4384,0.0149800535
67,4416,0.01489934
67,4448,0.0149169685
67,4480,0.014908887
67,4512,0.014920333
67,4544,0.014864626
67,4576,0.014915042
67,4608,0.014878664
67,4640,0.014878303
67,4672,0.01483226
67,4704,0.014830754
67,4736,0.014885892
67,4768,0.014914454
67,4800,0.01494771
67,4832,0.014902652
67,4864,0.014839084
67,4896,0.014839056
67,4928,0.014844439
67,4960,0.01489081
67,4992,0.014773814
67,5024,0.014787072
67,5056,0.014871535
67,5088,0.014782005
67,5120,0.014833132
67,5152,0.014795806
67,5184,0.014784088
67,5216,0.014840532
67,5248,0.014787361
67,5280,0.014806114
67,5312,0.0148298405
67,5344,0.014764077
67,5376,0.01478914
67,5408,0.014857785
67,5440,0.014768688
67,5472,0.014778239
67,5504,0.014818862
67,5536,0.014859876
67,5568,0.0147986235
67,5600,0.014745313
67,5632,0.014783628
67,5664,0.014818966
67,5696,0.014828841
67,5728,0.014814301
67,5760,0.014749705
67,5792,0.014744293
67,5824,0.014780444
67,5856,0.014828677
67,5888,0.014697415
67,5920,0.014682364
67,5952,0.014745963
67,5984,0.014693996
67,6016,0.014794816
67,6048,0.014750203
67,6080,0.014715175
68,0,0.014722693
68,32,0.0147327995
68,64,0.014759291
68,96,0.0146747315
68,128,0.014660709
68,160,0.014794773
68,192,0.014728612
68,224,0.014752001
68,256,0.014807759
68,288,0.014720381
68,320,0.014748157
68,352,0.014691303
68,384,0.014805375
68,416,0.014752658
68,448,0.014670182
68,480,0.014717428
68,512,0.014743791
68,544,0.014740339
68,576,0.014664203
68,608,0.014714309
68,640,0.015066525
68,672,0.015923223
68,704,0.01582003
68,736,0.015745241
68,768,0.015679818
68,800,0.015678799
68,832,0.015630733
68,864,0.015574917
68,896,0.015616489
68,928,0.015567655
68,960,0.015483379
68,992,0.015485089
68,1024,0.0154955685
68,1056,0.015452648
68,1088,0.015379127
68,1120,0.0153113315
68,1152,0.015306988
68,1184,0.015293843
68,1216,0.01533501
68,1248,0.015300812
68,1280,0.015228491
68,1312,0.015303707
68,1344,0.0152483815
68,1376,0.015160774
68,1408,0.015232702
68,1440,0.015191903
68,1472,0.015171699
68,1504,0.0151715465
68,1536,0.015119809
68,1568,0.015167493
68,1600,0.015079314
68,1632,0.015114207
68,1664,0.01513326
68,1696,0.015135753
68,1728,0.0151134245
68,1760,0.015018876
68,1792,0.0150871985
68,1824,0.01504739
68,1856,0.015118618
68,1888,0.015054758
68,1920,0.015055315
68,1952,0.015029465
68,1984,0.015002275
68,2016,0.015050052
68,2048,0.0149956355
68,2080,0.015020555
68,2112,0.014957943
68,2144,0.015034367
68,2176,0.014988689
68,2208,0.015067281
68,2240,0.014990798
68,2272,0.015050028
68,2304,0.014916701
68,2336,0.014927805
68,2368,0.014867512
68,2400,0.014946381
68,2432,0.014927967
68,2464,0.015009507
68,2496,0.01479693
68,2528,0.014929942
68,2560,0.014921758
68,2592,0.014901716
68,2624,0.014955324
68,2656,0.014874131
68,2688,0.014903011
68,2720,0.014912741
68,2752,0.014916617
68,2784,0.014910876
68,2816,0.014896054
68,2848,0.01493583
68,2880,0.014789555
68,2912,0.0149179585
68,2944,0.014874093
68,2976,0.014864322
68,3008,0.014798453
68,3040,0.014893655
68,3072,0.014777119
68,3104,0.014818161
68,3136,0.014936674
68,3168,0.014797356
68,3200,0.014772351
68,3232,0.014916437
68,3264,0.0148901045
68,3296,0.0147399185
68,3328,0.014787713
68,3360,0.014792655
68,3392,0.014783777
68,3424,0.014742515
68,3456,0.014907565
68,3488,0.014775129
68,3520,0.014754814
68,3552,0.014812828
68,3584,0.014739326
68,3616,0.014801165
68,3648,0.01474125
68,3680,0.014801321
68,3712,0.014783517
68,3744,0.014802838
68,3776,0.014786608
68,3808,0.0147459395
68,3840,0.014814628
68,3872,0.014777525
68,3904,0.014778644
68,3936,0.0148449065
68,3968,0.014666496
68,4000,0.014695068
68,4032,0.014741966
68,4064,0.01479494
68,4096,0.014762981
68,4128,0.0147487
68,4160,0.01472426
68,4192,0.014736768
68,4224,0.014769269
68,4256,0.014652925
68,4288,0.014655725
68,4320,0.014716013
68,4352,0.014708275
68,4384,0.014742525
68,4416,0.014698205
68,4448,0.014735714
68,4480,0.014691417
68,4512,0.014779545
68,4544,0.014688282
68,4576,0.014719299
68,4608,0.014736942
68,4640,0.014679322
68,4672,0.014686183
68,4704,0.014721858
68,4736,0.015104922
68,4768,0.01596452
68,4800,0.01590516
68,4832,0.015714085
68,4864,0.015775006
68,4896,0.015600164
68,4928,0.015661553
68,4960,0.015529528
68,4992,0.015581489
68,5024,0.015504612
68,5056,0.015553253
68,5088,0.0153859705
68,5120,0.015429387
68,5152,0.015380301
68,5184,0.015333914
68,5216,0.015399517
68,5248,0.015390427
68,5280,0.015311532
68,5312,0.015297071
68,5344,0.015302537
68,5376,0.015283077
68,5408,0.015319686
68,5440,0.015309572
68,5472,0.015252581
68,5504,0.015257621
68,5536,0.015249557
68,5568,0.015164937
68,5600,0.01518413
68,5632,0.015188056
68,5664,0.01521111
68,5696,0.015089561
68,5728,0.015070251
68,5760,0.015057787
68,5792,0.015116923
68,5824,0.015077123
68,5856,0.015093002
68,5888,0.015104634
68,5920,0.015066434
68,5952,0.01510383
68,5984,0.015058006
68,6016,0.0150902355
68,6048,0.0150156
68,6080,0.01500261
69,0,0.015047934
69,32,0.014999515
69,64,0.01508428
69,96,0.015001167
69,128,0.015044368
69,160,0.015007545
69,192,0.015022273
69,224,0.01500535
69,256,0.014994903
69,288,0.014984597
69,320,0.014991883
69,352,0.014937621
69,384,0.0149649605
69,416,0.01494436
69,448,0.014940884
69,480,0.014911844
69,512,0.014937214
69,544,0.014981198
69,576,0.014929571
69,608,0.014964297
69,640,0.01491521
69,672,0.014998803
69,704,0.015019956
69,736,0.014908716
69,768,0.014945317
69,800,0.014886106
69,832,0.014896943
69,864,0.014916548
69,896,0.014897637
69,928,0.014934172
69,960,0.014825086
69,992,0.014882768
69,1024,0.014918154
69,1056,0.014820812
69,1088,0.014908661
69,1120,0.014913239
69,1152,0.01487123
69,1184,0.014866338
69,1216,0.014903093
69,1248,0.014931696
69,1280,0.014910675
69,1312,0.014877881
69,1344,0.014924746
69,1376,0.014859005
69,1408,0.014813771
69,1440,0.0148292845
69,1472,0.014789997
69,1504,0.014868333
69,1536,0.014816836
69,1568,0.014792981
69,1600,0.014791706
69,1632,0.014768822
69,1664,0.0147698065
69,1696,0.014815382
69,1728,0.014819072
69,1760,0.014768101
69,1792,0.01478812
69,1824,0.014817571
69,1856,0.01482246
69,1888,0.014779719
69,1920,0.014793121
69,1952,0.014731217
69,1984,0.014802094
69,2016,0.014779589
69,2048,0.014736837
69,2080,0.014750524
69,2112,0.014835545
69,2144,0.014777671
69,2176,0.014743531
69,2208,0.014698735
69,2240,0.014721863
69,2272,0.014779407
69,2304,0.014761563
69,2336,0.014731454
69,2368,0.014771738
69,2400,0.014699609
69,2432,0.014715761
69,2464,0.014750197
69,2496,0.014780217
69,2528,0.014726246
69,2560,0.014758403
69,2592,0.014719924
69,2624,0.0147116445
69,2656,0.014781835
69,2688,0.0148439985
69,2720,0.014798086
69,2752,0.016081069
69,2784,0.015822832
69,2816,0.015799668
69,2848,0.015816227
69,2880,0.015697807
69,2912,0.015665978
69,2944,0.015619783
69,2976,0.015596602
69,3008,0.015660644
69,3040,0.015516428
69,3072,0.015475549
69,3104,0.01549997
69,3136,0.015468637
69,3168,0.015396894
69,3200,0.015412012
69,3232,0.015349763
69,3264,0.0153513
69,3296,0.0153938355
69,3328,0.015376362
69,3360,0.015294718
69,3392,0.015343731
69,3424,0.015248575
69,3456,0.015278453
69,3488,0.015289129
69,3520,0.0153442025
69,3552,0.015187635
69,3584,0.015237073
69,3616,0.015124391
69,3648,0.015149334
69,3680,0.015207483
69,3712,0.015199107
69,3744,0.015145848
69,3776,0.015144457
69,3808,0.015095391
69,3840,0.015092918
69,3872,0.01516816
69,3904,0.015171857
69,3936,0.015060451
69,3968,0.015071584
69,4000,0.015049466
69,4032,0.015047473
69,4064,0.015084804
69,4096,0.015043423
69,4128,0.015049118
69,4160,0.014955371
69,4192,0.015017637
69,4224,0.015007186
69,4256,0.015016288
69,4288,0.015022205
69,4320,0.015042906
69,4352,0.015024856
69,4384,0.015039528
69,4416,0.014978602
69,4448,0.015017545
69,4480,0.014967544
69,4512,0.014969368
69,4544,0.014964322
69,4576,0.014966217
69,4608,0.014932091
69,4640,0.015004564
69,4672,0.014859384
69,4704,0.015045695
69,4736,0.014951781
69,4768,0.014894103
69,4800,0.014921365
69,4832,0.0149083
69,4864,0.014966235
69,4896,0.014944047
69,4928,0.014933999
69,4960,0.014925873
69,4992,0.014917771
69,5024,0.014856494
69,5056,0.014904065
69,5088,0.0149137415
69,5120,0.014885024
69,5152,0.014908218
69,5184,0.014900176
69,5216,0.014867925
69,5248,0.014790611
69,5280,0.014816091
69,5312,0.014854991
69,5344,0.014797879
69,5376,0.014820417
69,5408,0.014885897
69,5440,0.0148181645
69,5472,0.014859002
69,5504,0.014852031
69,5536,0.014862738
69,5568,0.014858199
69,5600,0.014802818
69,5632,0.014877141
69,5664,0.014814442
69,5696,0.014832602
69,5728,0.014803295
69,5760,0.014787069
69,5792,0.014783382
69,5824,0.014827767
69,5856,0.01475293
69,5888,0.014811792
69,5920,0.014759786
69,5952,0.01477911
69,5984,0.014820829
69,6016,0.014809632
69,6048,0.0148185035
69,6080,0.014772241
70,0,0.014728383
70,32,0.014782016
70,64,0.014775463
70,96,0.014838296
70,128,0.0148239555
70,160,0.014736599
70,192,0.014795225
70,224,0.014759364
70,256,0.014860192
70,288,0.014778957
70,320,0.01475281
70,352,0.0147814965
70,384,0.014757026
70,416,0.014813671
70,448,0.014761341
70,480,0.014776282
70,512,0.014735151
70,544,0.014744558
70,576,0.01480727
70,608,0.014749364
70,640,0.014762783
70,672,0.014784053
70,704,0.014743867
70,736,0.0156893
70,768,0.015905512
70,800,0.01584763
70,832,0.015817935
70,864,0.015737575
70,896,0.01568157
70,928,0.0155888675
70,960,0.015516529
70,992,0.015563462
70,1024,0.015557325
70,1056,0.015585154
70,1088,0.015466958
70,1120,0.015469437
70,1152,0.01547687
70,1184,0.015443704
70,1216,0.015365489
70,1248,0.015372457
70,1280,0.015428517
70,1312,0.015311023
70,1344,0.015287411
70,1376,0.015312495
70,1408,0.015345159
70,1440,0.015271574
70,1472,0.015234147
70,1504,0.015318846
70,1536,0.015185335
70,1568,0.015197703
70,1600,0.0152003765
70,1632,0.015193497
70,1664,0.0152035095
70,1696,0.015173526
70,1728,0.01518053
70,1760,0.01514103
70,1792,0.015226602
70,1824,0.01523514
70,1856,0.015128351
70,1888,0.015191897
70,1920,0.015178954
70,1952,0.015118543
70,1984,0.01509221
70,2016,0.015086182
70,2048,0.015108405
70,2080,0.015029043
70,2112,0.015098797
70,2144,0.015117742
70,2176,0.015137256
70,2208,0.015036301
70,2240,0.015000068
70,2272,0.015044228
70,2304,0.015018329
70,2336,0.014975596
70,2368,0.015056278
70,2400,0.015004281
70,2432,0.0150011135
70,2464,0.0149850445
70,2496,0.014986208
70,2528,0.014980083
70,2560,0.0149688125
70,2592,0.015000472
70,2624,0.014957017
70,2656,0.014959396
70,2688,0.014905633
70,2720,0.014966202
70,2752,0.01490502
70,2784,0.014928838
70,2816,0.01490639
70,2848,0.015025697
70,2880,0.01497398
70,2912,0.014883426
70,2944,0.014867745
70,2976,0.0148886265
70,3008,0.014895856
70,3040,0.014894552
70,3072,0.014902239
70,3104,0.014851536
70,3136,0.014865851
70,3168,0.014916019
70,3200,0.014893795
70,3232,0.014925958
70,3264,0.014877471
70,3296,0.014913657
70,3328,0.014909082
70,3360,0.01490623
70,3392,0.014877821
70,3424,0.014854136
70,3456,0.014860845
70,3488,0.014820879
70,3520,0.014833549
70,3552,0.014829502
70,3584,0.014862559
70,3616,0.014863465
70,3648,0.014850127
70,3680,0.0148066655
70,3712,0.014856968
70,3744,0.014833536
70,3776,0.014852591
70,3808,0.014824493
70,3840,0.01485911
70,3872,0.014714311
70,3904,0.014917811
70,3936,0.014845547
70,3968,0.014857658
70,4000,0.014837915
70,4032,0.014748417
70,4064,0.014807376
70,4096,0.014795669
70,4128,0.014749433
70,4160,0.014738029
70,4192,0.014728065
70,4224,0.014743284
70,4256,0.014758991
70,4288,0.014760553
70,4320,0.014726876
70,4352,0.014799394
70,4384,0.014771038
70,4416,0.014771817
70,4448,0.014753885
70,4480,0.014803458
70,4512,0.0147657115
70,4544,0.014750745
70,4576,0.014779223
70,4608,0.014772056
70,4640,0.014754917
70,4672,0.014768657
70,4704,0.01484418
70,4736,0.01476054
70,4768,0.014818365
70,4800,0.014679666
70,4832,0.015804598
70,4864,0.015913269
70,4896,0.015917957
70,4928,0.015820403
70,4960,0.01579118
70,4992,0.015699005
70,5024,0.015604892
70,5056,0.015680304
70,5088,0.015618757
70,5120,0.015535225
70,5152,0.015510066
70,5184,0.015532473
70,5216,0.015459216
70,5248,0.015495976
70,5280,0.015447915
70,5312,0.0154374745
70,5344,0.015405498
70,5376,0.015441606
70,5408,0.015387988
70,5440,0.015325737
70,5472,0.0153620085
70,5504,0.015247334
70,5536,0.015336106
70,5568,0.015277175
70,5600,0.015261889
70,5632,0.015282488
70,5664,0.015211951
70,5696,0.015184218
70,5728,0.015265093
70,5760,0.0152018815
70,5792,0.015192493
70,5824,0.015214196
70,5856,0.015194415
70,5888,0.015079039
70,5920,0.015120193
70,5952,0.0151679665
70,5984,0.015133986
70,6016,0.015162433
70,6048,0.015134039
70,6080,0.015144549
71,0,0.015207696
71,32,0.015089346
71,64,0.015161168
71,96,0.015161861
71,128,0.015132641
71,160,0.015212307
71,192,0.01516283
71,224,0.015014476
71,256,0.015146133
71,288,0.015049503
71,320,0.015042303
71,352,0.015078205
71,384,0.015003712
71,416,0.0150845945
71,448,0.015030331
71,480,0.015106012
71,512,0.015021113
71,544,0.015091755
71,576,0.015021553
71,608,0.0150244115
71,640,0.014981835
71,672,0.014936489
71,704,0.0150114745
71,736,0.01503539
71,768,0.014955899
71,800,0.015003342
71,832,0.015005804
71,864,0.014983646
71,896,0.014986201
71,928,0.014989559
71,960,0.01498654
71,992,0.01497674
71,1024,0.014978224
71,1056,0.015033587
71,1088,0.01487992
71,1120,0.014926035
71,1152,0.014974346
71,1184,0.014884244
71,1216,0.014900024
71,1248,0.01490884
71,1280,0.01491455
71,1312,0.014934058
71,1344,0.014967456
71,1376,0.014928676
71,1408,0.014848061
71,1440,0.014905406
71,1472,0.014915495
71,1504,0.014924864
71,1536,0.014862456
71,1568,0.014848444
71,1600,0.014906589
71,1632,0.014984546
71,1664,0.014887389
71,1696,0.0148693705
71,1728,0.014881349
71,1760,0.01484972
71,1792,0.014888693
71,1824,0.014822532
71,1856,0.014855956
71,1888,0.014849962
71,1920,0.014868243
71,1952,0.014858619
71,1984,0.014794699
71,2016,0.014864411
71,2048,0.014873272
71,2080,0.014883892
71,2112,0.014854496
71,2144,0.014875887
71,2176,0.014866481
71,2208,0.014823168
71,2240,0.014788571
71,2272,0.014713521
71,2304,0.014848959
71,2336,0.014800788
71,2368,0.014830971
71,2400,0.014870898
71,2432,0.014878839
71,2464,0.014791758
71,2496,0.014844432
71,2528,0.01480605
71,2560,0.014756606
71,2592,0.014788742
71,2624,0.014892258
71,2656,0.01476737
71,2688,0.014829642
71,2720,0.014813671
71,2752,0.014821051
71,2784,0.01481835
71,2816,0.015551987
71,2848,0.016037919
71,2880,0.015984682
71,2912,0.015881445
71,2944,0.015771843
71,2976,0.015631095
71,3008,0.015768763
71,3040,0.015699802
71,3072,0.015632007
71,3104,0.015623889
71,3136,0.015633848
71,3168,0.015538733
71,3200,0.015546245
71,3232,0.015518017
71,3264,0.015487815
71,3296,0.015399402
71,3328,0.015498659
71,3360,0.015438674
71,3392,0.015382466
71,3424,0.015393665
71,3456,0.015459064
71,3488,0.015394983
71,3520,0.015413605
71,3552,0.015287418
71,3584,0.015359076
71,3616,0.015277846
71,3648,0.015304575
71,3680,0.0152517175
71,3712,0.015251829
71,3744,0.01527599
71,3776,0.015264213
71,3808,0.015243296
71,3840,0.015155948
71,3872,0.015252791
71,3904,0.015142366
71,3936,0.015234825
71,3968,0.015181135
71,4000,0.015140485
71,4032,0.015159384
71,4064,0.015105021
71,4096,0.015114118
71,4128,0.015124697
71,4160,0.015122517
71,4192,0.015092454
71,4224,0.015140099
71,4256,0.015131489
71,4288,0.015154155
71,4320,0.015113735
71,4352,0.015011424
71,4384,0.015075877
71,4416,0.015088866
71,4448,0.015015587
71,4480,0.015068597
71,4512,0.0150987385
71,4544,0.015093651
71,4576,0.01502611
71,4608,0.015027013
71,4640,0.014997308
71,4672,0.015007638
71,4704,0.0149874585
71,4736,0.014974295
71,4768,0.015000366
71,4800,0.014988734
71,4832,0.014974429
71,4864,0.015006254
71,4896,0.014990576
71,4928,0.014908799
71,4960,0.015026261
71,4992,0.014969949
71,5024,0.014985285
71,5056,0.014945144
71,5088,0.014932949
71,5120,0.014978794
71,5152,0.014972487
71,5184,0.015012609
71,5216,0.014954989
71,5248,0.014885468
71,5280,0.014963054
71,5312,0.014958299
71,5344,0.014930552
71,5376,0.0149649875
71,5408,0.014897625
71,5440,0.014889076
71,5472,0.014885539
71,5504,0.014856726
71,5536,0.014885565
71,5568,0.014909222
71,5600,0.0149221
71,5632,0.014907971
71,5664,0.014861706
71,5696,0.014892137
71,5728,0.01490219
71,5760,0.014885128
71,5792,0.014872188
71,5824,0.014864268
71,5856,0.01488686
71,5888,0.014898597
71,5920,0.014841231
71,5952,0.014868354
71,5984,0.0148300035
71,6016,0.014800185
71,6048,0.014924701
71,6080,0.014871256
72,0,0.014935398
72,32,0.014895037
72,64,0.014903021
72,96,0.014892628
72,128,0.014877283
72,160,0.014902227
72,192,0.014861913
72,224,0.01491712
72,256,0.014887418
72,288,0.014866492
72,320,0.014778029
72,352,0.014869454
72,384,0.0148046035
72,416,0.014865549
72,448,0.01478648
72,480,0.0149123985
72,512,0.014886981
72,544,0.014865069
72,576,0.014810068
72,608,0.014821664
72,640,0.014883665
72,672,0.014874814
72,704,0.014863549
72,736,0.014882189
72,768,0.014917563
72,800,0.015185969
72,832,0.015986232
72,864,0.015990505
72,896,0.015903013
72,928,0.015838137
72,960,0.015675766
72,992,0.015777119
72,1024,0.015736891
72,1056,0.015715785
72,1088,0.015637472
72,1120,0.015651656
72,1152,0.015530464
72,1184,0.015518813
72,1216,0.015607091
72,1248,0.0155383255
72,1280,0.015511207
72,1312,0.015520655
72,1344,0.0154097965
72,1376,0.015430024
72,1408,0.015384677
72,1440,0.015469154
72,1472,0.015441388
72,1504,0.015398976
72,1536,0.015372271
72,1568,0.015335444
72,1600,0.015328519
72,1632,0.015306716
72,1664,0.015310257
72,1696,0.0153236305
72,1728,0.015241709
72,1760,0.01534517
72,1792,0.015186204
72,1824,0.015241861
72,1856,0.0151963355
72,1888,0.015241905
72,1920,0.015176152
72,1952,0.015195708
72,1984,0.015133015
72,2016,0.01514641
72,2048,0.015227343
72,2080,0.015194839
72,2112,0.01510139
72,2144,0.015152079
72,2176,0.015122681
72,2208,0.015141963
72,2240,0.015210614
72,2272,0.015008567
72,2304,0.015148624
72,2336,0.01508933
72,2368,0.015102462
72,2400,0.015097781
72,2432,0.015117683
72,2464,0.01509537
72,2496,0.015095994
72,2528,0.015013815
72,2560,0.015118453
72,2592,0.015012367
72,2624,0.014998707
72,2656,0.015079217
72,2688,0.015059484
72,2720,0.014998861
72,2752,0.015004828
72,2784,0.014997467
72,2816,0.015056139
72,2848,0.0149985105
72,2880,0.015025726
72,2912,0.01501802
72,2944,0.01502182
72,2976,0.015083216
72,3008,0.015018949
72,3040,0.014951766
72,3072,0.01493548
72,3104,0.014957847
72,3136,0.014942954
72,3168,0.014913606
72,3200,0.014944796
72,3232,0.0149349915
72,3264,0.015010216
72,3296,0.0148965055
72,3328,0.014948706
72,3360,0.014902959
72,3392,0.014935406
72,3424,0.014919365
72,3456,0.014927691
72,3488,0.014946998
72,3520,0.014898456
72,3552,0.014866589
72,3584,0.014900938
72,3616,0.014889529
72,3648,0.014931038
72,3680,0.014936684
72,3712,0.014893217
72,3744,0.014961764
72,3776,0.014918534
72,3808,0.014857489
72,3840,0.014837173
72,3872,0.014883967
72,3904,0.014827335
72,3936,0.014894168
72,3968,0.014960124
72,4000,0.014880666
72,4032,0.0148624275
72,4064,0.014835288
72,4096,0.014948322
72,4128,0.01486703
72,4160,0.01487717
72,4192,0.01484477
72,4224,0.014790985
72,4256,0.014874805
72,4288,0.014852764
72,4320,0.014939196
72,4352,0.014760805
72,4384,0.014846718
72,4416,0.014837017
72,4448,0.014887549
72,4480,0.014885486
72,4512,0.01486291
72,4544,0.014793758
72,4576,0.014811054
72,4608,0.014824486
72,4640,0.014767163
72,4672,0.014918237
72,4704,0.01473048
72,4736,0.01481445
72,4768,0.014842435
72,4800,0.014854538
72,4832,0.014811084
72,4864,0.014867591
72,4896,0.015187497
72,4928,0.016087957
72,4960,0.0159784
72,4992,0.015942153
72,5024,0.015827894
72,5056,0.01574632
72,5088,0.015720325
72,5120,0.015703965
72,5152,0.015760973
72,5184,0.015605269
72,5216,0.015601213
72,5248,0.01557909
72,5280,0.01555143
72,5312,0.015465678
72,5344,0.015475327
72,5376,0.0155111365
72,5408,0.015478776
72,5440,0.015446057
72,5472,0.0154004805
72,5504,0.015390034
72,5536,0.015446363
72,5568,0.015428629
72,5600,0.015399025
72,5632,0.015343731
72,5664,0.015299267
72,5696,0.015358194
72,5728,0.01531695
72,5760,0.01526797
72,5792,0.015200661
72,5824,0.015308633
72,5856,0.015193352
72,5888,0.0151419835
72,5920,0.01522837
72,5952,0.015217554
72,5984,0.015227144
72,6016,0.015172387
72,6048,0.015100854
72,6080,0.015185677
73,0,0.015144543
73,32,0.0152242035
73,64,0.015209071
73,96,0.015198877
73,128,0.015205054
73,160,0.015212755
73,192,0.015169293
73,224,0.015112947
73,256,0.015225562
73,288,0.015121478
73,320,0.015089865
73,352,0.015138524
73,384,0.015061739
73,416,0.015116757
73,448,0.015087651
73,480,0.015130464
73,512,0.015091436
73,544,0.01504707
73,576,0.015103408
73,608,0.015125095
73,640,0.015099528
73,672,0.015032938
73,704,0.015073268
73,736,0.015048264
73,768,0.015066713
73,800,0.014997405
73,832,0.015025072
73,864,0.014998732
73,896,0.014999185
73,928,0.015015103
73,960,0.014995399
73,992,0.0149882035
73,1024,0.0150093185
73,1056,0.01502293
73,1088,0.015002204
73,1120,0.0149968015
73,1152,0.014995785
73,1184,0.015033672
73,1216,0.015008602
73,1248,0.015024729
73,1280,0.01497025
73,1312,0.014963031
73,1344,0.014960651
73,1376,0.015031535
73,1408,0.015036922
73,1440,0.014970114
73,1472,0.014843179
73,1504,0.014988956
73,1536,0.015006284
73,1568,0.014927653
73,1600,0.014965061
73,1632,0.015007847
73,1664,0.014912754
73,1696,0.01488049
73,1728,0.0149240475
73,1760,0.014919964
73,1792,0.014929887
73,1824,0.014930332
73,1856,0.01491191
73,1888,0.014904021
73,1920,0.014862759
73,1952,0.014971869
73,1984,0.014939847
73,2016,0.014937527
73,2048,0.014880888
73,2080,0.014851341
73,2112,0.014862615
73,2144,0.014925094
73,2176,0.0148838395
73,2208,0.014890777
73,2240,0.01487982
73,2272,0.01488841
73,2304,0.014842507
73,2336,0.014862409
73,2368,0.014877811
73,2400,0.014887522
73,2432,0.014901001
73,2464,0.014881124
73,2496,0.014968716
73,2528,0.014837219
73,2560,0.014834534
73,2592,0.014860329
73,2624,0.014845881
73,2656,0.014893387
73,2688,0.014853142
73,2720,0.014847277
73,2752,0.014804904
73,2784,0.014829555
73,2816,0.014793269
73,2848,0.0148112755
73,2880,0.014924408
73,2912,0.01604836
73,2944,0.016031442
73,2976,0.015939875
73,3008,0.015935259
73,3040,0.015871696
73,3072,0.015825674
73,3104,0.015693584
73,3136,0.015753478
73,3168,0.015692234
73,3200,0.015614395
73,3232,0.01566871
73,3264,0.015613086
73,3296,0.015536801
73,3328,0.015561312
73,3360,0.015468535
73,3392,0.015448266
73,3424,0.015607734
73,3456,0.015481133
73,3488,0.015414151
73,3520,0.015438259
73,3552,0.015421209
73,3584,0.015400383
73,3616,0.015401308
73,3648,0.015380018
73,3680,0.015320234
73,3712,0.0153582
73,3744,0.015298409
73,3776,0.015342012
73,3808,0.01526175
73,3840,0.015276521
73,3872,0.015268303
73,3904,0.01522155
73,3936,0.015250096
73,3968,0.015182105
73,4000,0.015223683
73,4032,0.015177266
73,4064,0.015195388
73,4096,0.015250339
73,4128,0.015197371
73,4160,0.015265323
73,4192,0.015212458
73,4224,0.01517489
73,4256,0.015157557
73,4288,0.015162161
73,4320,0.01514525
73,4352,0.015197226
73,4384,0.015152783
73,4416,0.015109502
73,4448,0.015094959
73,4480,0.015173643
73,4512,0.0151150925
73,4544,0.015122284
73,4576,0.015143547
73,4608,0.015098185
73,4640,0.015051448
73,4672,0.015071551
73,4704,0.015074971
73,4736,0.01510772
73,4768,0.015066739
73,4800,0.015077016
73,4832,0.015038806
73,4864,0.014987455
73,4896,0.015120453
73,4928,0.015019278
73,4960,0.015041228
73,4992,0.014986069
73,5024,0.0150212
73,5056,0.014986239
73,5088,0.015046981
73,5120,0.014940008
73,5152,0.015029969
73,5184,0.0150401825
73,5216,0.01503945
73,5248,0.014986939
73,5280,0.015033628
73,5312,0.014980048
73,5344,0.015038038
73,5376,0.015023354
73,5408,0.01501679
73,5440,0.0149817085
73,5472,0.014979139
73,5504,0.015021928
73,5536,0.014903308
73,5568,0.014937081
73,5600,0.0150459055
73,5632,0.014938213
73,5664,0.015011219
73,5696,0.014959936
73,5728,0.0149638
73,5760,0.014913359
73,5792,0.014977711
73,5824,0.01495157
73,5856,0.014890305
73,5888,0.014872868
73,5920,0.014963933
73,5952,0.01490102
73,5984,0.014939292
73,6016,0.014897006
73,6048,0.014944537
73,6080,0.014892385
74,0,0.01491063
74,32,0.01493766
74,64,0.014887959
74,96,0.014899521
74,128,0.014916526
74,160,0.014915509
74,192,0.014866707
74,224,0.014923651
74,256,0.014874851
74,288,0.014927609
74,320,0.014908202
74,352,0.014939271
74,384,0.014902951
74,416,0.01502501
74,448,0.014880769
74,480,0.014860093
74,512,0.0148536395
74,544,0.014965312
74,576,0.014846041
74,608,0.014874224
74,640,0.014858061
74,672,0.014880886
74,704,0.014900364
74,736,0.014885534
74,768,0.014835297
74,800,0.014923461
74,832,0.014882392
74,864,0.014880473
74,896,0.015820086
74,928,0.016025681
74,960,0.015979711
74,992,0.015905932
74,1024,0.015927576
74,1056,0.015743628
74,1088,0.015744327
74,1120,0.015751665
74,1152,0.015698312
74,1184,0.015706789
74,1216,0.015655069
74,1248,0.015605431
74,1280,0.015615507
74,1312,0.015608899
74,1344,0.015596436
74,1376,0.015505253
74,1408,0.015538537
74,1440,0.015545799
74,1472,0.015530967
74,1504,0.01548431
74,1536,0.015427536
74,1568,0.015461787
74,1600,0.01546338
74,1632,0.015421306
74,1664,0.015423645
74,1696,0.015317515
74,1728,0.0153335165
74,1760,0.015420683
74,1792,0.015434386
74,1824,0.015311492
74,1856,0.015392557
74,1888,0.015402704
74,1920,0.01534506
74,1952,0.015329229
74,1984,0.015282002
74,2016,0.015322625
74,2048,0.015304905
74,2080,0.015256353
74,2112,0.01525739
74,2144,0.015305934
74,2176,0.015246639
74,2208,0.015223421
74,2240,0.015241493
74,2272,0.015128245
74,2304,0.015172279
74,2336,0.01521855
74,2368,0.015211005
74,2400,0.0151654435
74,2432,0.01518914
74,2464,0.015199503
74,2496,0.01519455
74,2528,0.01516571
74,2560,0.015114965
74,2592,0.015089436
74,2624,0.015105046
74,2656,0.015120853
74,2688,0.0151644945
74,2720,0.015124735
74,2752,0.015098143
74,2784,0.015144534
74,2816,0.015065847
74,2848,0.01510152
74,2880,0.01504855
74,2912,0.0150778005
74,2944,0.015007161
74,2976,0.015059629
74,3008,0.01506946
74,3040,0.015066474
74,3072,0.015035902
74,3104,0.015075962
74,3136,0.015052246
74,3168,0.015072458
74,3200,0.0150370905
74,3232,0.014992119
74,3264,0.015024012
74,3296,0.01503705
74,3328,0.015019656
74,3360,0.015040446
74,3392,0.014970422
74,3424,0.015001505
74,3456,0.01502396
74,3488,0.0149713615
74,3520,0.014985939
74,3552,0.014962095
74,3584,0.014994083
74,3616,0.015006838
74,3648,0.014986119
74,3680,0.014929305
74,3712,0.014955096
74,3744,0.014939328
74,3776,0.014986815
74,3808,0.015030036
74,3840,0.014913238
74,3872,0.015021673
74,3904,0.0149631305
74,3936,0.014977002
74,3968,0.015014036
74,4000,0.0149584
74,4032,0.014960689
74,4064,0.014972057
74,4096,0.015010895
74,4128,0.014967681
74,4160,0.014969895
74,4192,0.014904291
74,4224,0.014981753
74,4256,0.014961663
74,4288,0.014900212
74,4320,0.014966376
74,4352,0.0149177015
74,4384,0.014878638
74,4416,0.014936206
74,4448,0.01493086
74,4480,0.01493455
74,4512,0.014872169
74,4544,0.0149483755
74,4576,0.014959068
74,4608,0.014941884
74,4640,0.014900994
74,4672,0.014956205
74,4704,0.014974837
74,4736,0.014898292
74,4768,0.014920184
74,4800,0.014903401
74,4832,0.014872638
74,4864,0.014931196
74,4896,0.014884979
74,4928,0.014916725
74,4960,0.014853692
74,4992,0.015804347
74,5024,0.016036034
74,5056,0.015990231
74,5088,0.015944015
74,5120,0.015822476
74,5152,0.015763704
74,5184,0.01573289
74,5216,0.01566782
74,5248,0.01570369
74,5280,0.015696194
74,5312,0.015635325
74,5344,0.015591787
74,5376,0.015612699
74,5408,0.015500608
74,5440,0.015511701
74,5472,0.015537182
74,5504,0.015524451
74,5536,0.015499563
74,5568,0.0155087765
74,5600,0.0154629545
74,5632,0.015436616
74,5664,0.015401385
74,5696,0.015384355
74,5728,0.015422416
74,5760,0.015350014
74,5792,0.0153694
74,5824,0.015360477
74,5856,0.015378217
74,5888,0.015274815
74,5920,0.015280262
74,5952,0.015273417
74,5984,0.015316361
74,6016,0.015270586
74,6048,0.015242781
74,6080,0.0152732795
75,0,0.015301394
75,32,0.0152285835
75,64,0.015222028
75,96,0.015294178
75,128,0.015273302
75,160,0.0152649535
75,192,0.0152672315
75,224,0.015200422
75,256,0.01519621
75,288,0.01517756
75,320,0.015229895
75,352,0.015214731
75,384,0.0151262
75,416,0.015181662
75,448,0.015167066
75,480,0.015163303
75,512,0.015097186
75,544,0.01520545
75,576,0.015142201
75,608,0.015174793
75,640,0.015099602
75,672,0.015125104
75,704,0.015101365
75,736,0.0150944535
75,768,0.015065011
75,800,0.015101566
75,832,0.015049491
75,864,0.015095059
75,896,0.015085683
75,928,0.015040439
75,960,0.015049675
75,992,0.015103145
75,1024,0.015098141
75,1056,0.015196921
75,1088,0.01506105
75,1120,0.015058819
75,1152,0.015090182
75,1184,0.015026508
75,1216,0.015033493
75,1248,0.015053572
75,1280,0.015044362
75,1312,0.015003398
75,1344,0.015036438
75,1376,0.015030623
75,1408,0.014919286
75,1440,0.015023017
75,1472,0.015042587
75,1504,0.0150290895
75,1536,0.014998722
75,1568,0.0150219705
75,1600,0.014977833
75,1632,0.015017692
75,1664,0.014994522
75,1696,0.015012977
75,1728,0.014962268
75,1760,0.014972053
75,1792,0.014958542
75,1824,0.015010185
75,1856,0.014946173
75,1888,0.0149783585
75,1920,0.014974475
75,1952,0.0149557935
75,1984,0.015023854
75,2016,0.01496578
75,2048,0.014936189
75,2080,0.014988444
75,2112,0.014949774
75,2144,0.014915556
75,2176,0.014891764
75,2208,0.014998021
75,2240,0.01492067
75,2272,0.01494512
75,2304,0.014906331
75,2336,0.014912145
75,2368,0.014905741
75,2400,0.014997064
75,2432,0.014979184
75,2464,0.014900346
75,2496,0.014895367
75,2528,0.0148751205
75,2560,0.014862152
75,2592,0.014863256
75,2624,0.014920797
75,2656,0.014902218
75,2688,0.014931747
75,2720,0.014905743
75,2752,0.014901907
75,2784,0.014861464
75,2816,0.014877698
75,2848,0.014862103
75,2880,0.014897253
75,2912,0.014985936
75,2944,0.014895147
75,2976,0.015598189
75,3008,0.016167264
75,3040,0.01602009
75,3072,0.015973886
75,3104,0.015870597
75,3136,0.01575697
75,3168,0.015886743
75,3200,0.01576146
75,3232,0.015735876
75,3264,0.0157799
75,3296,0.015728649
75,3328,0.015670436
75,3360,0.01566365
75,3392,0.01559029
75,3424,0.015656972
75,3456,0.015528746
75,3488,0.015556751
75,3520,0.015569907
75,3552,0.015597326
75,3584,0.015532826
75,3616,0.015457577
75,3648,0.015531622
75,3680,0.01541286
75,3712,0.015385438
75,3744,0.015487035
75,3776,0.015399969
75,3808,0.015370838
75,3840,0.015356548
75,3872,0.015395449
75,3904,0.015401919
75,3936,0.015307378
75,3968,0.0153051615
75,4000,0.01531407
75,4032,0.0153556075
75,4064,0.015323692
75,4096,0.01525917
75,4128,0.015318189
75,4160,0.015296759
75,4192,0.015270471
75,4224,0.01529434
75,4256,0.015315538
75,4288,0.015165268
75,4320,0.015300255
75,4352,0.015169361
75,4384,0.015251025
75,4416,0.015197475
75,4448,0.01520832
75,4480,0.015163878
75,4512,0.0152097745
75,4544,0.015219144
75,4576,0.01519477
75,4608,0.015125388
75,4640,0.015151759
75,4672,0.015219779
75,4704,0.01512162
75,4736,0.015135076
75,4768,0.015076704
75,4800,0.015195894
75,4832,0.015121214
75,4864,0.015104559
75,4896,0.015121585
75,4928,0.015084043
75,4960,0.015109093
75,4992,0.015073899
75,5024,0.015081437
75,5056,0.015056838
75,5088,0.015082294
75,5120,0.015090498
75,5152,0.015040611
75,5184,0.015080511
75,5216,0.015111234
75,5248,0.015085061
75,5280,0.015044872
75,5312,0.015023032
75,5344,0.015088968
75,5376,0.015043098
75,5408,0.015048098
75,5440,0.015032286
75,5472,0.015076979
75,5504,0.015004171
75,5536,0.015059452
75,5568,0.015066934
75,5600,0.015010996
75,5632,0.015007708
75,5664,0.015046625
75,5696,0.015058673
75,5728,0.015058517
75,5760,0.01504875
75,5792,0.014981049
75,5824,0.015006337
75,5856,0.014960829
75,5888,0.014990225
75,5920,0.01495001
75,5952,0.01504731
75,5984,0.01496199
75,6016,0.0150268655
75,6048,0.015001741
75,6080,0.014998988
76,0,0.014997554
76,32,0.0149968555
76,64,0.015047546
76,96,0.015044741
76,128,0.0150006935
76,160,0.015086917
76,192,0.014955236
76,224,0.015001838
76,256,0.01501294
76,288,0.014950732
76,320,0.014924551
76,352,0.01494499
76,384,0.015009453
76,416,0.0149184745
76,448,0.014929908
76,480,0.014995652
76,512,0.014952527
76,544,0.014923285
76,576,0.01493394
76,608,0.014952921
76,640,0.014904712
76,672,0.014967107
76,704,0.0149759995
76,736,0.014959566
76,768,0.01489524
76,800,0.014964941
76,832,0.014907863
76,864,0.014929503
76,896,0.014928836
76,928,0.014918094
76,960,0.015296613
76,992,0.016112147
76,1024,0.016087577
76,1056,0.016120149
76,1088,0.015907606
76,1120,0.015926631
76,1152,0.015889777
76,1184,0.01579396
76,1216,0.015795106
76,1248,0.015789455
76,1280,0.015779147
76,1312,0.015697714
76,1344,0.01569346
76,1376,0.015689569
76,1408,0.015658684
76,1440,0.015665216
76,1472,0.015615536
76,1504,0.01558324
76,1536,0.015590725
76,1568,0.015541697
76,1600,0.015521
76,1632,0.015466553
76,1664,0.015477565
76,1696,0.015417795
76,1728,0.015517066
76,1760,0.015412716
76,1792,0.015448156
76,1824,0.015408667
76,1856,0.015403747
76,1888,0.015360272
76,1920,0.015465006
76,1952,0.0153513
76,1984,0.01531912
76,2016,0.01534544
76,2048,0.015282943
76,2080,0.015315912
76,2112,0.015350258
76,2144,0.015278741
76,2176,0.015286109
76,2208,0.015328214
76,2240,0.015300589
76,2272,0.015327482
76,2304,0.015254225
76,2336,0.015257804
76,2368,0.0152315125
76,2400,0.0152316345
76,2432,0.015233085
76,2464,0.015257759
76,2496,0.015262042
76,2528,0.015163106
76,2560,0.015200492
76,2592,0.015183361
76,2624,0.0151577145
76,2656,0.015236219
76,2688,0.0152087
76,2720,0.015150281
76,2752,0.015174448
76,2784,0.015226678
76,2816,0.015121886
76,2848,0.0151924025
76,2880,0.015134374
76,2912,0.015122549
76,2944,0.015073109
76,2976,0.0151253035
76,3008,0.01508983
76,3040,0.01514128
76,3072,0.015009906
76,3104,0.015128978
76,3136,0.015104805
76,3168,0.015048873
76,3200,0.015136651
76,3232,0.015089156
76,3264,0.01508115
76,3296,0.015092795
76,3328,0.015041621
76,3360,0.015060812
76,3392,0.015048929
76,3424,0.015143043
76,3456,0.015034091
76,3488,0.015075412
76,3520,0.015097874
76,3552,0.015056773
76,3584,0.015057648
76,3616,0.0150770815
76,3648,0.015058551
76,3680,0.01501335
76,3712,0.015080571
76,3744,0.015021059
76,3776,0.0149938855
76,3808,0.015040271
76,3840,0.015087417
76,3872,0.015084128
76,3904,0.015033943
76,3936,0.015035341
76,3968,0.0149978595
76,4000,0.014984202
76,4032,0.014982441
76,4064,0.015035973
76,4096,0.015016783
76,4128,0.014984308
76,4160,0.014956598
76,4192,0.01498211
76,4224,0.015006919
76,4256,0.015010843
76,4288,0.014929079
76,4320,0.0149579365
76,4352,0.014989356
76,4384,0.014943604
76,4416,0.015001797
76,4448,0.014963715
76,4480,0.015003809
76,4512,0.014937308
76,4544,0.014947461
76,4576,0.014938889
76,4608,0.014988849
76,4640,0.014913531
76,4672,0.014999619
76,4704,0.014875472
76,4736,0.014960464
76,4768,0.0149434935
76,4800,0.014963742
76,4832,0.0149439555
76,4864,0.014983041
76,4896,0.014973324
76,4928,0.014931482
76,4960,0.014948492
76,4992,0.014964202
76,5024,0.014950164
76,5056,0.015319569
76,5088,0.01614885
76,5120,0.01605527
76,5152,0.015998462
76,5184,0.015978083
76,5216,0.015875911
76,5248,0.015865242
76,5280,0.015846647
76,5312,0.015810356
76,5344,0.015788896
76,5376,0.01570677
76,5408,0.015649617
76,5440,0.015667697
76,5472,0.015711011
76,5504,0.01560819
76,5536,0.015557644
76,5568,0.01563824
76,5600,0.015589168
76,5632,0.015555156
76,5664,0.015543666
76,5696,0.0155166965
76,5728,0.015501209
76,5760,0.015443991
76,5792,0.0154528525
76,5824,0.015489474
76,5856,0.015486804
76,5888,0.015473653
76,5920,0.0153832305
76,5952,0.015430377
76,5984,0.015401644
76,6016,0.015437763
76,6048,0.015372364
76,6080,0.015337691
77,0,0.015419539
77,32,0.015346789
77,64,0.015340574
77,96,0.015349063
77,128,0.015337723
77,160,0.015268627
77,192,0.015331833
77,224,0.0152691845
77,256,0.0153037105
77,288,0.015281606
77,320,0.015288421
77,352,0.015319237
77,384,0.015292474
77,416,0.015224285
77,448,0.01526682
77,480,0.015318105
77,512,0.015234783
77,544,0.015155233
77,576,0.015227926
77,608,0.015220269
77,640,0.015282463
77,672,0.015183188
77,704,0.015130594
77,736,0.015175825
77,768,0.015169934
77,800,0.015251615
77,832,0.015208571
77,864,0.015144154
77,896,0.01521295
77,928,0.015134088
77,960,0.0151696615
77,992,0.015069299
77,1024,0.015194216
77,1056,0.015145582
77,1088,0.015124571
77,1120,0.0151209
77,1152,0.015129723
77,1184,0.015140079
77,1216,0.01507111
77,1248,0.015143078
77,1280,0.015067444
77,1312,0.015065047
77,1344,0.015038332
77,1376,0.01512015
77,1408,0.015136261
77,1440,0.015075557
77,1472,0.015096162
77,1504,0.015073778
77,1536,0.015052972
77,1568,0.015115765
77,1600,0.015068744
77,1632,0.015047849
77,1664,0.015146524
77,1696,0.015092187
77,1728,0.015115174
77,1760,0.0150228245
77,1792,0.015071027
77,1824,0.015050136
77,1856,0.0150714405
77,1888,0.015061144
77,1920,0.015049877
77,1952,0.01502243
77,1984,0.015003254
77,2016,0.0150090195
77,2048,0.015007685
77,2080,0.015039114
77,2112,0.015023871
77,2144,0.015048771
77,2176,0.015058043
77,2208,0.014998762
77,2240,0.015020939
77,2272,0.014973813
77,2304,0.014967612
77,2336,0.014979154
77,2368,0.014942645
77,2400,0.014990126
77,2432,0.015068973
77,2464,0.015037421
77,2496,0.015056038
77,2528,0.015027925
77,2560,0.014974023
77,2592,0.015065065
77,2624,0.015038306
77,2656,0.014991346
77,2688,0.015000392
77,2720,0.014964499
77,2752,0.01496716
77,2784,0.015002647
77,2816,0.01496178
77,2848,0.01499296
77,2880,0.01498119
77,2912,0.014885611
77,2944,0.01499578
77,2976,0.015007053
77,3008,0.014925539
77,3040,0.015016731
77,3072,0.016199797
77,3104,0.01614774
77,3136,0.016070556
77,3168,0.015965324
77,3200,0.01592818
77,3232,0.015920313
77,3264,0.01584542
77,3296,0.01578921
77,3328,0.015750095
77,3360,0.015732173
77,3392,0.015731635
77,3424,0.015694723
77,3456,0.015691971
77,3488,0.015631426
77,3520,0.015693134
77,3552,0.015576292
77,3584,0.015509438
77,3616,0.015609206
77,3648,0.015489586
77,3680,0.015541507
77,3712,0.015495488
77,3744,0.01555492
77,3776,0.0154476315
77,3808,0.0154431
77,3840,0.015486067
77,3872,0.015459025
77,3904,0.01544831
77,3936,0.015507297
77,3968,0.015445063
77,4000,0.01535929
77,4032,0.015307138
77,4064,0.015409426
77,4096,0.015331035
77,4128,0.015407975
77,4160,0.015330365
77,4192,0.015307109
77,4224,0.01534623
77,4256,0.015335666
77,4288,0.015333912
77,4320,0.015305818
77,4352,0.015337894
77,4384,0.015276599
77,4416,0.015290151
77,4448,0.015199952
77,4480,0.015134381
77,4512,0.015301699
77,4544,0.015237039
77,4576,0.015215097
77,4608,0.015302122
77,4640,0.015210861
77,4672,0.015349844
77,4704,0.015282376
77,4736,0.015187475
77,4768,0.015156137
77,4800,0.0151841855
77,4832,0.015187561
77,4864,0.01516564
77,4896,0.015147635
77,4928,0.015179975
77,4960,0.015245904
77,4992,0.015158212
77,5024,0.015151681
77,5056,0.015132757
77,5088,0.015195854
77,5120,0.01522439
77,5152,0.015125289
77,5184,0.015178166
77,5216,0.015109246
77,5248,0.015143429
77,5280,0.015112503
77,5312,0.0151438
77,5344,0.015066216
77,5376,0.015183414
77,5408,0.015095448
77,5440,0.015106598
77,5472,0.01513539
77,5504,0.015156819
77,5536,0.015131779
77,5568,0.015073201
77,5600,0.015056929
77,5632,0.015111674
77,5664,0.015115624
77,5696,0.015028004
77,5728,0.0151202595
77,5760,0.015106278
77,5792,0.015013043
77,5824,0.015055872
77,5856,0.015023112
77,5888,0.014983576
77,5920,0.0150068225
77,5952,0.015088299
77,5984,0.014997369
77,6016,0.015060358
77,6048,0.015008462
77,6080,0.014971178
78,0,0.0149649205
78,32,0.015022932
78,64,0.015069501
78,96,0.015069212
78,128,0.015109111
78,160,0.015020578
78,192,0.0150677115
78,224,0.015062734
78,256,0.015073866
78,288,0.015018646
78,320,0.015001901
78,352,0.015104285
78,384,0.015003831
78,416,0.015013703
78,448,0.015066206
78,480,0.014963717
78,512,0.0149899125
78,544,0.0150596555
78,576,0.014944962
78,608,0.015027339
78,640,0.015048051
78,672,0.015000678
78,704,0.015021328
78,736,0.014972357
78,768,0.014957761
78,800,0.0150358435
78,832,0.014922849
78,864,0.014974228
78,896,0.014954362
78,928,0.015013129
78,960,0.014941468
78,992,0.014945192
78,1024,0.014967511
78,1056,0.015996583
78,1088,0.01614674
78,1120,0.016095126
78,1152,0.016024908
78,1184,0.015965555
78,1216,0.015905745
78,1248,0.01588155
78,1280,0.015841646
78,1312,0.015859647
78,1344,0.015769571
78,1376,0.015754975
78,1408,0.015782766
78,1440,0.015826872
78,1472,0.015657738
78,1504,0.015692864
78,1536,0.015683733
78,1568,0.015636686
78,1600,0.0155931
78,1632,0.015602697
78,1664,0.015565222
78,1696,0.015578607
78,1728,0.015551171
78,1760,0.015553623
78,1792,0.015509071
78,1824,0.015556599
78,1856,0.015595444
78,1888,0.015471663
78,1920,0.0154961925
78,1952,0.015480652
78,1984,0.015483309
78,2016,0.015464814
78,2048,0.01544064
78,2080,0.015404456
78,2112,0.0154169295
78,2144,0.015350514
78,2176,0.015358445
78,2208,0.015357955
78,2240,0.015371135
78,2272,0.015309247
78,2304,0.01532793
78,2336,0.0153796235
78,2368,0.015358463
78,2400,0.015329204
78,2432,0.0153727615
78,2464,0.015327031
78,2496,0.015211056
78,2528,0.0152377505
78,2560,0.015236414
78,2592,0.015218823
78,2624,0.0153010925
78,2656,0.015211345
78,2688,0.015251987
78,2720,0.015156037
78,2752,0.015178734
78,2784,0.015246101
78,2816,0.01524107
78,2848,0.015194213
78,2880,0.015183598
78,2912,0.015226478
78,2944,0.0152060995
78,2976,0.015209305
78,3008,0.015154327
78,3040,0.0151477475
78,3072,0.015213028
78,3104,0.015112581
78,3136,0.015205288
78,3168,0.015143829
78,3200,0.01517772
78,3232,0.015214359
78,3264,0.01508942
78,3296,0.015116575
78,3328,0.015138288
78,3360,0.015049274
78,3392,0.015182323
78,3424,0.015094351
78,3456,0.015164935
78,3488,0.015098887
78,3520,0.015118362
78,3552,0.015159056
78,3584,0.015080331
78,3616,0.015099155
78,3648,0.015071573
78,3680,0.01516339
78,3712,0.015095338
78,3744,0.015130398
78,3776,0.015173937
78,3808,0.015110568
78,3840,0.015127766
78,3872,0.015099936
78,3904,0.015110637
78,3936,0.015091135
78,3968,0.015076256
78,4000,0.015079301
78,4032,0.015035169
78,4064,0.015055846
78,4096,0.015063542
78,4128,0.015121159
78,4160,0.015041627
78,4192,0.0151014095
78,4224,0.015036003
78,4256,0.014981109
78,4288,0.015047399
78,4320,0.015049252
78,4352,0.015082168
78,4384,0.015059143
78,4416,0.015042607
78,4448,0.015053141
78,4480,0.015087129
78,4512,0.014990438
78,4544,0.015005441
78,4576,0.014972671
78,4608,0.01499409
78,4640,0.015023986
78,4672,0.014978549
78,4704,0.0149614895
78,4736,0.015042034
78,4768,0.015001448
78,4800,0.014981361
78,4832,0.014931383
78,4864,0.014972722
78,4896,0.01499515
78,4928,0.014934207
78,4960,0.014954914
78,4992,0.0150026195
78,5024,0.014982076
78,5056,0.014984092
78,5088,0.0149700595
78,5120,0.0150288455
78,5152,0.01598179
78,5184,0.01615307
78,5216,0.01611855
78,5248,0.01598421
78,5280,0.015932774
78,5312,0.01593514
78,5344,0.015891202
78,5376,0.01585373
78,5408,0.015876148
78,5440,0.015811726
78,5472,0.015746802
78,5504,0.015766466
78,5536,0.015770895
78,5568,0.015651364
78,5600,0.015724283
78,5632,0.015628967
78,5664,0.015654085
78,5696,0.015621036
78,5728,0.015628584
78,5760,0.015575212
78,5792,0.01555377
78,5824,0.015606316
78,5856,0.0155170215
78,5888,0.01554749
78,5920,0.015521214
78,5952,0.015627144
78,5984,0.015496125
78,6016,0.015449891
78,6048,0.015412187
78,6080,0.015419314
79,0,0.015423421
79,32,0.015442034
79,64,0.015441242
79,96,0.015372507
79,128,0.015443934
79,160,0.01538468
79,192,0.015358739
79,224,0.015388761
79,256,0.015335295
79,288,0.0153325545
79,320,0.015355708
79,352,0.015385013
79,384,0.015423701
79,416,0.015283675
79,448,0.01535818
79,480,0.015345899
79,512,0.015281492
79,544,0.015285363
79,576,0.0152631095
79,608,0.015283813
79,640,0.015335969
79,672,0.015287688
79,704,0.015254044
79,736,0.015272978
79,768,0.01529682
79,800,0.015260252
79,832,0.015268893
79,864,0.015263509
79,896,0.015239181
79,928,0.015209781
79,960,0.0151849
79,992,0.015247641
79,1024,0.015281925
79,1056,0.015240375
79,1088,0.015194667
79,1120,0.015219885
79,1152,0.0151961865
79,1184,0.015168089
79,1216,0.01517256
79,1248,0.015135821
79,1280,0.015206087
79,1312,0.015241045
79,1344,0.015157214
79,1376,0.015124321
79,1408,0.015151364
79,1440,0.015101826
79,1472,0.015145369
79,1504,0.015137149
79,1536,0.01515654
79,1568,0.0151999025
79,1600,0.015059378
79,1632,0.015157614
79,1664,0.01512158
79,1696,0.015137967
79,1728,0.015145448
79,1760,0.015143479
79,1792,0.015129881
79,1824,0.0150863025
79,1856,0.01505186
79,1888,0.015091358
79,1920,0.0150779085
79,1952,0.015100709
79,1984,0.015142793
79,2016,0.015016462
79,2048,0.01502943
79,2080,0.015087069
79,2112,0.015096736
79,2144,0.015130547
79,2176,0.015126171
79,2208,0.014994322
79,2240,0.015040459
79,2272,0.015031007
79,2304,0.015072782
79,2336,0.01505233
79,2368,0.015084949
79,2400,0.015054794
79,2432,0.015051524
79,2464,0.015130269
79,2496,0.015027936
79,2528,0.015120777
79,2560,0.015005844
79,2592,0.015011416
79,2624,0.015069356
79,2656,0.015030833
79,2688,0.015013085
79,2720,0.0150962155
79,2752,0.015051227
79,2784,0.014976717
79,2816,0.014995105
79,2848,0.015024603
79,2880,0.014973249
79,2912,0.01504126
79,2944,0.015035537
79,2976,0.014963486
79,3008,0.015004831
79,3040,0.015063806
79,3072,0.015033584
79,3104,0.015006455
79,3136,0.01568847
79,3168,0.016286284
79,3200,0.016185246
79,3232,0.016066438
79,3264,0.01607148
79,3296,0.016092565
79,3328,0.015962008
79,3360,0.015980853
79,3392,0.01593945
79,3424,0.015868867
79,3456,0.015806489
79,3488,0.015850158
79,3520,0.015765317
79,3552,0.015756395
79,3584,0.015727377
79,3616,0.015708633
79,3648,0.01568375
79,3680,0.01564857
79,3712,0.01563222
79,3744,0.015629428
79,3776,0.0156112285
79,3808,0.015639717
79,3840,0.015575429
79,3872,0.0155659225
79,3904,0.015562082
79,3936,0.015528873
79,3968,0.015558905
79,4000,0.015497668
79,4032,0.015541726
79,4064,0.015467264
79,4096,0.015503826
79,4128,0.015475982
79,4160,0.0154726
79,4192,0.015468317
79,4224,0.015391696
79,4256,0.015430531
79,4288,0.015438143
79,4320,0.015368548
79,4352,0.0154065415
79,4384,0.0153645715
79,4416,0.015357216
79,4448,0.015379896
79,4480,0.015310365
79,4512,0.015301739
79,4544,0.015398443
79,4576,0.015271923
79,4608,0.015258133
79,4640,0.015399501
79,4672,0.015320618
79,4704,0.015312651
79,4736,0.015279984
79,4768,0.015346556
79,4800,0.015269779
79,4832,0.015292218
79,4864,0.01529291
79,4896,0.015274437
79,4928,0.015260803
79,4960,0.015204011
79,4992,0.015267437
79,5024,0.015271461
79,5056,0.015218377
79,5088,0.015200931
79,5120,0.015209614
79,5152,0.015235279
79,5184,0.015238378
79,5216,0.015180305
79,5248,0.015233549
79,5280,0.015225016
79,5312,0.015175443
79,5344,0.015136819
79,5376,0.015187162
79,5408,0.015207773
79,5440,0.01520466
79,5472,0.01520537
79,5504,0.0151959015
79,5536,0.015218128
79,5568,0.015118508
79,5600,0.015170815
79,5632,0.015220957
79,5664,0.015237746
79,5696,0.015178212
79,5728,0.015148686
79,5760,0.015116855
79,5792,0.015062603
79,5824,0.015172861
79,5856,0.015172748
79,5888,0.015128534
79,5920,0.015144324
79,5952,0.015079302
79,5984,0.015106899
79,6016,0.01512972
79,6048,0.015087694
79,6080,0.015124608
80,0,0.0151470555
80,32,0.015268159
80,64,0.015164587
80,96,0.015162386
80,128,0.015092113
80,160,0.015177951
80,192,0.015187223
80,224,0.015106762
80,256,0.015086115
80,288,0.015153033
80,320,0.01513738
80,352,0.01507526
80,384,0.015112451
80,416,0.015139393
80,448,0.01516137
80,480,0.015139364
80,512,0.015082076
80,544,0.015093633
80,576,0.015075308
80,608,0.015110702
80,640,0.015095766
80,672,0.015076468
80,704,0.015091556
80,736,0.015056783
80,768,0.015050788
80,800,0.015024072
80,832,0.01506633
80,864,0.01506162
80,896,0.015047932
80,928,0.01502405
80,960,0.015038943
80,992,0.015105467
80,1024,0.014996501
80,1056,0.015066851
80,1088,0.015032877
80,1120,0.015425089
80,1152,0.016304389
80,1184,0.016230576
80,1216,0.016147457
80,1248,0.01612267
80,1280,0.016034588
80,1312,0.016019706
80,1344,0.01596023
80,1376,0.015947027
80,1408,0.015906204
80,1440,0.015877308
80,1472,0.015867675
80,1504,0.015806753
80,1536,0.015753614
80,1568,0.015756687
80,1600,0.01570653
80,1632,0.015718833
80,1664,0.015777418
80,1696,0.01567632
80,1728,0.01566339
80,1760,0.015668705
80,1792,0.015693624
80,1824,0.015595781
80,1856,0.01560544
80,1888,0.015579902
80,1920,0.015569658
80,1952,0.015521534
80,1984,0.015636196
80,2016,0.015538311
80,2048,0.015539376
80,2080,0.015514602
80,2112,0.015497154
80,2144,0.015461188
80,2176,0.01545124
80,2208,0.01542294
80,2240,0.015383215
80,2272,0.015418456
80,2304,0.015377235
80,2336,0.015436512
80,2368,0.015421117
80,2400,0.015448175
80,2432,0.015380395
80,2464,0.015387571
80,2496,0.01535946
80,2528,0.015390367
80,2560,0.0153711215
80,2592,0.015460025
80,2624,0.015328095
80,2656,0.015385273
80,2688,0.015400915
80,2720,0.015324803
80,2752,0.015370409
80,2784,0.015311863
80,2816,0.015368913
80,2848,0.015253162
80,2880,0.015318666
80,2912,0.01529473
80,2944,0.01527296
80,2976,0.015259803
80,3008,0.015234049
80,3040,0.015238458
80,3072,0.015247962
80,3104,0.015244336
80,3136,0.015251482
80,3168,0.015245311
80,3200,0.015323552
80,3232,0.015270883
80,3264,0.015185344
80,3296,0.01524598
80,3328,0.015216723
80,3360,0.015303908
80,3392,0.015287887
80,3424,0.015146531
80,3456,0.015147441
80,3488,0.01523629
80,3520,0.015174798
80,3552,0.015251504
80,3584,0.015247578
80,3616,0.015169386
80,3648,0.015207478
80,3680,0.015145609
80,3712,0.015205046
80,3744,0.015121506
80,3776,0.015225749
80,3808,0.015166176
80,3840,0.015108533
80,3872,0.015158651
80,3904,0.015152857
80,3936,0.0151389865
80,3968,0.015103244
80,4000,0.015181656
80,4032,0.015090556
80,4064,0.015083106
80,4096,0.015100806
80,4128,0.015106895
80,4160,0.015156962
80,4192,0.015109851
80,4224,0.015152948
80,4256,0.015163273
80,4288,0.015125772
80,4320,0.015127791
80,4352,0.015079725
80,4384,0.015090166
80,4416,0.0150746275
80,4448,0.0151219005
80,4480,0.015055228
80,4512,0.015128369
80,4544,0.015082998
80,4576,0.015095557
80,4608,0.0150815435
80,4640,0.015062565
80,4672,0.015129517
80,4704,0.015096581
80,4736,0.0150791835
80,4768,0.015121556
80,4800,0.015090139
80,4832,0.015070502
80,4864,0.015066384
80,4896,0.015080615
80,4928,0.0150987115
80,4960,0.015102221
80,4992,0.015090631
80,5024,0.015113811
80,5056,0.015059933
80,5088,0.015039236
80,5120,0.01506944
80,5152,0.015018415
80,5184,0.015083458
80,5216,0.015410364
80,5248,0.016329909
80,5280,0.016173769
80,5312,0.016172236
80,5344,0.016111277
80,5376,0.015984852
80,5408,0.015958956
80,5440,0.015899085
80,5472,0.015904795
80,5504,0.015837174
80,5536,0.015835656
80,5568,0.015831077
80,5600,0.015774867
80,5632,0.015819103
80,5664,0.015663842
80,5696,0.015740639
80,5728,0.015696732
80,5760,0.015703646
80,5792,0.015700094
80,5824,0.01572354
80,5856,0.015635604
80,5888,0.015715322
80,5920,0.015609475
80,5952,0.015566491
80,5984,0.015528606
80,6016,0.015585338
80,6048,0.015575646
80,6080,0.015571042
81,0,0.015497648
81,32,0.015560356
81,64,0.015565459
81,96,0.0154730035
81,128,0.015549541
81,160,0.015509331
81,192,0.015470246
81,224,0.01550151
81,256,0.01541467
81,288,0.015522904
81,320,0.015425099
81,352,0.015349521
81,384,0.015362436
81,416,0.015385719
81,448,0.015410185
81,480,0.015346678
81,512,0.0153801115
81,544,0.015314303
81,576,0.015369099
81,608,0.01531857
81,640,0.015330413
81,672,0.015365121
81,704,0.01533127
81,736,0.015388357
81,768,0.015367039
81,800,0.015299427
81,832,0.015256857
81,864,0.015323024
81,896,0.01530318
81,928,0.01532363
81,960,0.01528452
81,992,0.015326852
81,1024,0.015254976
81,1056,0.015322041
81,1088,0.015288645
81,1120,0.015171441
81,1152,0.0153036015
81,1184,0.015244625
81,1216,0.015335884
81,1248,0.015176011
81,1280,0.015263132
81,1312,0.015278322
81,1344,0.015243543
81,1376,0.015324239
81,1408,0.015207897
81,1440,0.015306275
81,1472,0.015229175
81,1504,0.015235773
81,1536,0.015241118
81,1568,0.015224784
81,1600,0.015208857
81,1632,0.015230979
81,1664,0.015179852
81,1696,0.015227039
81,1728,0.0152118215
81,1760,0.015196356
81,1792,0.015184623
81,1824,0.0152251525
81,1856,0.015187914
81,1888,0.015172066
81,1920,0.015132979
81,1952,0.015161771
81,1984,0.0151927
81,2016,0.015122173
81,2048,0.015168161
81,2080,0.015189731
81,2112,0.015139264
81,2144,0.015161872
81,2176,0.015139149
81,2208,0.015112834
81,2240,0.01512895
81,2272,0.0151178
81,2304,0.015137194
81,2336,0.01515474
81,2368,0.015128924
81,2400,0.015110035
81,2432,0.015107499
81,2464,0.015159944
81,2496,0.015134542
81,2528,0.015089831
81,2560,0.015118062
81,2592,0.015130411
81,2624,0.015127365
81,2656,0.015130206
81,2688,0.015053042
81,2720,0.015125196
81,2752,0.015077462
81,2784,0.015090019
81,2816,0.01509867
81,2848,0.015037555
81,2880,0.015067136
81,2912,0.015065371
81,2944,0.015121424
81,2976,0.015070582
81,3008,0.0150596015
81,3040,0.015121254
81,3072,0.015038911
81,3104,0.015046314
81,3136,0.0150355995
81,3168,0.015082395
81,3200,0.015088387
81,3232,0.016300244
81,3264,0.01619864
81,3296,0.01611995
81,3328,0.016067911
81,3360,0.016064093
81,3392,0.016046517
81,3424,0.015991924
81,3456,0.015954953
81,3488,0.01597274
81,3520,0.015851831
81,3552,0.015857713
81,3584,0.015823312
81,3616,0.015755301
81,3648,0.01575767
81,3680,0.015758432
81,3712,0.015667137
81,3744,0.01575797
81,3776,0.015797108
81,3808,0.015611012
81,3840,0.015659938
81,3872,0.015706588
81,3904,0.015656319
81,3936,0.015589411
81,3968,0.015591476
81,4000,0.015523831
81,4032,0.015552706
81,4064,0.015544033
81,4096,0.015620912
81,4128,0.015588528
81,4160,0.01549012
81,4192,0.015532018
81,4224,0.0155040575
81,4256,0.015481248
81,4288,0.015545381
81,4320,0.015421994
81,4352,0.0154855475
81,4384,0.015427853
81,4416,0.01547508
81,4448,0.015503765
81,4480,0.015410431
81,4512,0.01542129
81,4544,0.015426581
81,4576,0.015422508
81,4608,0.0153579395
81,4640,0.015370753
81,4672,0.015365401
81,4704,0.015459575
81,4736,0.015333961
81,4768,0.015351281
81,4800,0.015301835
81,4832,0.01534116
81,4864,0.015301047
81,4896,0.015376215
81,4928,0.015254477
81,4960,0.015322623
81,4992,0.015329782
81,5024,0.015384193
81,5056,0.015326997
81,5088,0.015300046
81,5120,0.015239586
81,5152,0.015199259
81,5184,0.01530542
81,5216,0.015264484
81,5248,0.0152745675
81,5280,0.015243661
81,5312,0.015347542
81,5344,0.015224974
81,5376,0.015311963
81,5408,0.015312034
81,5440,0.01526389
81,5472,0.015276846
81,5504,0.015248539
81,5536,0.015275692
81,5568,0.015155024
81,5600,0.015168972
81,5632,0.015199178
81,5664,0.015267885
81,5696,0.015131756
81,5728,0.015158591
81,5760,0.0151764
81,5792,0.015196562
81,5824,0.015184504
81,5856,0.015103824
81,5888,0.015213492
81,5920,0.015186038
81,5952,0.015211581
81,5984,0.015146914
81,6016,0.015230541
81,6048,0.015137614
81,6080,0.0151480585
82,0,0.015098463
82,32,0.015224769
82,64,0.015121713
82,96,0.015171317
82,128,0.015172462
82,160,0.015167312
82,192,0.015102739
82,224,0.015227003
82,256,0.015118715
82,288,0.015125347
82,320,0.0151647115
82,352,0.0151969325
82,384,0.015096853
82,416,0.015173087
82,448,0.015113587
82,480,0.015167235
82,512,0.015128409
82,544,0.015134976
82,576,0.015187882
82,608,0.015124167
82,640,0.015140327
82,672,0.01516702
82,704,0.015212173
82,736,0.015140219
82,768,0.015202562
82,800,0.015099729
82,832,0.015068124
82,864,0.01506637
82,896,0.015135214
82,928,0.015116611
82,960,0.015110462
82,992,0.015144784
82,1024,0.015068786
82,1056,0.015002441
82,1088,0.015130599
82,1120,0.015072553
82,1152,0.015095124
82,1184,0.015104294
82,1216,0.016083268
82,1248,0.01636888
82,1280,0.016241405
82,1312,0.016185746
82,1344,0.016080525
82,1376,0.016052555
82,1408,0.016090155
82,1440,0.01597503
82,1472,0.015971258
82,1504,0.015920648
82,1536,0.015909564
82,1568,0.015891498
82,1600,0.01585492
82,1632,0.015773414
82,1664,0.015835745
82,1696,0.015838165
82,1728,0.015737595
82,1760,0.015807552
82,1792,0.01576648
82,1824,0.015661575
82,1856,0.015710015
82,1888,0.015766382
82,1920,0.015677951
82,1952,0.0156106185
82,1984,0.015638087
82,2016,0.015665498
82,2048,0.0155920405
82,2080,0.01565559
82,2112,0.015580079
82,2144,0.01562949
82,2176,0.015526996
82,2208,0.015571385
82,2240,0.01554084
82,2272,0.015517746
82,2304,0.0155320605
82,2336,0.015571589
82,2368,0.015468828
82,2400,0.015442078
82,2432,0.015522279
82,2464,0.015467704
82,2496,0.015475875
82,2528,0.015420795
82,2560,0.015358946
82,2592,0.01544317
82,2624,0.01547495
82,2656,0.015414274
82,2688,0.015389643
82,2720,0.0153549155
82,2752,0.015410475
82,2784,0.015325723
82,2816,0.015393765
82,2848,0.015373187
82,2880,0.015417691
82,2912,0.015392065
82,2944,0.01538477
82,2976,0.015360506
82,3008,0.015337475
82,3040,0.015372913
82,3072,0.015319479
82,3104,0.015333369
82,3136,0.015335642
82,3168,0.015384664
82,3200,0.015259206
82,3232,0.015343978
82,3264,0.015282087
82,3296,0.015203394
82,3328,0.015284351
82,3360,0.015311583
82,3392,0.015278926
82,3424,0.015360636
82,3456,0.015287139
82,3488,0.015312285
82,3520,0.015213318
82,3552,0.015241871
82,3584,0.015290475
82,3616,0.015352828
82,3648,0.015342004
82,3680,0.015252195
82,3712,0.01519767
82,3744,0.015228187
82,3776,0.015243269
82,3808,0.015243651
82,3840,0.015197307
82,3872,0.015235015
82,3904,0.015185309
82,3936,0.015278495
82,3968,0.015213595
82,4000,0.01527863
82,4032,0.015193037
82,4064,0.015255319
82,4096,0.0152122285
82,4128,0.015186732
82,4160,0.0151899615
82,4192,0.015149229
82,4224,0.015222721
82,4256,0.0152002545
82,4288,0.015200252
82,4320,0.015243803
82,4352,0.015249438
82,4384,0.015244758
82,4416,0.015171268
82,4448,0.015165738
82,4480,0.015128239
82,4512,0.015175292
82,4544,0.015206393
82,4576,0.015179235
82,4608,0.0151710175
82,4640,0.015136785
82,4672,0.015123889
82,4704,0.015196803
82,4736,0.015193851
82,4768,0.015085801
82,4800,0.015118879
82,4832,0.015109692
82,4864,0.0150959315
82,4896,0.015144204
82,4928,0.015139762
82,4960,0.01512222
82,4992,0.015096898
82,5024,0.015117634
82,5056,0.015103018
82,5088,0.0151566975
82,5120,0.0151917245
82,5152,0.015174307
82,5184,0.015136619
82,5216,0.015085736
82,5248,0.015146081
82,5280,0.015173988
82,5312,0.016189778
82,5344,0.016369075
82,5376,0.016222768
82,5408,0.016241876
82,5440,0.016166296
82,5472,0.016049137
82,5504,0.016034137
82,5536,0.01606321
82,5568,0.015921656
82,5600,0.01587945
82,5632,0.015861277
82,5664,0.015881438
82,5696,0.015804904
82,5728,0.01588104
82,5760,0.015818866
82,5792,0.015759965
82,5824,0.01575779
82,5856,0.015694499
82,5888,0.015700331
82,5920,0.015695008
82,5952,0.015636938
82,5984,0.015690062
82,6016,0.015696324
82,6048,0.015621104
82,6080,0.015590609
83,0,0.015590181
83,32,0.015712464
83,64,0.01569741
83,96,0.015718246
83,128,0.015640916
83,160,0.01563988
83,192,0.015583296
83,224,0.01557437
83,256,0.015601769
83,288,0.015596709
83,320,0.01556181
83,352,0.015415403
83,384,0.015507857
83,416,0.015536918
83,448,0.015492056
83,480,0.0155245075
83,512,0.015432765
83,544,0.015478358
83,576,0.01546719
83,608,0.01536821
83,640,0.015431535
83,672,0.01546913
83,704,0.015447899
83,736,0.015373116
83,768,0.015394165
83,800,0.015400522
83,832,0.015375344
83,864,0.015427979
83,896,0.015414436
83,928,0.015408296
83,960,0.015378632
83,992,0.0154010765
83,1024,0.015321896
83,1056,0.015440101
83,1088,0.015351575
83,1120,0.015427723
83,1152,0.015405888
83,1184,0.015316477
83,1216,0.015354558
83,1248,0.015392578
83,1280,0.015318217
83,1312,0.015383373
83,1344,0.015338045
83,1376,0.015264206
83,1408,0.015258968
83,1440,0.015334734
83,1472,0.015326858
83,1504,0.015287508
83,1536,0.015330174
83,1568,0.01525197
83,1600,0.015256296
83,1632,0.01528257
83,1664,0.015282841
83,1696,0.015281545
83,1728,0.015301967
83,1760,0.015258872
83,1792,0.015281333
83,1824,0.015217197
83,1856,0.015219783
83,1888,0.015253814
83,1920,0.01526259
83,1952,0.015297555
83,1984,0.015254478
83,2016,0.0152493315
83,2048,0.015203114
83,2080,0.015202679
83,2112,0.015249645
83,2144,0.015287774
83,2176,0.015244514
83,2208,0.015236079
83,2240,0.015147385
83,2272,0.0152332
83,2304,0.015186988
83,2336,0.015178734
83,2368,0.015176505
83,2400,0.015226701
83,2432,0.015186291
83,2464,0.015209107
83,2496,0.015156461
83,2528,0.015231836
83,2560,0.015224821
83,2592,0.015174625
83,2624,0.015206264
83,2656,0.015238528
83,2688,0.015154099
83,2720,0.01515866
83,2752,0.015242773
83,2784,0.01522389
83,2816,0.015190031
83,2848,0.015194344
83,2880,0.015108781
83,2912,0.015211076
83,2944,0.015181157
83,2976,0.01513565
83,3008,0.01515461
83,3040,0.015164485
83,3072,0.0151792765
83,3104,0.015145557
83,3136,0.015209868
83,3168,0.015197309
83,3200,0.015157092
83,3232,0.015178917
83,3264,0.0151590835
83,3296,0.015840696
83,3328,0.016288767
83,3360,0.016274616
83,3392,0.016103704
83,3424,0.01611645
83,3456,0.016089603
83,3488,0.016012657
83,3520,0.016002059
83,3552,0.01596287
83,3584,0.016047558
83,3616,0.015893603
83,3648,0.015926689
83,3680,0.015947014
83,3712,0.015821198
83,3744,0.015853692
83,3776,0.015907288
83,3808,0.015793456
83,3840,0.015776645
83,3872,0.015749214
83,3904,0.015675802
83,3936,0.015737193
83,3968,0.015702281
83,4000,0.015699828
83,4032,0.01572082
83,4064,0.015653273
83,4096,0.015597
83,4128,0.015661195
83,4160,0.0155658005
83,4192,0.015681848
83,4224,0.015603938
83,4256,0.015538484
83,4288,0.015462504
83,4320,0.0155898
83,4352,0.015516011
83,4384,0.015554977
83,4416,0.015501283
83,4448,0.015473236
83,4480,0.015532588
83,4512,0.015479574
83,4544,0.015505367
83,4576,0.015483469
83,4608,0.015374115
83,4640,0.015504416
83,4672,0.015375739
83,4704,0.015410077
83,4736,0.015383256
83,4768,0.015487815
83,4800,0.015377908
83,4832,0.0153366225
83,4864,0.0154453255
83,4896,0.015370736
83,4928,0.015378061
83,4960,0.015306146
83,4992,0.015427055
83,5024,0.01536324
83,5056,0.015356417
83,5088,0.015375954
83,5120,0.01539519
83,5152,0.015371111
83,5184,0.015330828
83,5216,0.015286791
83,5248,0.015255089
83,5280,0.015343579
83,5312,0.01526151
83,5344,0.015300646
83,5376,0.015230398
83,5408,0.015356365
83,5440,0.015336043
83,5472,0.015265582
83,5504,0.015219943
83,5536,0.015308745
83,5568,0.015310629
83,5600,0.015317656
83,5632,0.015289998
83,5664,0.0153192775
83,5696,0.015251193
83,5728,0.015209096
83,5760,0.015289698
83,5792,0.015293946
83,5824,0.015211441
83,5856,0.015226871
83,5888,0.015241945
83,5920,0.015308857
83,5952,0.015193946
83,5984,0.015234461
83,6016,0.015186039
83,6048,0.015226285
83,6080,0.0152039835
84,0,0.015145467
84,32,0.015216487
84,64,0.015215568
84,96,0.015284592
84,128,0.015250409
84,160,0.015219776
84,192,0.015220979
84,224,0.0152051
84,256,0.015148379
84,288,0.015226202
84,320,0.015184168
84,352,0.01521979
84,384,0.015129534
84,416,0.015255222
84,448,0.015185285
84,480,0.015219063
84,512,0.015250175
84,544,0.01517116
84,576,0.01520102
84,608,0.015149822
84,640,0.015176621
84,672,0.015172989
84,704,0.015136289
84,736,0.015202187
84,768,0.015178735
84,800,0.01519413
84,832,0.015171215
84,864,0.01518509
84,896,0.015170961
84,928,0.015151755
84,960,0.015097339
84,992,0.015114578
84,1024,0.015158597
84,1056,0.01514573
84,1088,0.015182245
84,1120,0.015170254
84,1152,0.015248302
84,1184,0.01516085
84,1216,0.015153743
84,1248,0.0151559515
84,1280,0.015521721
84,1312,0.016482735
84,1344,0.01632303
84,1376,0.01628065
84,1408,0.01628131
84,1440,0.016178545
84,1472,0.016074099
84,1504,0.016086426
84,1536,0.016078392
84,1568,0.01597017
84,1600,0.015969858
84,1632,0.015909191
84,1664,0.015912082
84,1696,0.015919572
84,1728,0.01594104
84,1760,0.01579586
84,1792,0.015899904
84,1824,0.015815618
84,1856,0.015808305
84,1888,0.01578884
84,1920,0.015791606
84,1952,0.015733348
84,1984,0.015758786
84,2016,0.015755491
84,2048,0.015760187
84,2080,0.015660882
84,2112,0.015632285
84,2144,0.01566726
84,2176,0.015644303
84,2208,0.015670454
84,2240,0.015635064
84,2272,0.015557763
84,2304,0.015609499
84,2336,0.015631517
84,2368,0.015557976
84,2400,0.01559218
84,2432,0.015526191
84,2464,0.015584553
84,2496,0.015572371
84,2528,0.015539601
84,2560,0.015472113
84,2592,0.015545153
84,2624,0.0155629115
84,2656,0.015523127
84,2688,0.01555008
84,2720,0.015478078
84,2752,0.015507387
84,2784,0.015518026
84,2816,0.015417043
84,2848,0.015407995
84,2880,0.015442983
84,2912,0.0154814925
84,2944,0.015461561
84,2976,0.015459372
84,3008,0.015393348
84,3040,0.015428063
84,3072,0.015382944
84,3104,0.0154276155
84,3136,0.0153387915
84,3168,0.015429733
84,3200,0.015448618
84,3232,0.015420605
84,3264,0.015405897
84,3296,0.015371141
84,3328,0.015349629
84,3360,0.01533505
84,3392,0.015418278
84,3424,0.015386955
84,3456,0.015385064
84,3488,0.015398389
84,3520,0.015448357
84,3552,0.01542441
84,3584,0.015440805
84,3616,0.015342221
84,3648,0.015337344
84,3680,0.015337456
84,3712,0.015327698
84,3744,0.015307902
84,3776,0.015305444
84,3808,0.015312938
84,3840,0.015348785
84,3872,0.015297162
84,3904,0.015321024
84,3936,0.015328638
84,3968,0.015290847
84,4000,0.015187999
84,4032,0.015236674
84,4064,0.015337413
84,4096,0.015300208
84,4128,0.015257318
84,4160,0.015314165
84,4192,0.015281725
84,4224,0.015295222
84,4256,0.015255372
84,4288,0.01521845
84,4320,0.015266239
84,4352,0.015296982
84,4384,0.015338544
84,4416,0.0152433645
84,4448,0.015285537
84,4480,0.015228596
84,4512,0.0152752185
84,4544,0.01524155
84,4576,0.015247422
84,4608,0.0152259385
84,4640,0.0153230205
84,4672,0.015211409
84,4704,0.01528354
84,4736,0.015244559
84,4768,0.01521204
84,4800,0.015231713
84,4832,0.015205227
84,4864,0.015276386
84,4896,0.0151894055
84,4928,0.015161314
84,4960,0.015174111
84,4992,0.0152576845
84,5024,0.015171498
84,5056,0.015159198
84,5088,0.015176619
84,5120,0.015197079
84,5152,0.015176012
84,5184,0.015251126
84,5216,0.015206862
84,5248,0.015202557
84,5280,0.015207302
84,5312,0.015200336
84,5344,0.015185421
84,5376,0.015515536
84,5408,0.016367488
84,5440,0.01630749
84,5472,0.016127825
84,5504,0.0162315
84,5536,0.016084997
84,5568,0.01610196
84,5600,0.016040562
84,5632,0.016099088
84,5664,0.015938241
84,5696,0.015961237
84,5728,0.015913416
84,5760,0.015906284
84,5792,0.015906302
84,5824,0.015881732
84,5856,0.015879694
84,5888,0.015777508
84,5920,0.015786262
84,5952,0.015740607
84,5984,0.015770523
84,6016,0.01577312
84,6048,0.015738852
84,6080,0.015682379
85,0,0.01572002
85,32,0.015728533
85,64,0.01578672
85,96,0.015691115
85,128,0.015723519
85,160,0.015659107
85,192,0.015660493
85,224,0.015648494
85,256,0.015534577
85,288,0.015552906
85,320,0.015570382
85,352,0.015603403
85,384,0.015531245
85,416,0.015614338
85,448,0.01556577
85,480,0.0155900745
85,512,0.01553432
85,544,0.015560126
85,576,0.015596521
85,608,0.015521475
85,640,0.015562019
85,672,0.015556967
85,704,0.015456081
85,736,0.01549593
85,768,0.015552409
85,800,0.015498875
85,832,0.015440611
85,864,0.015505521
85,896,0.015418569
85,928,0.015431386
85,960,0.015455117
85,992,0.015485113
85,1024,0.015414922
85,1056,0.015480489
85,1088,0.0153930355
85,1120,0.015358874
85,1152,0.015398409
85,1184,0.0153678525
85,1216,0.015367323
85,1248,0.015413781
85,1280,0.015405008
85,1312,0.015403932
85,1344,0.015337607
85,1376,0.015370724
85,1408,0.015359662
85,1440,0.015358227
85,1472,0.015335829
85,1504,0.015335858
85,1536,0.015350435
85,1568,0.015302259
85,1600,0.015342424
85,1632,0.015354789
85,1664,0.015326907
85,1696,0.015311836
85,1728,0.0153367
85,1760,0.015399707
85,1792,0.015324801
85,1824,0.0153519465
85,1856,0.015238335
85,1888,0.01524087
85,1920,0.015372757
85,1952,0.015337058
85,1984,0.015341319
85,2016,0.015269139
85,2048,0.015254366
85,2080,0.01534337
85,2112,0.015249424
85,2144,0.015231154
85,2176,0.015313783
85,2208,0.015274649
85,2240,0.015278234
85,2272,0.015308909
85,2304,0.015310906
85,2336,0.015332321
85,2368,0.015255771
85,2400,0.015245785
85,2432,0.015243322
85,2464,0.015210262
85,2496,0.015170669
85,2528,0.01512967
85,2560,0.015254341
85,2592,0.015231971
85,2624,0.015195396
85,2656,0.015280265
85,2688,0.01520312
85,2720,0.015243707
85,2752,0.015151092
85,2784,0.015235133
85,2816,0.015224824
85,2848,0.015253233
85,2880,0.015199886
85,2912,0.015302508
85,2944,0.015211964
85,2976,0.015191015
85,3008,0.015156946
85,3040,0.015209738
85,3072,0.015107107
85,3104,0.015220534
85,3136,0.0152096925
85,3168,0.015205919
85,3200,0.0151710035
85,3232,0.015189141
85,3264,0.0151437465
85,3296,0.015142225
85,3328,0.015201953
85,3360,0.015199585
85,3392,0.01648292
85,3424,0.016434744
85,3456,0.016285675
85,3488,0.016242512
85,3520,0.01622054
85,3552,0.016191648
85,3584,0.016107015
85,3616,0.016089542
85,3648,0.01604092
85,3680,0.015997563
85,3712,0.016018007
85,3744,0.015987245
85,3776,0.01587419
85,3808,0.015985576
85,3840,0.015908215
85,3872,0.015787005
85,3904,0.015869023
85,3936,0.015818136
85,3968,0.015842509
85,4000,0.01577206
85,4032,0.015765458
85,4064,0.015818538
85,4096,0.01575643
85,4128,0.015762651
85,4160,0.015667478
85,4192,0.015681101
85,4224,0.015637094
85,4256,0.015653647
85,4288,0.015689047
85,4320,0.015664335
85,4352,0.015623635
85,4384,0.015714267
85,4416,0.015676504
85,4448,0.015617459
85,4480,0.015627312
85,4512,0.015590742
85,4544,0.015630802
85,4576,0.015595355
85,4608,0.015569446
85,4640,0.015593498
85,4672,0.0154559985
85,4704,0.015572232
85,4736,0.015535489
85,4768,0.01549395
85,4800,0.01551816
85,4832,0.01556929
85,4864,0.0156448
85,4896,0.015483856
85,4928,0.015450964
85,4960,0.015387461
85,4992,0.015483971
85,5024,0.015452592
85,5056,0.015515454
85,5088,0.015505092
85,5120,0.015441766
85,5152,0.015447252
85,5184,0.01537246
85,5216,0.015478218
85,5248,0.015423778
85,5280,0.015393184
85,5312,0.015432852
85,5344,0.015395684
85,5376,0.0152934985
85,5408,0.015483163
85,5440,0.015430012
85,5472,0.015395659
85,5504,0.015393028
85,5536,0.015343141
85,5568,0.015382414
85,5600,0.015316034
85,5632,0.01529322
85,5664,0.01545081
85,5696,0.015321086
85,5728,0.015357906
85,5760,0.015364033
85,5792,0.0153958965
85,5824,0.015385654
85,5856,0.015335164
85,5888,0.015354444
85,5920,0.015339546
85,5952,0.015353901
85,5984,0.015340937
85,6016,0.01535591
85,6048,0.015321324
85,6080,0.015229734
86,0,0.015288713
86,32,0.01532049
86,64,0.015380634
86,96,0.0153873665
86,128,0.015332863
86,160,0.015326569
86,192,0.015383136
86,224,0.01531277
86,256,0.015327761
86,288,0.015255508
86,320,0.015291943
86,352,0.015282334
86,384,0.015264987
86,416,0.015282789
86,448,0.015254499
86,480,0.015367144
86,512,0.015382278
86,544,0.01523215
86,576,0.015256198
86,608,0.015284326
86,640,0.015284802
86,672,0.015212998
86,704,0.015174355
86,736,0.015320661
86,768,0.01523287
86,800,0.015283193
86,832,0.015299221
86,864,0.015312235
86,896,0.015257855
86,928,0.015220942
86,960,0.015209111
86,992,0.015159086
86,1024,0.0152491825
86,1056,0.0151679665
86,1088,0.015305459
86,1120,0.015202142
86,1152,0.015205345
86,1184,0.015216844
86,1216,0.015156249
86,1248,0.015247786
86,1280,0.015271291
86,1312,0.015223762
86,1344,0.015249198
86,1376,0.016237918
86,1408,0.016499292
86,1440,0.01641147
86,1472,0.016298514
86,1504,0.016198324
86,1536,0.016253632
86,1568,0.01619385
86,1600,0.016213547
86,1632,0.016093608
86,1664,0.016026678
86,1696,0.01601951
86,1728,0.01604224
86,1760,0.01598074
86,1792,0.015942017
86,1824,0.015872795
86,1856,0.015924081
86,1888,0.015823158
86,1920,0.015797902
86,1952,0.015851256
86,1984,0.015862955
86,2016,0.015841618
86,2048,0.01582516
86,2080,0.015709938
86,2112,0.01576998
86,2144,0.01572091
86,2176,0.015771937
86,2208,0.015790015
86,2240,0.01573783
86,2272,0.015688457
86,2304,0.015681345
86,2336,0.015679125
86,2368,0.015680194
86,2400,0.01558492
86,2432,0.015651193
86,2464,0.015656587
86,2496,0.01557278
86,2528,0.015559738
86,2560,0.015617248
86,2592,0.015592186
86,2624,0.015649632
86,2656,0.015621837
86,2688,0.015523297
86,2720,0.015498601
86,2752,0.015556296
86,2784,0.015591043
86,2816,0.015598236
86,2848,0.015487506
86,2880,0.015566426
86,2912,0.015489971
86,2944,0.015537149
86,2976,0.015503565
86,3008,0.0154774785
86,3040,0.015490596
86,3072,0.015507363
86,3104,0.015425165
86,3136,0.0154258665
86,3168,0.01544964
86,3200,0.015363349
86,3232,0.015454995
86,3264,0.015388849
86,3296,0.015448758
86,3328,0.015448861
86,3360,0.0154545205
86,3392,0.015422451
86,3424,0.015369532
86,3456,0.015420668
86,3488,0.015362392
86,3520,0.015384511
86,3552,0.01537416
86,3584,0.015433257
86,3616,0.015415109
86,3648,0.015370206
86,3680,0.01539039
86,3712,0.015336482
86,3744,0.015349976
86,3776,0.01540581
86,3808,0.015344172
86,3840,0.015289642
86,3872,0.015378672
86,3904,0.0153173
86,3936,0.0152984895
86,3968,0.015378393
86,4000,0.015341128
86,4032,0.015271572
86,4064,0.015330787
86,4096,0.015276001
86,4128,0.015291187
86,4160,0.015310233
86,4192,0.015317422
86,4224,0.015258381
86,4256,0.015277116
86,4288,0.015345291
86,4320,0.015307788
86,4352,0.015339242
86,4384,0.015277937
86,4416,0.015235435
86,4448,0.01528379
86,4480,0.015326549
86,4512,0.01525194
86,4544,0.015314966
86,4576,0.015258837
86,4608,0.015271167
86,4640,0.015234836
86,4672,0.015260467
86,4704,0.015286627
86,4736,0.015212069
86,4768,0.015345209
86,4800,0.015226155
86,4832,0.015203293
86,4864,0.015261047
86,4896,0.015168104
86,4928,0.015276555
86,4960,0.015262814
86,4992,0.015191388
86,5024,0.015207024
86,5056,0.015219398
86,5088,0.015220283
86,5120,0.015207424
86,5152,0.015293663
86,5184,0.0151719
86,5216,0.015224946
86,5248,0.015192805
86,5280,0.015209315
86,5312,0.015169723
86,5344,0.015204839
86,5376,0.015243848
86,5408,0.015165077
86,5440,0.015227372
86,5472,0.016203174
86,5504,0.016445678
86,5536,0.01643896
86,5568,0.016318789
86,5600,0.016240753
86,5632,0.016211776
86,5664,0.016147984
86,5696,0.016142718
86,5728,0.016020305
86,5760,0.016051386
86,5792,0.016035544
86,5824,0.015994858
86,5856,0.015956376
86,5888,0.01595169
86,5920,0.015951728
86,5952,0.015899427
86,5984,0.015912965
86,6016,0.015806254
86,6048,0.015829984
86,6080,0.015732586
87,0,0.01580463
87,32,0.015801664
87,64,0.015834829
87,96,0.015797853
87,128,0.015767256
87,160,0.015697664
87,192,0.015799955
87,224,0.01579213
87,256,0.015717112
87,288,0.015736543
87,320,0.015632456
87,352,0.015704457
87,384,0.015713658
87,416,0.015719628
87,448,0.01562589
87,480,0.015702423
87,512,0.015621197
87,544,0.015634082
87,576,0.015615067
87,608,0.015643964
87,640,0.015591377
87,672,0.015603171
87,704,0.015546838
87,736,0.015630212
87,768,0.015597237
87,800,0.015619727
87,832,0.015558356
87,864,0.015534481
87,896,0.015564032
87,928,0.015494592
87,960,0.015572667
87,992,0.015473351
87,1024,0.015448253
87,1056,0.015505237
87,1088,0.015568739
87,1120,0.015484841
87,1152,0.0155409975
87,1184,0.01546238
87,1216,0.015478811
87,1248,0.015454321
87,1280,0.015489365
87,1312,0.015392771
87,1344,0.015437491
87,1376,0.0153331645
87,1408,0.0154896965
87,1440,0.015473302
87,1472,0.015418343
87,1504,0.015444633
87,1536,0.015395499
87,1568,0.015434834
87,1600,0.015476407
87,1632,0.015419427
87,1664,0.015367947
87,1696,0.0153173525
87,1728,0.015425789
87,1760,0.015439979
87,1792,0.015354962
87,1824,0.015340469
87,1856,0.015456313
87,1888,0.0153977275
87,1920,0.015364488
87,1952,0.01538455
87,1984,0.015328197
87,2016,0.015425812
87,2048,0.015411805
87,2080,0.015316076
87,2112,0.015310088
87,2144,0.01534076
87,2176,0.015336499
87,2208,0.015320664
87,2240,0.015324703
87,2272,0.015389804
87,2304,0.015339671
87,2336,0.015355404
87,2368,0.015363979
87,2400,0.015282532
87,2432,0.0153065
87,2464,0.015347995
87,2496,0.0152908685
87,2528,0.01526662
87,2560,0.015347559
87,2592,0.015330539
87,2624,0.015289313
87,2656,0.015262833
87,2688,0.015281135
87,2720,0.015300136
87,2752,0.015310961
87,2784,0.015300296
87,2816,0.015206581
87,2848,0.01532542
87,2880,0.015231018
87,2912,0.015336553
87,2944,0.015277036
87,2976,0.015268598
87,3008,0.015312261
87,3040,0.015212267
87,3072,0.015216865
87,3104,0.0153077785
87,3136,0.015228539
87,3168,0.015308406
87,3200,0.015276447
87,3232,0.015290979
87,3264,0.015250271
87,3296,0.015244099
87,3328,0.015261753
87,3360,0.015197698
87,3392,0.0151656335
87,3424,0.015272823
87,3456,0.015969563
87,3488,0.016531114
87,3520,0.016389444
87,3552,0.01631112
87,3584,0.01630209
87,3616,0.016316501
87,3648,0.016188402
87,3680,0.016146407
87,3712,0.016105868
87,3744,0.016067732
87,3776,0.016036408
87,3808,0.01605861
87,3840,0.015963256
87,3872,0.015954556
87,3904,0.015888155
87,3936,0.015915772
87,3968,0.015982859
87,4000,0.0159426
87,4032,0.015946954
87,4064,0.015793206
87,4096,0.015843945
87,4128,0.015839633
87,4160,0.015743032
87,4192,0.01575798
87,4224,0.015757414
87,4256,0.015779871
87,4288,0.015719054
87,4320,0.015751576
87,4352,0.01573802
87,4384,0.01571665
87,4416,0.015686527
87,4448,0.015699826
87,4480,0.015687779
87,4512,0.015681788
87,4544,0.015666978
87,4576,0.015600548
87,4608,0.015652183
87,4640,0.015561516
87,4672,0.015623105
87,4704,0.015596979
87,4736,0.01566796
87,4768,0.015618281
87,4800,0.015581574
87,4832,0.0155532
87,4864,0.015607981
87,4896,0.015535025
87,4928,0.015545344
87,4960,0.015467176
87,4992,0.015588432
87,5024,0.015563808
87,5056,0.015521267
87,5088,0.015517125
87,5120,0.01553121
87,5152,0.015437394
87,5184,0.015491327
87,5216,0.015485328
87,5248,0.01550533
87,5280,0.015421689
87,5312,0.015457669
87,5344,0.015522411
87,5376,0.015473429
87,5408,0.0154666295
87,5440,0.015469355
87,5472,0.015434841
87,5504,0.015395963
87,5536,0.015433399
87,5568,0.015452385
87,5600,0.015426698
87,5632,0.015392889
87,5664,0.015400873
87,5696,0.01537715
87,5728,0.015456348
87,5760,0.015416401
87,5792,0.015350906
87,5824,0.015470167
87,5856,0.015443396
87,5888,0.015453643
87,5920,0.015374685
87,5952,0.015371963
87,5984,0.015403982
87,6016,0.015359044
87,6048,0.015424317
87,6080,0.015394045
88,0,0.015367493
88,32,0.015347218
88,64,0.015345054
88,96,0.015398196
88,128,0.0153205665
88,160,0.0153772915
88,192,0.0153433
88,224,0.015372942
88,256,0.015395531
88,288,0.01537115
88,320,0.0154080475
88,352,0.015334274
88,384,0.015345817
88,416,0.015400971
88,448,0.015351992
88,480,0.015403229
88,512,0.015310961
88,544,0.015343299
88,576,0.015310467
88,608,0.015362826
88,640,0.015361549
88,672,0.015344981
88,704,0.015317767
88,736,0.015340388
88,768,0.015308387
88,800,0.015349075
88,832,0.015280102
88,864,0.015344214
88,896,0.015281271
88,928,0.015231339
88,960,0.015232438
88,992,0.015276595
88,1024,0.015332151
88,1056,0.0152367335
88,1088,0.0152977165
88,1120,0.0152596515
88,1152,0.015289111
88,1184,0.0152852
88,1216,0.015253216
88,1248,0.015240144
88,1280,0.015296245
88,1312,0.015273458
88,1344,0.015219533
88,1376,0.015284465
88,1408,0.015281031
88,1440,0.015661625
88,1472,0.016556596
88,1504,0.016488733
88,1536,0.016404107
88,1568,0.01642114
88,1600,0.016324798
88,1632,0.016239777
88,1664,0.016328827
88,1696,0.016228618
88,1728,0.016161023
88,1760,0.016110621
88,1792,0.016082402
88,1824,0.016122866
88,1856,0.01600673
88,1888,0.016119711
88,1920,0.016060792
88,1952,0.01605528
88,1984,0.016056513
88,2016,0.01597522
88,2048,0.01591939
88,2080,0.015929969
88,2112,0.015958754
88,2144,0.015852965
88,2176,0.015838018
88,2208,0.015851663
88,2240,0.01588156
88,2272,0.015864206
88,2304,0.01579694
88,2336,0.015736187
88,2368,0.015727306
88,2400,0.01584174
88,2432,0.015768107
88,2464,0.015724134
88,2496,0.015746374
88,2528,0.015780997
88,2560,0.01567512
88,2592,0.015671713
88,2624,0.015677065
88,2656,0.015674235
88,2688,0.015648939
88,2720,0.015645778
88,2752,0.015681885
88,2784,0.015677227
88,2816,0.01564665
88,2848,0.015655816
88,2880,0.01554217
88,2912,0.01569108
88,2944,0.015631532
88,2976,0.01555779
88,3008,0.015576132
88,3040,0.015596086
88,3072,0.0156243825
88,3104,0.0155610675
88,3136,0.015603134
88,3168,0.015614507
88,3200,0.015502347
88,3232,0.01556257
88,3264,0.015527287
88,3296,0.015561565
88,3328,0.015508271
88,3360,0.015512865
88,3392,0.015588199
88,3424,0.015536692
88,3456,0.01551976
88,3488,0.015452931
88,3520,0.0154098775
88,3552,0.015460561
88,3584,0.0154918535
88,3616,0.015464738
88,3648,0.015493602
88,3680,0.0154018365
88,3712,0.015527317
88,3744,0.0155676715
88,3776,0.015452585
88,3808,0.015425035
88,3840,0.01543245
88,3872,0.0154702645
88,3904,0.015456333
88,3936,0.0154588865
88,3968,0.015438664
88,4000,0.015411454
88,4032,0.015460427
88,4064,0.015518741
88,4096,0.015426535
88,4128,0.015474804
88,4160,0.015383598
88,4192,0.015439817
88,4224,0.015392551
88,4256,0.01533743
88,4288,0.015332002
88,4320,0.015396798
88,4352,0.01545465
88,4384,0.015292481
88,4416,0.015334449
88,4448,0.015403957
88,4480,0.015421883
88,4512,0.015361258
88,4544,0.015398193
88,4576,0.015487343
88,4608,0.015341102
88,4640,0.015337406
88,4672,0.015390403
88,4704,0.015366871
88,4736,0.015413086
88,4768,0.015406406
88,4800,0.01534802
88,4832,0.015321937
88,4864,0.015360516
88,4896,0.015404754
88,4928,0.01537832
88,4960,0.0153046185
88,4992,0.015368312
88,5024,0.0154118
88,5056,0.015367236
88,5088,0.015329899
88,5120,0.015315165
88,5152,0.015332008
88,5184,0.015363651
88,5216,0.015315128
88,5248,0.015324311
88,5280,0.015395073
88,5312,0.015290684
88,5344,0.015304204
88,5376,0.015253165
88,5408,0.015281971
88,5440,0.015283278
88,5472,0.015330061
88,5504,0.015314217
88,5536,0.015700458
88,5568,0.016488804
88,5600,0.016546547
88,5632,0.0163869
88,5664,0.01625963
88,5696,0.016245106
88,5728,0.016231006
88,5760,0.016206175
88,5792,0.016214387
88,5824,0.016140634
88,5856,0.016130565
88,5888,0.016024483
88,5920,0.016083539
88,5952,0.01610121
88,5984,0.01602481
88,6016,0.015986724
88,6048,0.015936438
88,6080,0.015906198
89,0,0.015900193
89,32,0.01596351
89,64,0.015936213
89,96,0.015906032
89,128,0.015957696
89,160,0.015806112
89,192,0.015882654
89,224,0.015802488
89,256,0.015832879
89,288,0.015830304
89,320,0.01577137
89,352,0.015792517
89,384,0.015769415
89,416,0.015764121
89,448,0.015637524
89,480,0.01571787
89,512,0.015665459
89,544,0.015667012
89,576,0.015707195
89,608,0.015667407
89,640,0.015723705
89,672,0.01563843
89,704,0.015647223
89,736,0.015706385
89,768,0.01563263
89,800,0.015741047
89,832,0.01569577
89,864,0.015617839
89,896,0.015614013
89,928,0.01557109
89,960,0.015631247
89,992,0.01568504
89,1024,0.01563135
89,1056,0.015541118
89,1088,0.015577482
89,1120,0.015584158
89,1152,0.015560526
89,1184,0.015520668
89,1216,0.015600981
89,1248,0.015520021
89,1280,0.015489043
89,1312,0.015468356
89,1344,0.015624825
89,1376,0.015528508
89,1408,0.01553669
89,1440,0.015522155
89,1472,0.0155024715
89,1504,0.015517409
89,1536,0.015536467
89,1568,0.015525509
89,1600,0.015528934
89,1632,0.015489375
89,1664,0.015448103
89,1696,0.015465909
89,1728,0.015512148
89,1760,0.0154299885
89,1792,0.015414763
89,1824,0.015441774
89,1856,0.015505746
89,1888,0.015446392
89,1920,0.0154689355
89,1952,0.015423096
89,1984,0.015441734
89,2016,0.015368047
89,2048,0.015442178
89,2080,0.015392945
89,2112,0.015459138
89,2144,0.0154366465
89,2176,0.015379205
89,2208,0.015439762
89,2240,0.0154047785
89,2272,0.015412963
89,2304,0.015366736
89,2336,0.0154240625
89,2368,0.015422679
89,2400,0.015389414
89,2432,0.015439175
89,2464,0.015335467
89,2496,0.01537326
89,2528,0.015436234
89,2560,0.015339401
89,2592,0.015356983
89,2624,0.015432807
89,2656,0.015368999
89,2688,0.015407338
89,2720,0.015341966
89,2752,0.015377627
89,2784,0.015339816
89,2816,0.015359792
89,2848,0.015356549
89,2880,0.015301348
89,2912,0.015364896
89,2944,0.015392824
89,2976,0.015340713
89,3008,0.0153831905
89,3040,0.015330574
89,3072,0.015357098
89,3104,0.015334293
89,3136,0.015216172
89,3168,0.015287873
89,3200,0.015281891
89,3232,0.015374474
89,3264,0.0153337065
89,3296,0.015291766
89,3328,0.015366049
89,3360,0.015339341
89,3392,0.015198317
89,3424,0.015317383
89,3456,0.015225071
89,3488,0.015320435
89,3520,0.015343351
89,3552,0.0165926
89,3584,0.016535819
89,3616,0.016397234
89,3648,0.01639764
89,3680,0.01633412
89,3712,0.016288096
89,3744,0.016287249
89,3776,0.016170874
89,3808,0.016184298
89,3840,0.016120521
89,3872,0.016065015
89,3904,0.016044011
89,3936,0.016109949
89,3968,0.016001822
89,4000,0.015965741
89,4032,0.015971683
89,4064,0.0159856
89,4096,0.015912041
89,4128,0.015908586
89,4160,0.015887257
89,4192,0.015888723
89,4224,0.015877446
89,4256,0.015854275
89,4288,0.015904523
89,4320,0.015799338
89,4352,0.015844924
89,4384,0.015812557
89,4416,0.015750002
89,4448,0.015747197
89,4480,0.015742147
89,4512,0.01575596
89,4544,0.015756465
89,4576,0.015772674
89,4608,0.015747119
89,4640,0.015709335
89,4672,0.01577823
89,4704,0.015635855
89,4736,0.015715783
89,4768,0.015748065
89,4800,0.015646357
89,4832,0.01568063
89,4864,0.015727041
89,4896,0.015591878
89,4928,0.015693355
89,4960,0.015656047
89,4992,0.015649535
89,5024,0.015590747
89,5056,0.015645633
89,5088,0.01565598
89,5120,0.015503059
89,5152,0.0154910805
89,5184,0.015560075
89,5216,0.015573153
89,5248,0.015560878
89,5280,0.0155712785
89,5312,0.015559979
89,5344,0.0155665
89,5376,0.015561043
89,5408,0.015602921
89,5440,0.015560589
89,5472,0.015535566
89,5504,0.015543574
89,5536,0.015512047
89,5568,0.0155698275
89,5600,0.0155020105
89,5632,0.015557798
89,5664,0.015419861
89,5696,0.015452541
89,5728,0.015455683
89,5760,0.015518764
89,5792,0.015585888
89,5824,0.015508208
89,5856,0.015490114
89,5888,0.015494071
89,5920,0.015509561
89,5952,0.015486042
89,5984,0.0154331615
89,6016,0.015451174
89,6048,0.0154484995
89,6080,0.015428068
90,0,0.015446086
90,32,0.015493432
90,64,0.015443419
90,96,0.015476474
90,128,0.015431285
90,160,0.015387821
90,192,0.015443588
90,224,0.015430606
90,256,0.015507705
90,288,0.015451241
90,320,0.015436158
90,352,0.015455941
90,384,0.0153648695
90,416,0.015430621
90,448,0.015403645
90,480,0.015473965
90,512,0.015416688
90,544,0.015425881
90,576,0.015407092
90,608,0.015458181
90,640,0.015511453
90,672,0.015414442
90,704,0.015438889
90,736,0.015360558
90,768,0.01529967
90,800,0.015283236
90,832,0.015369194
90,864,0.015394875
90,896,0.015335866
90,928,0.01533117
90,960,0.015421481
90,992,0.015440295
90,1024,0.015381721
90,1056,0.015392424
90,1088,0.0154158175
90,1120,0.015327369
90,1152,0.015353123
90,1184,0.015410417
90,1216,0.0153710265
90,1248,0.015376314
90,1280,0.0153516205
90,1312,0.015403368
90,1344,0.015351053
90,1376,0.015255174
90,1408,0.015285148
90,1440,0.015357081
90,1472,0.015326171
90,1504,0.015345
90,1536,0.016368039
90,1568,0.016574318
90,1600,0.016510382
90,1632,0.016433451
90,1664,0.016304802
90,1696,0.016320253
90,1728,0.016195692
90,1760,0.016171737
90,1792,0.016274983
90,1824,0.016153272
90,1856,0.016186155
90,1888,0.016090093
90,1920,0.016064735
90,1952,0.016043853
90,1984,0.016050665
90,2016,0.016061926
90,2048,0.016029539
90,2080,0.015992042
90,2112,0.015965067
90,2144,0.015914124
90,2176,0.015911862
90,2208,0.01591646
90,2240,0.015871393
90,2272,0.01587805
90,2304,0.01583288
90,2336,0.015792586
90,2368,0.015846873
90,2400,0.015822867
90,2432,0.015846055
90,2464,0.015819147
90,2496,0.015703876
90,2528,0.015760597
90,2560,0.015766507
90,2592,0.01577274
90,2624,0.01569976
90,2656,0.015714215
90,2688,0.01578894
90,2720,0.01569505
90,2752,0.015674181
90,2784,0.015706839
90,2816,0.015790068
90,2848,0.015741032
90,2880,0.015664347
90,2912,0.015629243
90,2944,0.015610593
90,2976,0.015680324
90,3008,0.015614526
90,3040,0.015585055
90,3072,0.015716253
90,3104,0.015610784
90,3136,0.015737653
90,3168,0.015541282
90,3200,0.015630055
90,3232,0.015651738
90,3264,0.015594437
90,3296,0.015643837
90,3328,0.0154833635
90,3360,0.0155670205
90,3392,0.015524524
90,3424,0.015548311
90,3456,0.01554578
90,3488,0.015513661
90,3520,0.015561453
90,3552,0.015597534
90,3584,0.015523589
90,3616,0.015445407
90,3648,0.015531416
90,3680,0.0155098615
90,3712,0.0155435
90,3744,0.015468353
90,3776,0.015568032
90,3808,0.015539868
90,3840,0.015484141
90,3872,0.015422216
90,3904,0.015500018
90,3936,0.015475825
90,3968,0.015545099
90,4000,0.015520486
90,4032,0.015465906
90,4064,0.01547361
90,4096,0.015539965
90,4128,0.015444579
90,4160,0.015466896
90,4192,0.015469471
90,4224,0.015437826
90,4256,0.015410507
90,4288,0.015477744
90,4320,0.015443425
90,4352,0.015400803
90,4384,0.015447577
90,4416,0.015413931
90,4448,0.015427023
90,4480,0.015366383
90,4512,0.01539514
90,4544,0.015351878
90,4576,0.015474589
90,4608,0.015380118
90,4640,0.015407256
90,4672,0.01540417
90,4704,0.015364143
90,4736,0.015382941
90,4768,0.015413563
90,4800,0.0154161565
90,4832,0.015325768
90,4864,0.015403273
90,4896,0.015285401
90,4928,0.015351665
90,4960,0.015424175
90,4992,0.015365823
90,5024,0.015397675
90,5056,0.015417308
90,5088,0.0154164275
90,5120,0.01527984
90,5152,0.015325117
90,5184,0.015366685
90,5216,0.015385667
90,5248,0.0153004015
90,5280,0.015364696
90,5312,0.015339007
90,5344,0.015336988
90,5376,0.015342094
90,5408,0.015368407
90,5440,0.015351964
90,5472,0.0153767085
90,5504,0.015367244
90,5536,0.015327565
90,5568,0.015339256
90,5600,0.01529396
90,5632,0.016411077
90,5664,0.016635941
90,5696,0.016564151
90,5728,0.016517606
90,5760,0.016400624
90,5792,0.016326962
90,5824,0.016336119
90,5856,0.016290393
90,5888,0.016199099
90,5920,0.016178189
90,5952,0.016169056
90,5984,0.016083214
90,6016,0.016053557
90,6048,0.016027553
90,6080,0.016069517
91,0,0.015989115
91,32,0.01610305
91,64,0.016050821
91,96,0.016065212
91,128,0.016015183
91,160,0.01587232
91,192,0.016001219
91,224,0.015906233
91,256,0.016033141
91,288,0.01591192
91,320,0.01583069
91,352,0.01586054
91,384,0.015879264
91,416,0.015842551
91,448,0.01582641
91,480,0.015833769
91,512,0.015804678
91,544,0.015829712
91,576,0.015866265
91,608,0.01579896
91,640,0.015790919
91,672,0.015778393
91,704,0.015765326
91,736,0.015752865
91,768,0.015781699
91,800,0.015751071
91,832,0.015739856
91,864,0.015714487
91,896,0.015782174
91,928,0.015746316
91,960,0.015722265
91,992,0.0157088
91,1024,0.015711468
91,1056,0.015611963
91,1088,0.015707096
91,1120,0.015708562
91,1152,0.015663136
91,1184,0.015661031
91,1216,0.01560676
91,1248,0.015640134
91,1280,0.01566696
91,1312,0.015562369
91,1344,0.015617455
91,1376,0.015630173
91,1408,0.01565004
91,1440,0.015667625
91,1472,0.015651051
91,1504,0.015619705
91,1536,0.015620814
91,1568,0.015575696
91,1600,0.015538915
91,1632,0.015636409
91,1664,0.015569446
91,1696,0.015578656
91,1728,0.01560292
91,1760,0.015575696
91,1792,0.015537795
91,1824,0.015517044
91,1856,0.015517176
91,1888,0.015496431
91,1920,0.015523654
91,1952,0.015592517
91,1984,0.015564648
91,2016,0.015547937
91,2048,0.015551539
91,2080,0.015515477
91,2112,0.015472165
91,2144,0.015513478
91,2176,0.015525858
91,2208,0.015487335
91,2240,0.015467422
91,2272,0.015398787
91,2304,0.015454577
91,2336,0.015472888
91,2368,0.0154540995
91,2400,0.015510261
91,2432,0.0155041125
91,2464,0.015465071
91,2496,0.015418879
91,2528,0.0155050205
91,2560,0.015530657
91,2592,0.0154222045
91,2624,0.015415817
91,2656,0.015438477
91,2688,0.015519762
91,2720,0.015466417
91,2752,0.015480773
91,2784,0.0154489055
91,2816,0.0154006155
91,2848,0.015422928
91,2880,0.015460094
91,2912,0.015395851
91,2944,0.01544562
91,2976,0.015384324
91,3008,0.015450491
91,3040,0.015413726
91,3072,0.015452921
91,3104,0.015398073
91,3136,0.01541766
91,3168,0.015439706
91,3200,0.015423228
91,3232,0.015421638
91,3264,0.015379336
91,3296,0.015382099
91,3328,0.015404662
91,3360,0.015377057
91,3392,0.015352176
91,3424,0.015373482
91,3456,0.015424689
91,3488,0.015428547
91,3520,0.015403508
91,3552,0.015373753
91,3584,0.015397165
91,3616,0.01604796
91,3648,0.016657915
91,3680,0.01651647
91,3712,0.016562939
91,3744,0.016390637
91,3776,0.016362794
91,3808,0.016420204
91,3840,0.01623377
91,3872,0.016235333
91,3904,0.016298551
91,3936,0.01619285
91,3968,0.016230796
91,4000,0.01609027
91,4032,0.01613985
91,4064,0.016090058
91,4096,0.016072823
91,4128,0.016039561
91,4160,0.016031794
91,4192,0.015976517
91,4224,0.015974455
91,4256,0.015964152
91,4288,0.015941342
91,4320,0.016005851
91,4352,0.016023446
91,4384,0.015971454
91,4416,0.015968736
91,4448,0.015850972
91,4480,0.015892392
91,4512,0.015867777
91,4544,0.015812572
91,4576,0.015800364
91,4608,0.015823876
91,4640,0.015783265
91,4672,0.01573978
91,4704,0.015807802
91,4736,0.015730787
91,4768,0.01570088
91,4800,0.015809411
91,4832,0.015737299
91,4864,0.015737101
91,4896,0.015805775
91,4928,0.015682742
91,4960,0.015793974
91,4992,0.015702937
91,5024,0.01573924
91,5056,0.015690288
91,5088,0.015698928
91,5120,0.015666611
91,5152,0.015615026
91,5184,0.01566563
91,5216,0.015721839
91,5248,0.015626999
91,5280,0.015689192
91,5312,0.01561549
91,5344,0.015668793
91,5376,0.015598956
91,5408,0.015670517
91,5440,0.015602605
91,5472,0.015585851
91,5504,0.015590394
91,5536,0.015580359
91,5568,0.015559302
91,5600,0.015561315
91,5632,0.015596103
91,5664,0.015552118
91,5696,0.015633183
91,5728,0.0155074345
91,5760,0.015567441
91,5792,0.0155577855
91,5824,0.015581893
91,5856,0.015577714
91,5888,0.015485326
91,5920,0.015474911
91,5952,0.015553712
91,5984,0.015513505
91,6016,0.015512349
91,6048,0.015578301
91,6080,0.01552407
92,0,0.015584885
92,32,0.015562278
92,64,0.015511994
92,96,0.015621646
92,128,0.015578061
92,160,0.0154715385
92,192,0.015473356
92,224,0.01549399
92,256,0.0154717425
92,288,0.015450398
92,320,0.015445075
92,352,0.015547556
92,384,0.01553142
92,416,0.015511993
92,448,0.015510475
92,480,0.015494388
92,512,0.015525536
92,544,0.015442018
92,576,0.015499089
92,608,0.015494768
92,640,0.015496613
92,672,0.015448112
92,704,0.015387167
92,736,0.0153942965
92,768,0.015520839
92,800,0.015458835
92,832,0.015429865
92,864,0.015452655
92,896,0.015421076
92,928,0.015449006
92,960,0.015396547
92,992,0.015436468
92,1024,0.015376889
92,1056,0.015416025
92,1088,0.015471724
92,1120,0.015438114
92,1152,0.015420078
92,1184,0.015486855
92,1216,0.015399224
92,1248,0.015413738
92,1280,0.015346492
92,1312,0.015492091
92,1344,0.015420864
92,1376,0.015426925
92,1408,0.01542497
92,1440,0.015427342
92,1472,0.015394085
92,1504,0.015347357
92,1536,0.015358835
92,1568,0.015399921
92,1600,0.015750952
92,1632,0.016674792
92,1664,0.016580505
92,1696,0.01643752
92,1728,0.01638769
92,1760,0.016472872
92,1792,0.016317861
92,1824,0.016380748
92,1856,0.016267955
92,1888,0.016247673
92,1920,0.016255941
92,1952,0.016155222
92,1984,0.016162788
92,2016,0.016172437
92,2048,0.016114272
92,2080,0.016095797
92,2112,0.01598825
92,2144,0.016043855
92,2176,0.01604782
92,2208,0.016087221
92,2240,0.015954688
92,2272,0.016008558
92,2304,0.01593981
92,2336,0.015900165
92,2368,0.015875015
92,2400,0.01590895
92,2432,0.015895907
92,2464,0.015904805
92,2496,0.015870022
92,2528,0.01588011
92,2560,0.0159317
92,2592,0.015828399
92,2624,0.015810613
92,2656,0.015847448
92,2688,0.015756778
92,2720,0.015867246
92,2752,0.015769126
92,2784,0.015740888
92,2816,0.015761536
92,2848,0.015827004
92,2880,0.015719794
92,2912,0.015681446
92,2944,0.015723169
92,2976,0.015665248
92,3008,0.015650896
92,3040,0.015705884
92,3072,0.015643334
92,3104,0.015623449
92,3136,0.015640099
92,3168,0.015690278
92,3200,0.015675994
92,3232,0.01563371
92,3264,0.01564366
92,3296,0.015623071
92,3328,0.015670944
92,3360,0.015683165
92,3392,0.015651748
92,3424,0.015594953
92,3456,0.01563383
92,3488,0.015621444
92,3520,0.015684053
92,3552,0.015614041
92,3584,0.015632736
92,3616,0.015540501
92,3648,0.0155681055
92,3680,0.01561902
92,3712,0.015521217
92,3744,0.015520342
92,3776,0.01556025
92,3808,0.015608318
92,3840,0.015582018
92,3872,0.015516538
92,3904,0.015456329
92,3936,0.015545178
92,3968,0.015505422
92,4000,0.015569341
92,4032,0.015543898
92,4064,0.015593451
92,4096,0.015581273
92,4128,0.01547131
92,4160,0.015501186
92,4192,0.015547089
92,4224,0.0155015355
92,4256,0.015566418
92,4288,0.015558702
92,4320,0.015490545
92,4352,0.01548396
92,4384,0.015488863
92,4416,0.0154480655
92,4448,0.015444692
92,4480,0.015466842
92,4512,0.015450915
92,4544,0.015484958
92,4576,0.015471878
92,4608,0.015449216
92,4640,0.015462157
92,4672,0.015462876
92,4704,0.015438832
92,4736,0.015493923
92,4768,0.015487261
92,4800,0.015434958
92,4832,0.015440166
92,4864,0.01550264
92,4896,0.015456298
92,4928,0.015387122
92,4960,0.015462292
92,4992,0.015425036
92,5024,0.0154154925
92,5056,0.015413027
92,5088,0.015367305
92,5120,0.015449088
92,5152,0.015415497
92,5184,0.015392564
92,5216,0.015367588
92,5248,0.015449606
92,5280,0.015329875
92,5312,0.0153687205
92,5344,0.015460928
92,5376,0.0154274395
92,5408,0.015419533
92,5440,0.015350021
92,5472,0.015419979
92,5504,0.015413773
92,5536,0.0154807335
92,5568,0.015379991
92,5600,0.015404039
92,5632,0.015398459
92,5664,0.015390777
92,5696,0.015795585
92,5728,0.01672259
92,5760,0.016579915
92,5792,0.016547378
92,5824,0.016508691
92,5856,0.016454121
92,5888,0.01646168
92,5920,0.016409343
92,5952,0.016203588
92,5984,0.016207209
92,6016,0.016221616
92,6048,0.016198719
92,6080,0.016176667
93,0,0.016088586
93,32,0.01621303
93,64,0.016224815
93,96,0.016109446
93,128,0.01610975
93,160,0.016084539
93,192,0.015991129
93,224,0.016010433
93,256,0.016068002
93,288,0.016016023
93,320,0.016023917
93,352,0.016058616
93,384,0.015952729
93,416,0.015957069
93,448,0.016026055
93,480,0.015929332
93,512,0.01593792
93,544,0.015989501
93,576,0.015882181
93,608,0.015878439
93,640,0.015839549
93,672,0.015945919
93,704,0.015849149
93,736,0.015896503
93,768,0.015869837
93,800,0.015820839
93,832,0.015838312
93,864,0.015784234
93,896,0.01580048
93,928,0.015833186
93,960,0.015795847
93,992,0.015784921
93,1024,0.015734255
93,1056,0.015721677
93,1088,0.015769763
93,1120,0.015771497
93,1152,0.01569251
93,1184,0.015807318
93,1216,0.015747976
93,1248,0.015751854
93,1280,0.01568326
93,1312,0.015743015
93,1344,0.015704468
93,1376,0.015621154
93,1408,0.015571114
93,1440,0.015671745
93,1472,0.01566783
93,1504,0.015714176
93,1536,0.015669389
93,1568,0.015637282
93,1600,0.015607727
93,1632,0.015647514
93,1664,0.015600458
93,1696,0.015656956
93,1728,0.015629685
93,1760,0.015619912
93,1792,0.015639184
93,1824,0.015677713
93,1856,0.015598176
93,1888,0.015644085
93,1920,0.015587714
93,1952,0.01564578
93,1984,0.01558011
93,2016,0.0155342575
93,2048,0.015582523
93,2080,0.015517078
93,2112,0.015663989
93,2144,0.015621718
93,2176,0.015568713
93,2208,0.015539035
93,2240,0.01558047
93,2272,0.015568632
93,2304,0.015579778
93,2336,0.015557983
93,2368,0.015649715
93,2400,0.015597043
93,2432,0.01555642
93,2464,0.0155106075
93,2496,0.015541324
93,2528,0.015550788
93,2560,0.015542467
93,2592,0.015535993
93,2624,0.015560286
93,2656,0.015503122
93,2688,0.015458215
93,2720,0.015536683
93,2752,0.015586671
93,2784,0.015560762
93,2816,0.015467564
93,2848,0.015530831
93,2880,0.015506149
93,2912,0.0155134145
93,2944,0.015454987
93,2976,0.015484924
93,3008,0.015466298
93,3040,0.015488138
93,3072,0.0155091295
93,3104,0.015454018
93,3136,0.01553819
93,3168,0.015470029
93,3200,0.015424338
93,3232,0.01543435
93,3264,0.015488522
93,3296,0.015485316
93,3328,0.015470583
93,3360,0.015478758
93,3392,0.01545188
93,3424,0.015450119
93,3456,0.015500987
93,3488,0.015506968
93,3520,0.015462339
93,3552,0.015413303
93,3584,0.015424779
93,3616,0.01545379
93,3648,0.015405293
93,3680,0.015456995
93,3712,0.016804019
93,3744,0.01660169
93,3776,0.016568072
93,3808,0.016475338
93,3840,0.01639704
93,3872,0.016385948
93,3904,0.01635287
93,3936,0.016343102
93,3968,0.016272206
93,4000,0.016227663
93,4032,0.016254818
93,4064,0.016229684
93,4096,0.016162628
93,4128,0.016082846
93,4160,0.016168723
93,4192,0.016110254
93,4224,0.016162269
93,4256,0.016083982
93,4288,0.016039733
93,4320,0.016071113
93,4352,0.01604068
93,4384,0.015945848
93,4416,0.016053956
93,4448,0.015970942
93,4480,0.015922159
93,4512,0.015874544
93,4544,0.01593364
93,4576,0.015909735
93,4608,0.015885202
93,4640,0.01586902
93,4672,0.01593171
93,4704,0.015915161
93,4736,0.015872978
93,4768,0.01589657
93,4800,0.015873548
93,4832,0.015849838
93,4864,0.015842957
93,4896,0.015802747
93,4928,0.015883408
93,4960,0.015744437
93,4992,0.015770739
93,5024,0.0157424
93,5056,0.015808607
93,5088,0.015813509
93,5120,0.01572161
93,5152,0.015855342
93,5184,0.015733924
93,5216,0.015700867
93,5248,0.015804606
93,5280,0.015707247
93,5312,0.015771108
93,5344,0.015669145
93,5376,0.015750146
93,5408,0.01567857
93,5440,0.015660396
93,5472,0.015685262
93,5504,0.015593364
93,5536,0.015683511
93,5568,0.015711159
93,5600,0.015671868
93,5632,0.015700271
93,5664,0.015625853
93,5696,0.015609846
93,5728,0.015590551
93,5760,0.015573294
93,5792,0.01565696
93,5824,0.015580565
93,5856,0.015657155
93,5888,0.015626619
93,5920,0.015568758
93,5952,0.015636355
93,5984,0.015650855
93,6016,0.01559302
93,6048,0.015566198
93,6080,0.015598488
94,0,0.0155680785
94,32,0.015598518
94,64,0.015674265
94,96,0.0155929355
94,128,0.015591734
94,160,0.015584047
94,192,0.015526042
94,224,0.0155893825
94,256,0.015569605
94,288,0.01550246
94,320,0.015612288
94,352,0.01562984
94,384,0.0155667225
94,416,0.015574772
94,448,0.015534468
94,480,0.015598695
94,512,0.015485622
94,544,0.015539998
94,576,0.0155538265
94,608,0.015456229
94,640,0.015570877
94,672,0.015616659
94,704,0.015524514
94,736,0.015574305
94,768,0.015459813
94,800,0.015503211
94,832,0.015494752
94,864,0.015536029
94,896,0.015415798
94,928,0.015474559
94,960,0.015465608
94,992,0.015516602
94,1024,0.015547231
94,1056,0.015538432
94,1088,0.015522227
94,1120,0.015531589
94,1152,0.015470836
94,1184,0.015484425
94,1216,0.015457149
94,1248,0.015468933
94,1280,0.015489465
94,1312,0.015484834
94,1344,0.015475802
94,1376,0.015441417
94,1408,0.015469449
94,1440,0.015423245
94,1472,0.015505821
94,1504,0.015477386
94,1536,0.015461518
94,1568,0.015485835
94,1600,0.015523664
94,1632,0.015478261
94,1664,0.015430257
94,1696,0.016423844
94,1728,0.016692366
94,1760,0.016619628
94,1792,0.016573237
94,1824,0.01649222
94,1856,0.016411442
94,1888,0.016446352
94,1920,0.016383547
94,1952,0.016343437
94,1984,0.016278474
94,2016,0.016326297
94,2048,0.016274402
94,2080,0.016307028
94,2112,0.016136583
94,2144,0.016181545
94,2176,0.016175924
94,2208,0.016224243
94,2240,0.01610452
94,2272,0.01606244
94,2304,0.016038805
94,2336,0.016053226
94,2368,0.015979525
94,2400,0.016047833
94,2432,0.01603327
94,2464,0.01603044
94,2496,0.016058117
94,2528,0.015978133
94,2560,0.015953042
94,2592,0.016037073
94,2624,0.01601964
94,2656,0.015931394
94,2688,0.015983809
94,2720,0.0159717
94,2752,0.015871579
94,2784,0.015867177
94,2816,0.01587487
94,2848,0.015873587
94,2880,0.01577661
94,2912,0.015805278
94,2944,0.015807547
94,2976,0.015850691
94,3008,0.015841864
94,3040,0.015763387
94,3072,0.015880313
94,3104,0.015800929
94,3136,0.015766537
94,3168,0.015762964
94,3200,0.01577822
94,3232,0.015727827
94,3264,0.015753835
94,3296,0.015792973
94,3328,0.015704723
94,3360,0.015762104
94,3392,0.015761519
94,3424,0.015658356
94,3456,0.015752153
94,3488,0.015700508
94,3520,0.015695427
94,3552,0.015704758
94,3584,0.015709449
94,3616,0.015699727
94,3648,0.015711054
94,3680,0.015639145
94,3712,0.015641915
94,3744,0.015667753
94,3776,0.01568438
94,3808,0.015666751
94,3840,0.015654827
94,3872,0.015643738
94,3904,0.015566027
94,3936,0.015572345
94,3968,0.015660312
94,4000,0.015631393
94,4032,0.015588856
94,4064,0.015570362
94,4096,0.015661443
94,4128,0.015636288
94,4160,0.015522709
94,4192,0.015673555
94,4224,0.015628068
94,4256,0.015555044
94,4288,0.015584912
94,4320,0.015553492
94,4352,0.015617413
94,4384,0.015555205
94,4416,0.015596471
94,4448,0.015587516
94,4480,0.015513467
94,4512,0.015572308
94,4544,0.015514641
94,4576,0.015465312
94,4608,0.015536925
94,4640,0.015569233
94,4672,0.01556453
94,4704,0.015446628
94,4736,0.015572243
94,4768,0.015542773
94,4800,0.015566795
94,4832,0.01553711
94,4864,0.015598612
94,4896,0.015531044
94,4928,0.015513075
94,4960,0.015564237
94,4992,0.015509644
94,5024,0.015558439
94,5056,0.015500468
94,5088,0.0155568775
94,5120,0.0154765
94,5152,0.015524187
94,5184,0.015481857
94,5216,0.015546803
94,5248,0.015440504
94,5280,0.015467779
94,5312,0.015497027
94,5344,0.015511709
94,5376,0.015424552
94,5408,0.015507121
94,5440,0.015427957
94,5472,0.015473586
94,5504,0.015510602
94,5536,0.01552321
94,5568,0.015468611
94,5600,0.015500353
94,5632,0.015476251
94,5664,0.015514584
94,5696,0.0154817
94,5728,0.015446473
94,5760,0.015427044
94,5792,0.016499756
94,5824,0.01677664
94,5856,0.016576942
94,5888,0.016537346
94,5920,0.016482973
94,5952,0.01640895
94,5984,0.016388604
94,6016,0.016357558
94,6048,0.01630425
94,6080,0.016296543
95,0,0.016266456
95,32,0.016249368
95,64,0.01631254
95,96,0.01622943
95,128,0.016175603
95,160,0.01617452
95,192,0.016107706
95,224,0.016171107
95,256,0.016076647
95,288,0.016022682
95,320,0.01610168
95,352,0.016106293
95,384,0.016032051
95,416,0.016016968
95,448,0.016022298
95,480,0.016038908
95,512,0.015985664
95,544,0.015948042
95,576,0.015975982
95,608,0.016007507
95,640,0.015971445
95,672,0.015923686
95,704,0.015956905
95,736,0.015863825
95,768,0.015825566
95,800,0.015849266
95,832,0.015884161
95,864,0.015935905
95,896,0.015935596
95,928,0.015874544
95,960,0.01584601
95,992,0.015829599
95,1024,0.015842643
95,1056,0.01578847
95,1088,0.015853602
95,1120,0.015822807
95,1152,0.015824758
95,1184,0.01582158
95,1216,0.01584504
95,1248,0.01578005
95,1280,0.015747886
95,1312,0.015751833
95,1344,0.015773524
95,1376,0.015698137
95,1408,0.015788663
95,1440,0.015745606
95,1472,0.015730683
95,1504,0.015766425
95,1536,0.015708538
95,1568,0.015675282
95,1600,0.015706144
95,1632,0.015711058
95,1664,0.015608426
95,1696,0.015707504
95,1728,0.015722461
95,1760,0.01572991
95,1792,0.01569182
95,1824,0.015667247
95,1856,0.015667604
95,1888,0.01567012
95,1920,0.015642522
95,1952,0.015621292
95,1984,0.01563717
95,2016,0.015672341
95,2048,0.015611767
95,2080,0.015671222
95,2112,0.015649175
95,2144,0.015602384
95,2176,0.015596513
95,2208,0.015639186
95,2240,0.015708093
95,2272,0.01564884
95,2304,0.0155790225
95,2336,0.015673123
95,2368,0.0155814085
95,2400,0.015634272
95,2432,0.015544842
95,2464,0.015621541
95,2496,0.015596341
95,2528,0.015627213
95,2560,0.01564051
95,2592,0.015616513
95,2624,0.015515905
95,2656,0.0155571215
95,2688,0.015522131
95,2720,0.015583254
95,2752,0.015618172
95,2784,0.015552847
95,2816,0.015595318
95,2848,0.015543437
95,2880,0.015568216
95,2912,0.015547716
95,2944,0.015543742
95,2976,0.0155974645
95,3008,0.0155491205
95,3040,0.015421617
95,3072,0.01555131
95,3104,0.015572301
95,3136,0.015473381
95,3168,0.01551504
95,3200,0.015483983
95,3232,0.015516982
95,3264,0.015529094
95,3296,0.015541572
95,3328,0.015545748
95,3360,0.01553019
95,3392,0.015506712
95,3424,0.015553697
95,3456,0.015567256
95,3488,0.015530169
95,3520,0.015468847
95,3552,0.015538142
95,3584,0.015544051
95,3616,0.01548944
95,3648,0.015516231
95,3680,0.0155719975
95,3712,0.015442888
95,3744,0.015473408
95,3776,0.01618558
95,3808,0.016725056
95,3840,0.0167215
95,3872,0.01652021
95,3904,0.016517172
95,3936,0.01644075
95,3968,0.016485514
95,4000,0.016443962
95,4032,0.016260117
95,4064,0.01634172
95,4096,0.016300451
95,4128,0.016219037
95,4160,0.016244648
95,4192,0.016219571
95,4224,0.016236888
95,4256,0.016171243
95,4288,0.016052114
95,4320,0.016079241
95,4352,0.01612957
95,4384,0.016159026
95,4416,0.016161654
95,4448,0.016065225
95,4480,0.016059339
95,4512,0.015947819
95,4544,0.016027305
95,4576,0.015936723
95,4608,0.015976325
95,4640,0.016001519
95,4672,0.015958333
95,4704,0.015879782
95,4736,0.01589645
95,4768,0.015895164
95,4800,0.015976816
95,4832,0.015912462
95,4864,0.015919492
95,4896,0.015908577
95,4928,0.015869906
95,4960,0.015839305
95,4992,0.015838755
95,5024,0.015863774
95,5056,0.015884211
95,5088,0.01589835
95,5120,0.015753597
95,5152,0.015848245
95,5184,0.015864871
95,5216,0.015845796
95,5248,0.015858173
95,5280,0.015814085
95,5312,0.015696568
95,5344,0.015740765
95,5376,0.01574806
95,5408,0.01575314
95,5440,0.015714597
95,5472,0.015695892
95,5504,0.015690371
95,5536,0.015750501
95,5568,0.015698154
95,5600,0.015740298
95,5632,0.01571202
95,5664,0.015775897
95,5696,0.015645638
95,5728,0.015733233
95,5760,0.015715323
95,5792,0.015728582
95,5824,0.015712883
95,5856,0.015634283
95,5888,0.015658861
95,5920,0.015666805
95,5952,0.01564611
95,5984,0.015644988
95,6016,0.015693448
95,6048,0.015586139
95,6080,0.015621246
96,0,0.015543389
96,32,0.015717315
96,64,0.015626129
96,96,0.015702112
96,128,0.015559966
96,160,0.015671803
96,192,0.015677359
96,224,0.015648516
96,256,0.015665468
96,288,0.015665902
96,320,0.015608338
96,352,0.015581483
96,384,0.015592441
96,416,0.015666638
96,448,0.015601843
96,480,0.01569109
96,512,0.015623273
96,544,0.015568564
96,576,0.015649766
96,608,0.015554863
96,640,0.01567882
96,672,0.015526795
96,704,0.015617424
96,736,0.015589541
96,768,0.015558995
96,800,0.015610161
96,832,0.015608863
96,864,0.015573835
96,896,0.015682235
96,928,0.015523002
96,960,0.015519465
96,992,0.01555957
96,1024,0.015604286
96,1056,0.015570286
96,1088,0.01551644
96,1120,0.015554652
96,1152,0.015563536
96,1184,0.015644778
96,1216,0.015597005
96,1248,0.015523853
96,1280,0.015611284
96,1312,0.015556672
96,1344,0.015545885
96,1376,0.015521436
96,1408,0.015542917
96,1440,0.015520084
96,1472,0.015503186
96,1504,0.015484958
96,1536,0.015542451
96,1568,0.015485447
96,1600,0.0154963685
96,1632,0.0155233
96,1664,0.015512237
96,1696,0.0155305425
96,1728,0.01548941
96,1760,0.015895529
96,1792,0.016870737
96,1824,0.016733538
96,1856,0.016603569
96,1888,0.01665009
96,1920,0.01655784
96,1952,0.016538374
96,1984,0.016442161
96,2016,0.016427869
96,2048,0.016368177
96,2080,0.016355656
96,2112,0.016403463
96,2144,0.016308473
96,2176,0.016313637
96,2208,0.016274482
96,2240,0.016213387
96,2272,0.016237535
96,2304,0.016121976
96,2336,0.016136363
96,2368,0.016188389
96,2400,0.016167933
96,2432,0.016141951
96,2464,0.016059477
96,2496,0.016116483
96,2528,0.016145095
96,2560,0.016121607
96,2592,0.016033424
96,2624,0.015998827
96,2656,0.015970178
96,2688,0.015952012
96,2720,0.015982991
96,2752,0.01602655
96,2784,0.016010776
96,2816,0.016020337
96,2848,0.015931927
96,2880,0.01595756
96,2912,0.015912954
96,2944,0.015997235
96,2976,0.015927413
96,3008,0.015869675
96,3040,0.015830923
96,3072,0.015947698
96,3104,0.015828284
96,3136,0.015887735
96,3168,0.015817007
96,3200,0.015897002
96,3232,0.015831714
96,3264,0.01584309
96,3296,0.015842225
96,3328,0.015800536
96,3360,0.01581084
96,3392,0.015818534
96,3424,0.015802853
96,3456,0.0158031
96,3488,0.015748942
96,3520,0.015873572
96,3552,0.015803084
96,3584,0.015788712
96,3616,0.015775776
96,3648,0.015728282
96,3680,0.015731655
96,3712,0.015701564
96,3744,0.015754752
96,3776,0.015720675
96,3808,0.015669405
96,3840,0.015742533
96,3872,0.01566836
96,3904,0.015776234
96,3936,0.01563824
96,3968,0.015699316
96,4000,0.015670355
96,4032,0.015710507
96,4064,0.015694626
96,4096,0.015695607
96,4128,0.015727686
96,4160,0.015665123
96,4192,0.015584719
96,4224,0.015646126
96,4256,0.015729494
96,4288,0.015715355
96,4320,0.01570727
96,4352,0.015659906
96,4384,0.015638767
96,4416,0.015662676
96,4448,0.015577081
96,4480,0.015645372
96,4512,0.015650244
96,4544,0.015652437
96,4576,0.015583678
96,4608,0.015636127
96,4640,0.015622109
96,4672,0.015612066
96,4704,0.0156607
96,4736,0.015589215
96,4768,0.015613073
96,4800,0.015667995
96,4832,0.0156455
96,4864,0.01560125
96,4896,0.015587399
96,4928,0.015515175
96,4960,0.015543265
96,4992,0.015583781
96,5024,0.015641624
96,5056,0.0155578125
96,5088,0.015550175
96,5120,0.015652684
96,5152,0.015557621
96,5184,0.01565639
96,5216,0.015557703
96,5248,0.01562749
96,5280,0.015531385
96,5312,0.015513185
96,5344,0.01557447
96,5376,0.015581317
96,5408,0.015521397
96,5440,0.015502597
96,5472,0.015591602
96,5504,0.015520506
96,5536,0.015530127
96,5568,0.015520985
96,5600,0.015577331
96,5632,0.015492744
96,5664,0.015549806
96,5696,0.015580208
96,5728,0.015506507
96,5760,0.015548592
96,5792,0.0155200455
96,5824,0.01547945
96,5856,0.015875885
96,5888,0.016895214
96,5920,0.016806882
96,5952,0.016652195
96,5984,0.01661516
96,6016,0.016555833
96,6048,0.016504943
96,6080,0.016463382
97,0,0.016443705
97,32,0.016430834
97,64,0.0164108
97,96,0.016367912
97,128,0.016420651
97,160,0.016400333
97,192,0.016303483
97,224,0.016359909
97,256,0.016295431
97,288,0.016307632
97,320,0.016222613
97,352,0.016218899
97,384,0.016232098
97,416,0.016136963
97,448,0.016218212
97,480,0.016261412
97,512,0.016130513
97,544,0.016151793
97,576,0.01611084
97,608,0.016089827
97,640,0.01611363
97,672,0.016037408
97,704,0.016088584
97,736,0.016033703
97,768,0.016061677
97,800,0.016067619
97,832,0.015990883
97,864,0.015969539
97,896,0.0159363
97,928,0.015963601
97,960,0.015974477
97,992,0.015935043
97,1024,0.015966123
97,1056,0.015966468
97,1088,0.015926234
97,1120,0.015946617
97,1152,0.015887635
97,1184,0.015888615
97,1216,0.015893921
97,1248,0.015843714
97,1280,0.01586657
97,1312,0.015856607
97,1344,0.015891712
97,1376,0.015862778
97,1408,0.015885012
97,1440,0.015832951
97,1472,0.015824227
97,1504,0.015830439
97,1536,0.015820067
97,1568,0.015803216
97,1600,0.015802369
97,1632,0.015884079
97,1664,0.015834374
97,1696,0.015812391
97,1728,0.015772043
97,1760,0.015786268
97,1792,0.01578887
97,1824,0.01582035
97,1856,0.015829567
97,1888,0.015754068
97,1920,0.015730469
97,1952,0.015790034
97,1984,0.01575245
97,2016,0.015718732
97,2048,0.015724655
97,2080,0.015800072
97,2112,0.015700115
97,2144,0.01572782
97,2176,0.015756162
97,2208,0.015762014
97,2240,0.0157534
97,2272,0.015735576
97,2304,0.015722204
97,2336,0.015705286
97,2368,0.015728394
97,2400,0.015786536
97,2432,0.015672196
97,2464,0.015687944
97,2496,0.015661776
97,2528,0.01564806
97,2560,0.015741529
97,2592,0.015670732
97,2624,0.01570387
97,2656,0.015661748
97,2688,0.01572188
97,2720,0.01570663
97,2752,0.0157641
97,2784,0.015613848
97,2816,0.015688058
97,2848,0.015651641
97,2880,0.015629929
97,2912,0.015654152
97,2944,0.015641004
97,2976,0.015661372
97,3008,0.01564518
97,3040,0.015624228
97,3072,0.015636824
97,3104,0.015636383
97,3136,0.015680589
97,3168,0.015635373
97,3200,0.015593853
97,3232,0.015603574
97,3264,0.01567172
97,3296,0.015633626
97,3328,0.015607395
97,3360,0.0155756185
97,3392,0.015584867
97,3424,0.015581026
97,3456,0.015596945
97,3488,0.015572183
97,3520,0.015554045
97,3552,0.015637621
97,3584,0.015539166
97,3616,0.015578562
97,3648,0.01559295
97,3680,0.015621195
97,3712,0.015625536
97,3744,0.015561413
97,3776,0.015610601
97,3808,0.01561289
97,3840,0.015567365
97,3872,0.016945126
97,3904,0.016780747
97,3936,0.016678408
97,3968,0.016590439
97,4000,0.01659373
97,4032,0.016593408
97,4064,0.016452817
97,4096,0.016439926
97,4128,0.016433291
97,4160,0.01645516
97,4192,0.01639705
97,4224,0.016278714
97,4256,0.016313419
97,4288,0.016330082
97,4320,0.016292138
97,4352,0.016317368
97,4384,0.016275484
97,4416,0.016180087
97,4448,0.016228426
97,4480,0.016184112
97,4512,0.016035436
97,4544,0.016042698
97,4576,0.016146177
97,4608,0.016053619
97,4640,0.016091237
97,4672,0.01602965
97,4704,0.016056074
97,4736,0.016035141
97,4768,0.016020551
97,4800,0.015988657
97,4832,0.01599321
97,4864,0.015957322
97,4896,0.015966635
97,4928,0.015919149
97,4960,0.015908007
97,4992,0.015930403
97,5024,0.015953915
97,5056,0.015945144
97,5088,0.015943501
97,5120,0.015901374
97,5152,0.015879143
97,5184,0.015926534
97,5216,0.015769908
97,5248,0.015777731
97,5280,0.015828695
97,5312,0.01581946
97,5344,0.015858868
97,5376,0.01592017
97,5408,0.01589282
97,5440,0.01581975
97,5472,0.015879262
97,5504,0.015768187
97,5536,0.015792724
97,5568,0.015788706
97,5600,0.015852012
97,5632,0.015759515
97,5664,0.015681414
97,5696,0.015847778
97,5728,0.015775876
97,5760,0.015742918
97,5792,0.015764061
97,5824,0.015755584
97,5856,0.015707465
97,5888,0.015734667
97,5920,0.015736721
97,5952,0.015711812
97,5984,0.01570279
97,6016,0.015768576
97,6048,0.015799392
97,6080,0.015710786
98,0,0.015736042
98,32,0.015821593
98,64,0.015724597
98,96,0.01570927
98,128,0.015701454
98,160,0.015752487
98,192,0.01562526
98,224,0.015830746
98,256,0.015751772
98,288,0.015795397
98,320,0.015741058
98,352,0.015687333
98,384,0.015774846
98,416,0.015633944
98,448,0.015701517
98,480,0.015741954
98,512,0.01572316
98,544,0.015757706
98,576,0.015712457
98,608,0.015658103
98,640,0.01572273
98,672,0.015668057
98,704,0.015693957
98,736,0.015600414
98,768,0.015551135
98,800,0.01570968
98,832,0.0156468
98,864,0.015626565
98,896,0.01570989
98,928,0.015665533
98,960,0.015639221
98,992,0.015616601
98,1024,0.01564051
98,1056,0.015635284
98,1088,0.015647165
98,1120,0.015611138
98,1152,0.015581807
98,1184,0.0156105
98,1216,0.015672693
98,1248,0.015608213
98,1280,0.015555611
98,1312,0.01559662
98,1344,0.015660008
98,1376,0.015648982
98,1408,0.015570175
98,1440,0.015580213
98,1472,0.015607638
98,1504,0.015479511
98,1536,0.015604656
98,1568,0.015632173
98,1600,0.015581485
98,1632,0.015620908
98,1664,0.015580606
98,1696,0.015617009
98,1728,0.01555623
98,1760,0.015588142
98,1792,0.01549359
98,1824,0.015628401
98,1856,0.016715793
98,1888,0.01678279
98,1920,0.016743263
98,1952,0.01671819
98,1984,0.016732356
98,2016,0.016610105
98,2048,0.016517323
98,2080,0.01650633
98,2112,0.016437564
98,2144,0.016491357
98,2176,0.016421715
98,2208,0.016395198
98,2240,0.016330162
98,2272,0.016353624
98,2304,0.01629994
98,2336,0.016340474
98,2368,0.016347054
98,2400,0.016212095
98,2432,0.016224721
98,2464,0.016182307
98,2496,0.016205473
98,2528,0.016167616
98,2560,0.016190907
98,2592,0.01616609
98,2624,0.016120294
98,2656,0.016109008
98,2688,0.01612567
98,2720,0.01606996
98,2752,0.01613095
98,2784,0.016075406
98,2816,0.01602196
98,2848,0.01605277
98,2880,0.016002761
98,2912,0.015976505
98,2944,0.015932033
98,2976,0.016035743
98,3008,0.015969299
98,3040,0.015925765
98,3072,0.01601741
98,3104,0.015952727
98,3136,0.015897138
98,3168,0.015974574
98,3200,0.015916705
98,3232,0.015912728
98,3264,0.01593056
98,3296,0.01592052
98,3328,0.015876696
98,3360,0.015905624
98,3392,0.015863119
98,3424,0.015929174
98,3456,0.015894342
98,3488,0.01583979
98,3520,0.015821757
98,3552,0.015832102
98,3584,0.015868094
98,3616,0.01586765
98,3648,0.01579684
98,3680,0.015781121
98,3712,0.015853653
98,3744,0.015806291
98,3776,0.015793305
98,3808,0.015831655
98,3840,0.015765375
98,3872,0.01574373
98,3904,0.015848389
98,3936,0.015831694
98,3968,0.015844641
98,4000,0.015761483
98,4032,0.015725622
98,4064,0.015758092
98,4096,0.015774094
98,4128,0.015785893
98,4160,0.015783425
98,4192,0.015763639
98,4224,0.015776757
98,4256,0.015695952
98,4288,0.015756205
98,4320,0.015755612
98,4352,0.01572902
98,4384,0.015716456
98,4416,0.015669767
98,4448,0.015655626
98,4480,0.015685372
98,4512,0.015661852
98,4544,0.015709152
98,4576,0.015611994
98,4608,0.015638847
98,4640,0.015621021
98,4672,0.015676357
98,4704,0.015657218
98,4736,0.015636208
98,4768,0.015717622
98,4800,0.015599199
98,4832,0.015567225
98,4864,0.015560262
98,4896,0.015655275
98,4928,0.015719322
98,4960,0.015617824
98,4992,0.015702002
98,5024,0.015658738
98,5056,0.015684037
98,5088,0.015689759
98,5120,0.015658004
98,5152,0.015630754
98,5184,0.015621264
98,5216,0.015660781
98,5248,0.015699575
98,5280,0.01565672
98,5312,0.015632743
98,5344,0.015585106
98,5376,0.015694614
98,5408,0.015589361
98,5440,0.015615552
98,5472,0.015650734
98,5504,0.015649216
98,5536,0.015604192
98,5568,0.0155643
98,5600,0.0156194735
98,5632,0.015657673
98,5664,0.015647622
98,5696,0.015658172
98,5728,0.015652884
98,5760,0.01554828
98,5792,0.015570758
98,5824,0.015608165
98,5856,0.015597214
98,5888,0.015619124
98,5920,0.015600062
98,5952,0.016654331
98,5984,0.016770536
98,6016,0.0167916
98,6048,0.016642766
98,6080,0.016573314
99,0,0.016536208
99,32,0.016498128
99,64,0.016529547
99,96,0.016482053
99,128,0.016476138
99,160,0.016435603
99,192,0.016426764
99,224,0.016389094
99,256,0.016505174
99,288,0.016362667
99,320,0.016365826
99,352,0.016256647
99,384,0.016337888
99,416,0.016242769
99,448,0.016178632
99,480,0.016225427
99,512,0.016184112
99,544,0.016210502
99,576,0.016150624
99,608,0.016084576
99,640,0.016200205
99,672,0.016107175
99,704,0.016138528
99,736,0.01613284
99,768,0.016104084
99,800,0.016096128
99,832,0.016103262
99,864,0.01603398
99,896,0.015990876
99,928,0.01600278
99,960,0.016010158
99,992,0.016019374
99,1024,0.016058803
99,1056,0.01603594
99,1088,0.0159711
99,1120,0.016032362
99,1152,0.015899736
99,1184,0.015934037
99,1216,0.015940934
99,1248,0.016008789
99,1280,0.015934702
99,1312,0.015962804
99,1344,0.015913967
99,1376,0.015950348
99,1408,0.015892457
99,1440,0.015920619
99,1472,0.015931377
99,1504,0.015929086
99,1536,0.015914792
99,1568,0.015877465
99,1600,0.015935162
99,1632,0.015867751
99,1664,0.015822235
99,1696,0.01581603
99,1728,0.015872033
99,1760,0.015856702
99,1792,0.01575502
99,1824,0.01583664
99,1856,0.01581155
99,1888,0.015793445
99,1920,0.01580342
99,1952,0.0157862
99,1984,0.015839474
99,2016,0.015840102
99,2048,0.015742527
99,2080,0.01578128
99,2112,0.015781103
99,2144,0.015790036
99,2176,0.015793135
99,2208,0.015821006
99,2240,0.015763197
99,2272,0.015799215
99,2304,0.015723385
99,2336,0.015738383
99,2368,0.015774835
99,2400,0.015759604
99,2432,0.015711412
99,2464,0.015772056
99,2496,0.015790928
99,2528,0.015713306
99,2560,0.015722996
99,2592,0.015814103
99,2624,0.015788365
99,2656,0.015754286
99,2688,0.015780391
99,2720,0.015684554
99,2752,0.01568705
99,2784,0.015706789
99,2816,0.01566872
99,2848,0.015737837
99,2880,0.015698992
99,2912,0.01567642
99,2944,0.015736032
99,2976,0.015706567
99,3008,0.01567163
99,3040,0.01569896
99,3072,0.015682982
99,3104,0.015702046
99,3136,0.015604889
99,3168,0.015637396
99,3200,0.015631435
99,3232,0.015668718
99,3264,0.015640657
99,3296,0.015698427
99,3328,0.01567773
99,3360,0.015689194
99,3392,0.0155927595
99,3424,0.015603704
99,3456,0.015635312
99,3488,0.015641728
99,3520,0.015692057
99,3552,0.015593902
99,3584,0.015596314
99,3616,0.015584384
99,3648,0.015610914
99,3680,0.015658852
99,3712,0.015605854
99,3744,0.015584658
99,3776,0.015597118
99,3808,0.015661005
99,3840,0.015524481
99,3872,0.015591922
99,3904,0.01564364
99,3936,0.01629398
99,3968,0.016889593
99,4000,0.016859025
99,4032,0.016731033
99,4064,0.016692033
99,4096,0.01658526
99,4128,0.0166311
99,4160,0.016568758
99,4192,0.016498676
99,4224,0.01645534
99,4256,0.016444936
99,4288,0.016455965
99,4320,0.016402518
99,4352,0.016361382
99,4384,0.01629588
99,4416,0.01632062
99,4448,0.01633282
99,4480,0.01634832
99,4512,0.016300576
99,4544,0.016298305
99,4576,0.01620754
99,4608,0.016228806
99,4640,0.016237251
99,4672,0.01615931
99,4704,0.016204514
99,4736,0.016172126
99,4768,0.016180996
99,4800,0.01611613
99,4832,0.016157556
99,4864,0.016151065
99,4896,0.016089298
99,4928,0.016057344
99,4960,0.016123999
99,4992,0.015996557
99,5024,0.016109478
99,5056,0.016060961
99,5088,0.015984286
99,5120,0.016013656
99,5152,0.016004855
99,5184,0.016042566
99,5216,0.016031178
99,5248,0.016019644
99,5280,0.015964173
99,5312,0.015916264
99,5344,0.015938677
99,5376,0.015998293
99,5408,0.015982937
99,5440,0.015966669
99,5472,0.015960984
99,5504,0.015895398
99,5536,0.015924482
99,5568,0.015979659
99,5600,0.015896093
99,5632,0.015879823
99,5664,0.01588796
99,5696,0.015917396
99,5728,0.015885904
99,5760,0.01588244
99,5792,0.015828712
99,5824,0.015897116
99,5856,0.01580809
99,5888,0.0159714
99,5920,0.015809614
99,5952,0.015834453
99,5984,0.015815696
99,6016,0.015906688
99,6048,0.01584966
99,6080,0.015790956
100,0,0.015831465
100,32,0.01594974
100,64,0.015796473
100,96,0.015784413
100,128,0.015850602
100,160,0.015873797
100,192,0.015870856
100,224,0.015820587
100,256,0.015822666
100,288,0.015819784
100,320,0.015797898
100,352,0.015804691
100,384,0.015821392
100,416,0.01585332
100,448,0.01572158
100,480,0.015823593
100,512,0.01586952
100,544,0.015735088
100,576,0.015798535
100,608,0.01575081
100,640,0.015757002
100,672,0.015832534
100,704,0.015746132
100,736,0.015781831
100,768,0.015777022
100,800,0.015744764
100,832,0.015747106
100,864,0.015786126
100,896,0.015710978
100,928,0.015775865
100,960,0.015780741
100,992,0.015783463
100,1024,0.015694097
100,1056,0.015759837
100,1088,0.015753577
100,1120,0.015688729
100,1152,0.015754096
100,1184,0.01569955
100,1216,0.015726324
100,1248,0.015712723
100,1280,0.015719006
100,1312,0.01567153
100,1344,0.015669972
100,1376,0.015717937
100,1408,0.015766013
100,1440,0.015729768
100,1472,0.015720882
100,1504,0.015705546
100,1536,0.015675612
100,1568,0.015646022
100,1600,0.015638674
100,1632,0.015618616
100,1664,0.015755676
100,1696,0.015714731
100,1728,0.015736848
100,1760,0.015693545
100,1792,0.015720917
100,1824,0.015728764
100,1856,0.015622746
100,1888,0.015688391
100,1920,0.016080074
100,1952,0.016871955
100,1984,0.016918838
100,2016,0.016791806
100,2048,0.016761724
100,2080,0.016675195
100,2112,0.016557688
100,2144,0.016610105
100,2176,0.016600674
100,2208,0.016472744
100,2240,0.016519945
100,2272,0.016476916
100,2304,0.016398491
100,2336,0.016476542
100,2368,0.016368309
100,2400,0.01634587
100,2432,0.016381202
100,2464,0.016357364
100,2496,0.016247502
100,2528,0.016281595
100,2560,0.016207904
100,2592,0.01623965
100,2624,0.01619301
100,2656,0.01619636
100,2688,0.0161869
100,2720,0.01607698
100,2752,0.016201138
100,2784,0.016116098
100,2816,0.016094765
100,2848,0.016095683
100,2880,0.016055869
100,2912,0.015991505
100,2944,0.016192084
100,2976,0.016117806
100,3008,0.016078025
100,3040,0.016052019
100,3072,0.015961546
100,3104,0.015990358
100,3136,0.016014596
100,3168,0.016003305
100,3200,0.016006704
100,3232,0.015964912
100,3264,0.015978632
100,3296,0.015949504
100,3328,0.016043123
100,3360,0.015985666
100,3392,0.015970085
100,3424,0.015980514
100,3456,0.015934356
100,3488,0.015932662
100,3520,0.015922286
100,3552,0.015941365
100,3584,0.015931066
100,3616,0.015835889
100,3648,0.015913814
100,3680,0.015909787
100,3712,0.015865976
100,3744,0.015872229
100,3776,0.01586335
100,3808,0.01589486
100,3840,0.015819615
100,3872,0.015726589
100,3904,0.015822113
100,3936,0.015928473
100,3968,0.015879838
100,4000,0.015860321
100,4032,0.015813693
100,4064,0.015882716
100,4096,0.01576855
100,4128,0.015813075
100,4160,0.015829805
100,4192,0.015869332
100,4224,0.015791047
100,4256,0.01584071
100,4288,0.015740843
100,4320,0.015882539
100,4352,0.015825706
100,4384,0.015770966
100,4416,0.01580216
100,4448,0.015812432
100,4480,0.015772771
100,4512,0.015818352
100,4544,0.015797457
100,4576,0.015833724
100,4608,0.015732365
100,4640,0.01572168
100,4672,0.015691811
100,4704,0.01578639
100,4736,0.0157815
100,4768,0.015785987
100,4800,0.01576623
100,4832,0.015713397
100,4864,0.015811563
100,4896,0.015721876
100,4928,0.015750848
100,4960,0.015641332
100,4992,0.015776446
100,5024,0.015725581
100,5056,0.015689645
100,5088,0.015709339
100,5120,0.015644161
100,5152,0.015722837
100,5184,0.015660962
100,5216,0.015707366
100,5248,0.015787264
100,5280,0.0156739
100,5312,0.01564789
100,5344,0.015709395
100,5376,0.015665712
100,5408,0.015628839
100,5440,0.015729358
100,5472,0.015656108
100,5504,0.015724586
100,5536,0.015726965
100,5568,0.015697183
100,5600,0.015648458
100,5632,0.01565269
100,5664,0.015647165
100,5696,0.015661092
100,5728,0.015649587
100,5760,0.015612461
100,5792,0.015645405
100,5824,0.015552864
100,5856,0.015734509
100,5888,0.015652662
100,5920,0.015633633
100,5952,0.0156554
100,5984,0.01568105
100,6016,0.01605503
100,6048,0.016951567
100,6080,0.016837114
101,0,0.016685296
101,32,0.016718222
101,64,0.016615802
101,96,0.016673159
101,128,0.016548933
101,160,0.01652224
101,192,0.01660115
101,224,0.01639327
101,256,0.016437763
101,288,0.016440256
101,320,0.016412314
101,352,0.01641481
101,384,0.01634027
101,416,0.016325159
101,448,0.016334724
101,480,0.016232515
101,512,0.016276611
101,544,0.016226081
101,576,0.016379293
101,608,0.016191589
101,640,0.016280614
101,672,0.01620198
101,704,0.016187154
101,736,0.016151568
101,768,0.01614918
101,800,0.016176362
101,832,0.016143173
101,864,0.016076205
101,896,0.016118329
101,928,0.01617958
101,960,0.016106216
101,992,0.016064094
101,1024,0.016108679
101,1056,0.016106894
101,1088,0.016130883
101,1120,0.016090503
101,1152,0.016022349
101,1184,0.01597104
101,1216,0.016012996
101,1248,0.015972806
101,1280,0.015978815
101,1312,0.01599617
101,1344,0.016032804
101,1376,0.015977617
101,1408,0.016042339
101,1440,0.01595227
101,1472,0.01582638
101,1504,0.015961714
101,1536,0.015928604
101,1568,0.015999775
101,1600,0.015991155
101,1632,0.015927339
101,1664,0.015995402
101,1696,0.015997307
101,1728,0.01591956
101,1760,0.015937423
101,1792,0.015858766
101,1824,0.015909074
101,1856,0.01579638
101,1888,0.015906205
101,1920,0.015915012
101,1952,0.015912049
101,1984,0.015836792
101,2016,0.015849143
101,2048,0.015805008
101,2080,0.015878282
101,2112,0.015871033
101,2144,0.015798278
101,2176,0.01584073
101,2208,0.015831344
101,2240,0.015910234
101,2272,0.0157626
101,2304,0.015798228
101,2336,0.015857346
101,2368,0.015789965
101,2400,0.015830582
101,2432,0.015861237
101,2464,0.015796114
101,2496,0.015805738
101,2528,0.015755871
101,2560,0.015725264
101,2592,0.015764527
101,2624,0.015810857
101,2656,0.015757482
101,2688,0.015780013
101,2720,0.015680984
101,2752,0.015726725
101,2784,0.015753696
101,2816,0.015786164
101,2848,0.015778916
101,2880,0.015799299
101,2912,0.015732527
101,2944,0.015723022
101,2976,0.015716119
101,3008,0.015709087
101,3040,0.01569621
101,3072,0.015745435
101,3104,0.015726633
101,3136,0.01577506
101,3168,0.015779909
101,3200,0.015671037
101,3232,0.015735697
101,3264,0.015701722
101,3296,0.015658956
101,3328,0.015745169
101,3360,0.01574418
101,3392,0.015689705
101,3424,0.015690513
101,3456,0.01571745
101,3488,0.015686119
101,3520,0.01565679
101,3552,0.015716862
101,3584,0.01569298
101,3616,0.01570206
101,3648,0.01571411
101,3680,0.015627205
101,3712,0.015717149
101,3744,0.015663747
101,3776,0.015687281
101,3808,0.01561778
101,3840,0.015633687
101,3872,0.015646918
101,3904,0.01569633
101,3936,0.015635327
101,3968,0.015717845
101,4000,0.01569044
101,4032,0.0169558
101,4064,0.016946405
101,4096,0.01685855
101,4128,0.0167928
101,4160,0.01674168
101,4192,0.016624447
101,4224,0.016611481
101,4256,0.016576054
101,4288,0.016592083
101,4320,0.01658146
101,4352,0.016594443
101,4384,0.016481172
101,4416,0.016505087
101,4448,0.016526494
101,4480,0.016358942
101,4512,0.016403347
101,4544,0.016411195
101,4576,0.016392473
101,4608,0.016357351
101,4640,0.016365133
101,4672,0.016287476
101,4704,0.01624261
101,4736,0.016232787
101,4768,0.016281892
101,4800,0.01625429
101,4832,0.016222484
101,4864,0.016224217
101,4896,0.01612942
101,4928,0.016199974
101,4960,0.016188512
101,4992,0.016186843
101,5024,0.016155245
101,5056,0.016093856
101,5088,0.01617608
101,5120,0.016083833
101,5152,0.016107002
101,5184,0.016101995
101,5216,0.016052244
101,5248,0.016071998
101,5280,0.016107718
101,5312,0.016051456
101,5344,0.016045906
101,5376,0.015996573
101,5408,0.01608814
101,5440,0.01597636
101,5472,0.016004862
101,5504,0.015993256
101,5536,0.015963748
101,5568,0.016011575
101,5600,0.016049199
101,5632,0.016026635
101,5664,0.01596892
101,5696,0.015975121
101,5728,0.016006606
101,5760,0.01592863
101,5792,0.015961701
101,5824,0.015939996
101,5856,0.015922979
101,5888,0.01597757
101,5920,0.015932389
101,5952,0.01587763
101,5984,0.015915738
101,6016,0.015850302
101,6048,0.015886525
101,6080,0.015905144
102,0,0.015822401
102,32,0.015935939
102,64,0.015979934
102,96,0.015939632
102,128,0.015964096
102,160,0.015894715
102,192,0.015896011
102,224,0.015862903
102,256,0.015842237
102,288,0.015927624
102,320,0.015861621
102,352,0.015843844
102,384,0.015854636
102,416,0.015997402
102,448,0.015837898
102,480,0.015792899
102,512,0.015841909
102,544,0.015827265
102,576,0.01586841
102,608,0.015826568
102,640,0.015853414
102,672,0.015822804
102,704,0.01582641
102,736,0.015868234
102,768,0.01581875
102,800,0.015798593
102,832,0.015848164
102,864,0.015858106
102,896,0.01584331
102,928,0.01573942
102,960,0.015803462
102,992,0.015807625
102,1024,0.015773347
102,1056,0.015780443
102,1088,0.01580247
102,1120,0.015767667
102,1152,0.015802452
102,1184,0.015796736
102,1216,0.015742883
102,1248,0.01579844
102,1280,0.015838254
102,1312,0.015813755
102,1344,0.015837053
102,1376,0.015750915
102,1408,0.01577786
102,1440,0.015830241
102,1472,0.015732378
102,1504,0.015774058
102,1536,0.015839022
102,1568,0.015733924
102,1600,0.015773455
102,1632,0.015704278
102,1664,0.01573413
102,1696,0.015794273
102,1728,0.015704378
102,1760,0.015772237
102,1792,0.01578655
102,1824,0.01574554
102,1856,0.015762888
102,1888,0.015743062
102,1920,0.015733618
102,1952,0.015725054
102,1984,0.015740294
102,2016,0.016753986
102,2048,0.01695958
102,2080,0.01682795
102,2112,0.016834954
102,2144,0.016813667
102,2176,0.016790774
102,2208,0.01672387
102,2240,0.01661914
102,2272,0.01657451
102,2304,0.01657454
102,2336,0.016501125
102,2368,0.016507145
102,2400,0.016461251
102,2432,0.016464962
102,2464,0.016478436
102,2496,0.016425531
102,2528,0.016439296
102,2560,0.016353674
102,2592,0.016340738
102,2624,0.016343322
102,2656,0.016295984
102,2688,0.01621445
102,2720,0.01622694
102,2752,0.016358182
102,2784,0.016251754
102,2816,0.016187917
102,2848,0.016138768
102,2880,0.016181221
102,2912,0.016148463
102,2944,0.01614549
102,2976,0.016178073
102,3008,0.016140219
102,3040,0.01616162
102,3072,0.01620884
102,3104,0.01613684
102,3136,0.016183386
102,3168,0.016128903
102,3200,0.016101182
102,3232,0.016059045
102,3264,0.016074449
102,3296,0.016130667
102,3328,0.016141476
102,3360,0.016094636
102,3392,0.016011026
102,3424,0.016043765
102,3456,0.01607285
102,3488,0.016023071
102,3520,0.016007677
102,3552,0.015973916
102,3584,0.016064717
102,3616,0.015992427
102,3648,0.016049063
102,3680,0.015986403
102,3712,0.015976308
102,3744,0.016051661
102,3776,0.015921833
102,3808,0.016002776
102,3840,0.015913766
102,3872,0.015968684
102,3904,0.015829707
102,3936,0.015966319
102,3968,0.015915047
102,4000,0.015887225
102,4032,0.015923949
102,4064,0.015914999
102,4096,0.015901418
102,4128,0.015865931
102,4160,0.015825842
102,4192,0.015911534
102,4224,0.015853856
102,4256,0.015913932
102,4288,0.015926765
102,4320,0.015865417
102,4352,0.015936919
102,4384,0.015868459
102,4416,0.015863396
102,4448,0.0158711
102,4480,0.015813654
102,4512,0.015832776
102,4544,0.015913432
102,4576,0.015839705
102,4608,0.015826464
102,4640,0.015819069
102,4672,0.01581825
102,4704,0.015866736
102,4736,0.01577771
102,4768,0.01580372
102,4800,0.015796416
102,4832,0.015835857
102,4864,0.015817959
102,4896,0.015795525
102,4928,0.0158768
102,4960,0.015785826
102,4992,0.015818356
102,5024,0.015816811
102,5056,0.01578153
102,5088,0.015792778
102,5120,0.015743542
102,5152,0.015740812
102,5184,0.01570987
102,5216,0.0158166
102,5248,0.01576855
102,5280,0.015861036
102,5312,0.015806189
102,5344,0.015792973
102,5376,0.015774261
102,5408,0.015742272
102,5440,0.015764533
102,5472,0.01578846
102,5504,0.015748011
102,5536,0.01577367
102,5568,0.015679097
102,5600,0.015722144
102,5632,0.015731782
102,5664,0.015778841
102,5696,0.015739717
102,5728,0.015681
102,5760,0.015682127
102,5792,0.015714105
102,5824,0.015774628
102,5856,0.015709512
102,5888,0.015649362
102,5920,0.015736572
102,5952,0.015670685
102,5984,0.015757656
102,6016,0.0157099
102,6048,0.01571533
102,6080,0.015741013
103,0,0.01664228
103,32,0.017006192
103,64,0.01694485
103,96,0.016783923
103,128,0.016755283
103,160,0.016737489
103,192,0.01674611
103,224,0.016616518
103,256,0.016637806
103,288,0.016583087
103,320,0.016652972
103,352,0.01652258
103,384,0.016564766
103,416,0.01656108
103,448,0.016531225
103,480,0.016450027
103,512,0.01637564
103,544,0.016390711
103,576,0.016412372
103,608,0.016411189
103,640,0.016310735
103,672,0.016366828
103,704,0.016324116
103,736,0.016307117
103,768,0.016341051
103,800,0.016302513
103,832,0.01629662
103,864,0.016200954
103,896,0.016233478
103,928,0.016243445
103,960,0.016188143
103,992,0.016198557
103,1024,0.01619854
103,1056,0.01610056
103,1088,0.016230414
103,1120,0.01608762
103,1152,0.016156256
103,1184,0.016126117
103,1216,0.016147994
103,1248,0.01615992
103,1280,0.016093656
103,1312,0.016067583
103,1344,0.01609531
103,1376,0.016050385
103,1408,0.01609457
103,1440,0.016076839
103,1472,0.01602888
103,1504,0.016070932
103,1536,0.016085468
103,1568,0.016056875
103,1600,0.015982524
103,1632,0.015990041
103,1664,0.016034078
103,1696,0.015980465
103,1728,0.016011527
103,1760,0.015954515
103,1792,0.015973942
103,1824,0.015984362
103,1856,0.015912252
103,1888,0.015976915
103,1920,0.015970664
103,1952,0.015936846
103,1984,0.015941484
103,2016,0.01598402
103,2048,0.015996845
103,2080,0.015882252
103,2112,0.015891941
103,2144,0.015943708
103,2176,0.015964368
103,2208,0.015861895
103,2240,0.01588111
103,2272,0.015927972
103,2304,0.015956737
103,2336,0.015799625
103,2368,0.01582653
103,2400,0.01586869
103,2432,0.015802488
103,2464,0.015935004
103,2496,0.0158405
103,2528,0.015860982
103,2560,0.015799457
103,2592,0.015864693
103,2624,0.01594827
103,2656,0.015890177
103,2688,0.015893107
103,2720,0.015849113
103,2752,0.01586243
103,2784,0.015829902
103,2816,0.015900401
103,2848,0.0158993
103,2880,0.015785888
103,2912,0.015843881
103,2944,0.015818307
103,2976,0.015831804
103,3008,0.015767371
103,3040,0.015810484
103,3072,0.015868196
103,3104,0.015804434
103,3136,0.015749434
103,3168,0.0157908
103,3200,0.015802875
103,3232,0.015817348
103,3264,0.015802685
103,3296,0.015759341
103,3328,0.015754884
103,3360,0.01578543
103,3392,0.015794178
103,3424,0.01575114
103,3456,0.015807474
103,3488,0.015769413
103,3520,0.01575976
103,3552,0.015753603
103,3584,0.015781963
103,3616,0.015735198
103,3648,0.015742108
103,3680,0.015730223
103,3712,0.015765414
103,3744,0.015770188
103,3776,0.015808137
103,3808,0.015740804
103,3840,0.01573023
103,3872,0.015740117
103,3904,0.015737446
103,3936,0.015771125
103,3968,0.015822269
103,4000,0.015702609
103,4032,0.015756581
103,4064,0.015707087
103,4096,0.016400764
103,4128,0.017085489
103,4160,0.01694609
103,4192,0.016902631
103,4224,0.016816635
103,4256,0.016749185
103,4288,0.0167456
103,4320,0.016742045
103,4352,0.01662973
103,4384,0.016558904
103,4416,0.016587304
103,4448,0.01659461
103,4480,0.016588815
103,4512,0.016531965
103,4544,0.016438534
103,4576,0.016490452
103,4608,0.016482797
103,4640,0.01644666
103,4672,0.016387012
103,4704,0.016357465
103,4736,0.016339274
103,4768,0.016360007
103,4800,0.016366592
103,4832,0.016313506
103,4864,0.016275303
103,4896,0.01626427
103,4928,0.016267471
103,4960,0.016198233
103,4992,0.016171498
103,5024,0.016236536
103,5056,0.016250564
103,5088,0.016162574
103,5120,0.01626736
103,5152,0.016162507
103,5184,0.016072145
103,5216,0.016144786
103,5248,0.016209263
103,5280,0.016185757
103,5312,0.016229298
103,5344,0.016164837
103,5376,0.016141504
103,5408,0.016108878
103,5440,0.016099611
103,5472,0.016107054
103,5504,0.016128663
103,5536,0.016080173
103,5568,0.016068209
103,5600,0.016052311
103,5632,0.01611624
103,5664,0.016068174
103,5696,0.016026678
103,5728,0.016134197
103,5760,0.015978795
103,5792,0.015959768
103,5824,0.016000152
103,5856,0.016035024
103,5888,0.016042182
103,5920,0.016032023
103,5952,0.01601287
103,5984,0.015967675
103,6016,0.015901774
103,6048,0.015921768
103,6080,0.015885632
104,0,0.016012173
104,32,0.015971132
104,64,0.0159946
104,96,0.015965026
104,128,0.015911352
104,160,0.015938831
104,192,0.015948169
104,224,0.015919188
104,256,0.015945142
104,288,0.015932487
104,320,0.015905052
104,352,0.015927788
104,384,0.015979799
104,416,0.015945593
104,448,0.015963698
104,480,0.015941037
104,512,0.015946299
104,544,0.015917532
104,576,0.015917446
104,608,0.015905838
104,640,0.015989127
104,672,0.015897864
104,704,0.015819497
104,736,0.015821598
104,768,0.015859019
104,800,0.015927924
104,832,0.01579196
104,864,0.015908558
104,896,0.015906934
104,928,0.015943741
104,960,0.015907306
104,992,0.015884046
104,1024,0.015915986
104,1056,0.01581944
104,1088,0.015833527
104,1120,0.015832728
104,1152,0.015845569
104,1184,0.015874458
104,1216,0.015826497
104,1248,0.01583557
104,1280,0.015795242
104,1312,0.015855655
104,1344,0.015839344
104,1376,0.015829215
104,1408,0.015934417
104,1440,0.015777197
104,1472,0.015828747
104,1504,0.015827438
104,1536,0.01576455
104,1568,0.015799405
104,1600,0.015735634
104,1632,0.015819753
104,1664,0.015837302
104,1696,0.01586406
104,1728,0.015760614
104,1760,0.015767235
104,1792,0.01580022
104,1824,0.015743736
104,1856,0.015807828
104,1888,0.015768845
104,1920,0.015771486
104,1952,0.015787838
104,1984,0.015773507
104,2016,0.015756883
104,2048,0.015781658
104,2080,0.016191255
104,2112,0.01704072
104,2144,0.016969262
104,2176,0.016952425
104,2208,0.016887726
104,2240,0.016764829
104,2272,0.016798047
104,2304,0.01672606
104,2336,0.016613122
104,2368,0.016596396
104,2400,0.016636452
104,2432,0.016602565
104,2464,0.016606888
104,2496,0.01649203
104,2528,0.016507788
104,2560,0.016486518
104,2592,0.01649851
104,2624,0.016398093
104,2656,0.0164442
104,2688,0.016406663
104,2720,0.016348705
104,2752,0.016309034
104,2784,0.016406037
104,2816,0.01626728
104,2848,0.016398702
104,2880,0.016355399
104,2912,0.016341299
104,2944,0.016320052
104,2976,0.01625858
104,3008,0.016311135
104,3040,0.016260112
104,3072,0.016153226
104,3104,0.016163781
104,3136,0.016208362
104,3168,0.016111162
104,3200,0.016257431
104,3232,0.0162145
104,3264,0.016184255
104,3296,0.016148731
104,3328,0.016106633
104,3360,0.016106399
104,3392,0.016078385
104,3424,0.016173411
104,3456,0.016097149
104,3488,0.016036388
104,3520,0.01614085
104,3552,0.016048288
104,3584,0.01610873
104,3616,0.016129278
104,3648,0.016039852
104,3680,0.016060762
104,3712,0.016095905
104,3744,0.016133813
104,3776,0.016045721
104,3808,0.016071301
104,3840,0.016045667
104,3872,0.016018895
104,3904,0.016016284
104,3936,0.015958175
104,3968,0.016006263
104,4000,0.01593519
104,4032,0.016003085
104,4064,0.015919011
104,4096,0.016068794
104,4128,0.016011013
104,4160,0.016002294
104,4192,0.015878268
104,4224,0.015948046
104,4256,0.015959017
104,4288,0.015923757
104,4320,0.015961012
104,4352,0.015965443
104,4384,0.015945313
104,4416,0.015903637
104,4448,0.015907878
104,4480,0.015832197
104,4512,0.01590661
104,4544,0.015930248
104,4576,0.015909445
104,4608,0.015899418
104,4640,0.015880125
104,4672,0.015948659
104,4704,0.015838886
104,4736,0.015908455
104,4768,0.015938552
104,4800,0.015893988
104,4832,0.015855044
104,4864,0.015892183
104,4896,0.015843695
104,4928,0.015847644
104,4960,0.015903264
104,4992,0.01586614
104,5024,0.015810253
104,5056,0.015889516
104,5088,0.01588749
104,5120,0.015821954
104,5152,0.015844144
104,5184,0.0158547
104,5216,0.015822582
104,5248,0.015815787
104,5280,0.01579646
104,5312,0.015837552
104,5344,0.015776748
104,5376,0.015837155
104,5408,0.015778337
104,5440,0.01582396
104,5472,0.015808145
104,5504,0.015828464
104,5536,0.015831478
104,5568,0.015676329
104,5600,0.015824068
104,5632,0.015854677
104,5664,0.015791899
104,5696,0.015811175
104,5728,0.01579911
104,5760,0.015779397
104,5792,0.015846156
104,5824,0.015773624
104,5856,0.01579107
104,5888,0.015761241
104,5920,0.015819408
104,5952,0.015824394
104,5984,0.015784567
104,6016,0.015789587
104,6048,0.01571822
104,6080,0.015763205
105,0,0.01573555
105,32,0.015774148
105,64,0.01583016
105,96,0.01711481
105,128,0.017059412
105,160,0.017029533
105,192,0.01694892
105,224,0.016881034
105,256,0.016868709
105,288,0.016771512
105,320,0.016819911
105,352,0.016682
105,384,0.01671615
105,416,0.016621593
105,448,0.016595248
105,480,0.016516864
105,512,0.016554369
105,544,0.016531162
105,576,0.016450057
105,608,0.016578285
105,640,0.016465431
105,672,0.01642085
105,704,0.016460435
105,736,0.016482849
105,768,0.016331015
105,800,0.016472628
105,832,0.016382152
105,864,0.016317353
105,896,0.016394217
105,928,0.016362166
105,960,0.016325617
105,992,0.016301272
105,1024,0.016348613
105,1056,0.016314242
105,1088,0.016259719
105,1120,0.016290441
105,1152,0.016228462
105,1184,0.016312031
105,1216,0.016179902
105,1248,0.016239807
105,1280,0.016215518
105,1312,0.016207611
105,1344,0.016220167
105,1376,0.016224502
105,1408,0.016188243
105,1440,0.016128097
105,1472,0.016238578
105,1504,0.016116757
105,1536,0.016196206
105,1568,0.0161666
105,1600,0.016127635
105,1632,0.01614842
105,1664,0.016113017
105,1696,0.016070107
105,1728,0.016071144
105,1760,0.016101234
105,1792,0.016042186
105,1824,0.016109867
105,1856,0.016042836
105,1888,0.016039964
105,1920,0.016080417
105,1952,0.016039936
105,1984,0.016028807
105,2016,0.016121008
105,2048,0.016106497
105,2080,0.015989676
105,2112,0.016070198
105,2144,0.015986856
105,2176,0.016014693
105,2208,0.015984688
105,2240,0.01600264
105,2272,0.015960569
105,2304,0.015982738
105,2336,0.015998526
105,2368,0.015917609
105,2400,0.0159971
105,2432,0.016006734
105,2464,0.016005566
105,2496,0.015954925
105,2528,0.016014626
105,2560,0.015988171
105,2592,0.015994564
105,2624,0.015946884
105,2656,0.01597446
105,2688,0.015936254
105,2720,0.01595006
105,2752,0.0159657
105,2784,0.015859308
105,2816,0.01589506
105,2848,0.015898354
105,2880,0.015884914
105,2912,0.015928483
105,2944,0.015906319
105,2976,0.015954083
105,3008,0.015899247
105,3040,0.015920913
105,3072,0.015903786
105,3104,0.015821569
105,3136,0.015919367
105,3168,0.015881982
105,3200,0.01591146
105,3232,0.015866812
105,3264,0.015873773
105,3296,0.015879484
105,3328,0.015911538
105,3360,0.01578905
105,3392,0.015844997
105,3424,0.015855342
105,3456,0.015905462
105,3488,0.015829468
105,3520,0.015939875
105,3552,0.015931344
105,3584,0.015904535
105,3616,0.01585468
105,3648,0.015882142
105,3680,0.01586122
105,3712,0.015830724
105,3744,0.015873875
105,3776,0.015796315
105,3808,0.015857534
105,3840,0.015815873
105,3872,0.015840473
105,3904,0.015825799
105,3936,0.015848622
105,3968,0.0157562
105,4000,0.01580655
105,4032,0.015813945
105,4064,0.015862755
105,4096,0.015788509
105,4128,0.015824292
105,4160,0.015836148
105,4192,0.017129207
105,4224,0.017049817
105,4256,0.016922202
105,4288,0.016873596
105,4320,0.016791157
105,4352,0.016781628
105,4384,0.016828386
105,4416,0.016751207
105,4448,0.016731216
105,4480,0.016671287
105,4512,0.016657462
105,4544,0.016626917
105,4576,0.01661805
105,4608,0.016537586
105,4640,0.016591804
105,4672,0.016452627
105,4704,0.01655582
105,4736,0.016437955
105,4768,0.016496744
105,4800,0.016457692
105,4832,0.016454127
105,4864,0.016468458
105,4896,0.01636534
105,4928,0.016352752
105,4960,0.016348926
105,4992,0.016358012
105,5024,0.016271045
105,5056,0.016332822
105,5088,0.016365593
105,5120,0.016364444
105,5152,0.016256634
105,5184,0.016220681
105,5216,0.01620015
105,5248,0.016273774
105,5280,0.016272893
105,5312,0.016226826
105,5344,0.016171085
105,5376,0.016160853
105,5408,0.016244948
105,5440,0.016191851
105,5472,0.016266787
105,5504,0.016263848
105,5536,0.016209044
105,5568,0.016131215
105,5600,0.016237406
105,5632,0.016106471
105,5664,0.016206954
105,5696,0.01615511
105,5728,0.016083263
105,5760,0.016157828
105,5792,0.016161008
105,5824,0.0161082
105,5856,0.016074052
105,5888,0.01616513
105,5920,0.01606323
105,5952,0.01616696
105,5984,0.016142042
105,6016,0.016060809
105,6048,0.016063692
105,6080,0.016064355
106,0,0.016076742
106,32,0.016092576
106,64,0.016066983
106,96,0.01601311
106,128,0.01603613
106,160,0.016049478
106,192,0.016010951
106,224,0.016075864
106,256,0.01600393
106,288,0.01607507
106,320,0.016089246
106,352,0.016026756
106,384,0.01607083
106,416,0.016067553
106,448,0.016012374
106,480,0.016010636
106,512,0.015980642
106,544,0.01603375
106,576,0.01606687
106,608,0.016066764
106,640,0.015925124
106,672,0.015963733
106,704,0.016049556
106,736,0.015977774
106,768,0.015987804
106,800,0.015963232
106,832,0.0159613
106,864,0.01596718
106,896,0.016048903
106,928,0.015956763
106,960,0.015966855
106,992,0.01599543
106,1024,0.01593846
106,1056,0.016001891
106,1088,0.016007334
106,1120,0.015961805
106,1152,0.01600169
106,1184,0.015872672
106,1216,0.015964344
106,1248,0.015890947
106,1280,0.015927117
106,1312,0.015951533
106,1344,0.015959643
106,1376,0.015907893
106,1408,0.01590033
106,1440,0.015893213
106,1472,0.015903767
106,1504,0.015877265
106,1536,0.015947152
106,1568,0.01592994
106,1600,0.015898144
106,1632,0.015951548
106,1664,0.015944766
106,1696,0.015904855
106,1728,0.015949594
106,1760,0.015862029
106,1792,0.015851982
106,1824,0.015921181
106,1856,0.015907072
106,1888,0.0158993
106,1920,0.01586495
106,1952,0.015852211
106,1984,0.01583975
106,2016,0.015899748
106,2048,0.015841745
106,2080,0.015852371
106,2112,0.015810572
106,2144,0.015836498
106,2176,0.016862785
106,2208,0.017157027
106,2240,0.017021216
106,2272,0.016969515
106,2304,0.016902722
106,2336,0.016829439
106,2368,0.016798219
106,2400,0.016750861
106,2432,0.01672444
106,2464,0.016760979
106,2496,0.016635694
106,2528,0.016644748
106,2560,0.016563302
106,2592,0.016584693
106,2624,0.016541956
106,2656,0.01665215
106,2688,0.01653338
106,2720,0.016502708
106,2752,0.016474444
106,2784,0.016478788
106,2816,0.016547594
106,2848,0.016372222
106,2880,0.016321253
106,2912,0.016367476
106,2944,0.016345372
106,2976,0.016380126
106,3008,0.016339794
106,3040,0.016325565
106,3072,0.016285533
106,3104,0.016244892
106,3136,0.016252799
106,3168,0.016256368
106,3200,0.01626905
106,3232,0.01629187
106,3264,0.016279703
106,3296,0.016219411
106,3328,0.016256602
106,3360,0.016289173
106,3392,0.016255789
106,3424,0.016180245
106,3456,0.016209938
106,3488,0.0161924
106,3520,0.01622484
106,3552,0.016211031
106,3584,0.01611777
106,3616,0.016123071
106,3648,0.016185261
106,3680,0.016186628
106,3712,0.016148983
106,3744,0.016182067
106,3776,0.01607712
106,3808,0.016096553
106,3840,0.016116152
106,3872,0.016060095
106,3904,0.016084867
106,3936,0.016049737
106,3968,0.016049698
106,4000,0.01604789
106,4032,0.016146969
106,4064,0.016049966
106,4096,0.01606974
106,4128,0.016025456
106,4160,0.016032947
106,4192,0.016023321
106,4224,0.016054979
106,4256,0.016023671
106,4288,0.016055176
106,4320,0.01599136
106,4352,0.016002819
106,4384,0.01599942
106,4416,0.01599384
106,4448,0.015998945
106,4480,0.015967038
106,4512,0.015908167
106,4544,0.01603634
106,4576,0.016030513
106,4608,0.015914276
106,4640,0.016026052
106,4672,0.015878147
106,4704,0.016010543
106,4736,0.015892483
106,4768,0.015928295
106,4800,0.01598712
106,4832,0.015978519
106,4864,0.01594215
106,4896,0.015818838
106,4928,0.016009696
106,4960,0.01590549
106,4992,0.015876856
106,5024,0.015919121
106,5056,0.015901973
106,5088,0.015944928
106,5120,0.015930347
106,5152,0.015911423
106,5184,0.015957586
106,5216,0.015936114
106,5248,0.015941318
106,5280,0.015919542
106,5312,0.015972124
106,5344,0.01590126
106,5376,0.01590962
106,5408,0.015863473
106,5440,0.015871976
106,5472,0.015854739
106,5504,0.015833957
106,5536,0.015843257
106,5568,0.015838237
106,5600,0.015854275
106,5632,0.015911914
106,5664,0.015828567
106,5696,0.015895765
106,5728,0.015885662
106,5760,0.01580836
106,5792,0.015859243
106,5824,0.015900591
106,5856,0.01591162
106,5888,0.015872596
106,5920,0.015794963
106,5952,0.01586349
106,5984,0.01581926
106,6016,0.015778463
106,6048,0.015833797
106,6080,0.015833
107,0,0.015829416
107,32,0.015879711
107,64,0.015797624
107,96,0.015910972
107,128,0.01581785
107,160,0.016507726
107,192,0.01716178
107,224,0.016967326
107,256,0.017024051
107,288,0.01693836
107,320,0.016865399
107,352,0.01681219
107,384,0.016780084
107,416,0.016791698
107,448,0.016778806
107,480,0.016761146
107,512,0.016699787
107,544,0.016717853
107,576,0.016694043
107,608,0.016664602
107,640,0.016617602
107,672,0.016599253
107,704,0.016582813
107,736,0.016557593
107,768,0.016473064
107,800,0.01645641
107,832,0.016502772
107,864,0.01644029
107,896,0.016403843
107,928,0.016412562
107,960,0.016473822
107,992,0.016371438
107,1024,0.016437547
107,1056,0.01640256
107,1088,0.016411582
107,1120,0.016398592
107,1152,0.016331863
107,1184,0.016282722
107,1216,0.016277432
107,1248,0.01631385
107,1280,0.016255522
107,1312,0.01632806
107,1344,0.016243292
107,1376,0.016220542
107,1408,0.0162602
107,1440,0.016294006
107,1472,0.01624592
107,1504,0.016200416
107,1536,0.016239956
107,1568,0.01621735
107,1600,0.016197307
107,1632,0.016235419
107,1664,0.01621474
107,1696,0.016188402
107,1728,0.016230032
107,1760,0.01612885
107,1792,0.01619572
107,1824,0.016158799
107,1856,0.01614128
107,1888,0.016172178
107,1920,0.01609234
107,1952,0.016189147
107,1984,0.01610627
107,2016,0.016091071
107,2048,0.016092788
107,2080,0.016180407
107,2112,0.016198792
107,2144,0.016069861
107,2176,0.016083874
107,2208,0.01608162
107,2240,0.016053446
107,2272,0.016083637
107,2304,0.016081117
107,2336,0.01601178
107,2368,0.01596129
107,2400,0.015996322
107,2432,0.016023163
107,2464,0.016036289
107,2496,0.01604113
107,2528,0.015976436
107,2560,0.01601671
107,2592,0.016089994
107,2624,0.016014002
107,2656,0.016047241
107,2688,0.015968706
107,2720,0.015964134
107,2752,0.016000547
107,2784,0.015970286
107,2816,0.015930349
107,2848,0.016040713
107,2880,0.016024362
107,2912,0.016065165
107,2944,0.015978357
107,2976,0.015907893
107,3008,0.015952596
107,3040,0.015977634
107,3072,0.015963597
107,3104,0.015980443
107,3136,0.015988776
107,3168,0.015928531
107,3200,0.015941383
107,3232,0.015944062
107,3264,0.015932087
107,3296,0.015937787
107,3328,0.015915459
107,3360,0.015963998
107,3392,0.015938839
107,3424,0.015946535
107,3456,0.015885197
107,3488,0.015897218
107,3520,0.015879756
107,3552,0.01593654
107,3584,0.015892334
107,3616,0.015934978
107,3648,0.01586081
107,3680,0.015940454
107,3712,0.0159056
107,3744,0.015916219
107,3776,0.015864076
107,3808,0.015925907
107,3840,0.015853979
107,3872,0.015869083
107,3904,0.015903624
107,3936,0.015902419
107,3968,0.015930695
107,4000,0.015963329
107,4032,0.01589785
107,4064,0.01586093
107,4096,0.015846403
107,4128,0.015892528
107,4160,0.015905555
107,4192,0.015926298
107,4224,0.015904117
107,4256,0.01651356
107,4288,0.017158149
107,4320,0.017091556
107,4352,0.01700772
107,4384,0.017044073
107,4416,0.016789965
107,4448,0.016907277
107,4480,0.016872533
107,4512,0.016809758
107,4544,0.01679409
107,4576,0.016699396
107,4608,0.016674688
107,4640,0.016637236
107,4672,0.01660608
107,4704,0.016588312
107,4736,0.016671497
107,4768,0.016577017
107,4800,0.01651424
107,4832,0.016527308
107,4864,0.016531643
107,4896,0.016468765
107,4928,0.016455488
107,4960,0.016466323
107,4992,0.016468452
107,5024,0.01641093
107,5056,0.016461855
107,5088,0.0163857
107,5120,0.01646043
107,5152,0.016353281
107,5184,0.016327556
107,5216,0.016361604
107,5248,0.016428268
107,5280,0.01628515
107,5312,0.016338095
107,5344,0.016284639
107,5376,0.016310481
107,5408,0.016325809
107,5440,0.016340666
107,5472,0.016356386
107,5504,0.016258977
107,5536,0.01621548
107,5568,0.01626447
107,5600,0.016173905
107,5632,0.016274985
107,5664,0.016187571
107,5696,0.016172012
107,5728,0.016157527
107,5760,0.016100522
107,5792,0.016170103
107,5824,0.016182492
107,5856,0.016240168
107,5888,0.01617075
107,5920,0.016136998
107,5952,0.016154606
107,5984,0.016156238
107,6016,0.01606595
107,6048,0.016082937
107,6080,0.016140742
108,0,0.016132416
108,32,0.016175665
108,64,0.016120717
108,96,0.01617039
108,128,0.016108967
108,160,0.016138412
108,192,0.016067209
108,224,0.016045345
108,256,0.01613131
108,288,0.01608547
108,320,0.016154148
108,352,0.016168693
108,384,0.016103428
108,416,0.016040605
108,448,0.016092747
108,480,0.016053889
108,512,0.016055772
108,544,0.01608632
108,576,0.016078135
108,608,0.01609584
108,640,0.015985578
108,672,0.016005153
108,704,0.016019167
108,736,0.016044265
108,768,0.016040334
108,800,0.016085716
108,832,0.016082877
108,864,0.01604562
108,896,0.016053563
108,928,0.016022058
108,960,0.01598457
108,992,0.016000751
108,1024,0.016017832
108,1056,0.016044488
108,1088,0.015958123
108,1120,0.016015278
108,1152,0.016001483
108,1184,0.015972732
108,1216,0.015986973
108,1248,0.01598226
108,1280,0.01604002
108,1312,0.01602067
108,1344,0.016015125
108,1376,0.015966607
108,1408,0.015966592
108,1440,0.015967026
108,1472,0.015986428
108,1504,0.016012141
108,1536,0.015959179
108,1568,0.01594099
108,1600,0.015923703
108,1632,0.015946325
108,1664,0.015989762
108,1696,0.015965227
108,1728,0.015895188
108,1760,0.015986238
108,1792,0.015888017
108,1824,0.015962971
108,1856,0.015882472
108,1888,0.015898224
108,1920,0.01589949
108,1952,0.016002657
108,1984,0.015902573
108,2016,0.01593404
108,2048,0.015887469
108,2080,0.015952738
108,2112,0.015879767
108,2144,0.015874524
108,2176,0.015876604
108,2208,0.015897783
108,2240,0.01625471
108,2272,0.017228208
108,2304,0.017092278
108,2336,0.01697894
108,2368,0.016982203
108,2400,0.016925642
108,2432,0.016968755
108,2464,0.016885344
108,2496,0.016831841
108,2528,0.016813966
108,2560,0.016770083
108,2592,0.016748324
108,2624,0.016703943
108,2656,0.01675594
108,2688,0.016572868
108,2720,0.016636789
108,2752,0.016589524
108,2784,0.016680516
108,2816,0.016614208
108,2848,0.016594432
108,2880,0.016586054
108,2912,0.01656582
108,2944,0.016526584
108,2976,0.016481241
108,3008,0.016533569
108,3040,0.016452648
108,3072,0.016478231
108,3104,0.016369654
108,3136,0.01645551
108,3168,0.016407993
108,3200,0.01645239
108,3232,0.016388528
108,3264,0.016368743
108,3296,0.016397588
108,3328,0.016291969
108,3360,0.016323922
108,3392,0.016336616
108,3424,0.01630525
108,3456,0.016389616
108,3488,0.016344681
108,3520,0.01628123
108,3552,0.01632813
108,3584,0.016327247
108,3616,0.01624722
108,3648,0.016282775
108,3680,0.016312106
108,3712,0.01627658
108,3744,0.016172381
108,3776,0.016220925
108,3808,0.016196087
108,3840,0.016190406
108,3872,0.016195744
108,3904,0.016169252
108,3936,0.016208518
108,3968,0.016178792
108,4000,0.016212525
108,4032,0.016148632
108,4064,0.016139464
108,4096,0.016122447
108,4128,0.016199954
108,4160,0.016125694
108,4192,0.016157605
108,4224,0.016136685
108,4256,0.016141027
108,4288,0.016137494
108,4320,0.016069768
108,4352,0.01604027
108,4384,0.016134003
108,4416,0.016064353
108,4448,0.01611005
108,4480,0.016092887
108,4512,0.016036449
108,4544,0.016120547
108,4576,0.016033236
108,4608,0.016082076
108,4640,0.016024467
108,4672,0.016085664
108,4704,0.016057296
108,4736,0.016040636
108,4768,0.016091062
108,4800,0.01598716
108,4832,0.015991177
108,4864,0.01606303
108,4896,0.016007472
108,4928,0.016136674
108,4960,0.016049448
108,4992,0.01600256
108,5024,0.016022792
108,5056,0.015969433
108,5088,0.016030082
108,5120,0.0160344
108,5152,0.015977746
108,5184,0.015978523
108,5216,0.016052783
108,5248,0.01600853
108,5280,0.015879946
108,5312,0.01601879
108,5344,0.016030988
108,5376,0.01598595
108,5408,0.015953418
108,5440,0.01600646
108,5472,0.015977146
108,5504,0.015952956
108,5536,0.016025616
108,5568,0.015968634
108,5600,0.015900955
108,5632,0.015977554
108,5664,0.015981719
108,5696,0.01594644
108,5728,0.016046781
108,5760,0.016010636
108,5792,0.015888112
108,5824,0.015975323
108,5856,0.01597462
108,5888,0.015915377
108,5920,0.01593995
108,5952,0.016016552
108,5984,0.015948707
108,6016,0.015923485
108,6048,0.015930945
108,6080,0.015865525
109,0,0.015839476
109,32,0.015969008
109,64,0.015935216
109,96,0.015961977
109,128,0.015935505
109,160,0.015981233
109,192,0.016005743
109,224,0.016019488
109,256,0.017192688
109,288,0.017130034
109,320,0.017096095
109,352,0.016979525
109,384,0.01697678
109,416,0.016925653
109,448,0.01693767
109,480,0.016841497
109,512,0.016926546
109,544,0.016784154
109,576,0.016718848
109,608,0.016694903
109,640,0.016733745
109,672,0.01667658
109,704,0.01668217
109,736,0.016702617
109,768,0.01669385
109,800,0.016589815
109,832,0.01658935
109,864,0.016571384
109,896,0.016589912
109,928,0.016493702
109,960,0.016461374
109,992,0.016537601
109,1024,0.016449567
109,1056,0.016438093
109,1088,0.016413242
109,1120,0.01639252
109,1152,0.016473979
109,1184,0.01635731
109,1216,0.016407587
109,1248,0.016338376
109,1280,0.016471697
109,1312,0.016418695
109,1344,0.016423251
109,1376,0.016358636
109,1408,0.01637085
109,1440,0.01632454
109,1472,0.016301543
109,1504,0.016333781
109,1536,0.016331056
109,1568,0.016289154
109,1600,0.016322726
109,1632,0.016316237
109,1664,0.016297942
109,1696,0.01629136
109,1728,0.016212618
109,1760,0.016261617
109,1792,0.01625386
109,1824,0.01628157
109,1856,0.016294768
109,1888,0.016129436
109,1920,0.016115455
109,1952,0.016215565
109,1984,0.016191283
109,2016,0.016164355
109,2048,0.016168043
109,2080,0.016162276
109,2112,0.016207067
109,2144,0.016129484
109,2176,0.016202806
109,2208,0.016179895
109,2240,0.016082553
109,2272,0.016143473
109,2304,0.016120465
109,2336,0.016151382
109,2368,0.016057694
109,2400,0.016135365
109,2432,0.016114647
109,2464,0.016098969
109,2496,0.016203089
109,2528,0.016087374
109,2560,0.016116403
109,2592,0.016080838
109,2624,0.016113786
109,2656,0.016108017
109,2688,0.01616077
109,2720,0.016084496
109,2752,0.016060647
109,2784,0.016049076
109,2816,0.016056327
109,2848,0.016098998
109,2880,0.016013341
109,2912,0.016025357
109,2944,0.015998403
109,2976,0.016070401
109,3008,0.016004013
109,3040,0.016061796
109,3072,0.01598018
109,3104,0.016032709
109,3136,0.016024187
109,3168,0.015970144
109,3200,0.015997304
109,3232,0.016044863
109,3264,0.016040478
109,3296,0.01601588
109,3328,0.016044846
109,3360,0.016006
109,3392,0.01600746
109,3424,0.016094923
109,3456,0.016054697
109,3488,0.016029587
109,3520,0.015951777
109,3552,0.015911387
109,3584,0.01593839
109,3616,0.01601822
109,3648,0.015966635
109,3680,0.016057774
109,3712,0.015992265
109,3744,0.015952252
109,3776,0.015955567
109,3808,0.015975466
109,3840,0.015912093
109,3872,0.015990794
109,3904,0.0159161
109,3936,0.015945833
109,3968,0.01597454
109,4000,0.016011564
109,4032,0.0158824
109,4064,0.0159199
109,4096,0.016011067
109,4128,0.015957149
109,4160,0.015991542
109,4192,0.01593883
109,4224,0.015970185
109,4256,0.015942857
109,4288,0.01589251
109,4320,0.015941301
109,4352,0.017279088
109,4384,0.017188674
109,4416,0.017061668
109,4448,0.017093195
109,4480,0.016953923
109,4512,0.016927108
109,4544,0.016859824
109,4576,0.016803775
109,4608,0.016832981
109,4640,0.016843123
109,4672,0.016772768
109,4704,0.016808745
109,4736,0.016716253
109,4768,0.01662812
109,4800,0.016640421
109,4832,0.016607132
109,4864,0.016588802
109,4896,0.016548328
109,4928,0.016583864
109,4960,0.016519962
109,4992,0.016566066
109,5024,0.016484726
109,5056,0.016469512
109,5088,0.016497828
109,5120,0.016441692
109,5152,0.016419118
109,5184,0.01646834
109,5216,0.016493434
109,5248,0.016451426
109,5280,0.01636052
109,5312,0.016363863
109,5344,0.01639449
109,5376,0.016348112
109,5408,0.016384603
109,5440,0.016411444
109,5472,0.016315978
109,5504,0.01637404
109,5536,0.016276123
109,5568,0.016355315
109,5600,0.016280487
109,5632,0.016339017
109,5664,0.016261304
109,5696,0.016343256
109,5728,0.016216334
109,5760,0.01629021
109,5792,0.016194725
109,5824,0.016249917
109,5856,0.016128773
109,5888,0.016258996
109,5920,0.016206797
109,5952,0.0161952
109,5984,0.016131857
109,6016,0.0162079
109,6048,0.016162798
109,6080,0.016199077
110,0,0.01620491
110,32,0.016191874
110,64,0.016233604
110,96,0.01621572
110,128,0.016176924
110,160,0.016162587
110,192,0.016265618
110,224,0.016136175
110,256,0.01616977
110,288,0.016142441
110,320,0.01614973
110,352,0.0161715
110,384,0.016172653
110,416,0.016138252
110,448,0.016124591
110,480,0.016117962
110,512,0.016217133
110,544,0.016122593
110,576,0.016161852
110,608,0.01605383
110,640,0.016132595
110,672,0.016143892
110,704,0.016156694
110,736,0.016111685
110,768,0.016071072
110,800,0.01605198
110,832,0.016064072
110,864,0.01610302
110,896,0.016058072
110,928,0.01602628
110,960,0.01606912
110,992,0.01605361
110,1024,0.0160829
110,1056,0.01611142
110,1088,0.016049143
110,1120,0.015979176
110,1152,0.016051037
110,1184,0.016055148
110,1216,0.016011395
110,1248,0.016051115
110,1280,0.016000722
110,1312,0.015964752
110,1344,0.016024018
110,1376,0.016089777
110,1408,0.01596304
110,1440,0.016026422
110,1472,0.016000343
110,1504,0.015955755
110,1536,0.016029205
110,1568,0.015972642
110,1600,0.015913952
110,1632,0.01595622
110,1664,0.016012691
110,1696,0.016032465
110,1728,0.015997794
110,1760,0.016001988
110,1792,0.015963616
110,1824,0.01593929
110,1856,0.015967362
110,1888,0.01600402
110,1920,0.015932264
110,1952,0.016030695
110,1984,0.016007403
110,2016,0.015914861
110,2048,0.01596976
110,2080,0.015914325
110,2112,0.015949821
110,2144,0.015959183
110,2176,0.015941009
110,2208,0.015947377
110,2240,0.015914053
110,2272,0.016009986
110,2304,0.01594447
110,2336,0.01705989
110,2368,0.017273866
110,2400,0.01714254
110,2432,0.017113714
110,2464,0.017064895
110,2496,0.017044634
110,2528,0.016949384
110,2560,0.016936786
110,2592,0.016928507
110,2624,0.016921228
110,2656,0.016791034
110,2688,0.016761856
110,2720,0.016769668
110,2752,0.016779577
110,2784,0.016685104
110,2816,0.016674202
110,2848,0.016683135
110,2880,0.016672038
110,2912,0.016631758
110,2944,0.016554845
110,2976,0.016655257
110,3008,0.016537761
110,3040,0.016560901
110,3072,0.016490528
110,3104,0.016548783
110,3136,0.016510274
110,3168,0.016472178
110,3200,0.016522892
110,3232,0.016483275
110,3264,0.01648818
110,3296,0.016488353
110,3328,0.01646439
110,3360,0.016436577
110,3392,0.016472463
110,3424,0.016381217
110,3456,0.016389396
110,3488,0.01636323
110,3520,0.016377475
110,3552,0.016388409
110,3584,0.01636449
110,3616,0.016375123
110,3648,0.016361995
110,3680,0.016336303
110,3712,0.016294995
110,3744,0.016435176
110,3776,0.016328024
110,3808,0.016304439
110,3840,0.016267441
110,3872,0.016251432
110,3904,0.016320515
110,3936,0.016195746
110,3968,0.016257443
110,4000,0.016257433
110,4032,0.016265206
110,4064,0.016262803
110,4096,0.01623026
110,4128,0.016295578
110,4160,0.016181068
110,4192,0.016201485
110,4224,0.01621279
110,4256,0.016215786
110,4288,0.016179308
110,4320,0.016201513
110,4352,0.016205147
110,4384,0.016218413
110,4416,0.016201083
110,4448,0.01619412
110,4480,0.016078854
110,4512,0.016174123
110,4544,0.01616304
110,4576,0.016106877
110,4608,0.016084936
110,4640,0.01620394
110,4672,0.016124718
110,4704,0.016200002
110,4736,0.01608758
110,4768,0.016175983
110,4800,0.016131777
110,4832,0.016205175
110,4864,0.016119331
110,4896,0.016160812
110,4928,0.01617849
110,4960,0.016089898
110,4992,0.016067568
110,5024,0.016105954
110,5056,0.01606574
110,5088,0.016109059
110,5120,0.016041355
110,5152,0.016085355
110,5184,0.016059047
110,5216,0.016124267
110,5248,0.016084127
110,5280,0.016051082
110,5312,0.016098963
110,5344,0.016039776
110,5376,0.016055532
110,5408,0.016165951
110,5440,0.016081639
110,5472,0.016049933
110,5504,0.016068026
110,5536,0.015972449
110,5568,0.015999055
110,5600,0.016055537
110,5632,0.01607567
110,5664,0.016022075
110,5696,0.016027924
110,5728,0.016114092
110,5760,0.016067993
110,5792,0.016057122
110,5824,0.016021539
110,5856,0.01601973
110,5888,0.015982874
110,5920,0.015941765
110,5952,0.01601884
110,5984,0.016017731
110,6016,0.016032131
110,6048,0.015999384
110,6080,0.015974138
111,0,0.015969006
111,32,0.016006911
111,64,0.01601607
111,96,0.016025517
111,128,0.015980031
111,160,0.015969912
111,192,0.01594275
111,224,0.01602925
111,256,0.016072618
111,288,0.016061755
111,320,0.016681217
111,352,0.017306672
111,384,0.017254585
111,416,0.01717206
111,448,0.017104715
111,480,0.017071579
111,512,0.017015716
111,544,0.016951434
111,576,0.016992005
111,608,0.016925873
111,640,0.01683352
111,672,0.016762165
111,704,0.016814338
111,736,0.01678185
111,768,0.016756704
111,800,0.016744375
111,832,0.016712252
111,864,0.016657382
111,896,0.01670121
111,928,0.01666915
111,960,0.016640436
111,992,0.01658866
111,1024,0.016582262
111,1056,0.016622774
111,1088,0.0166235
111,1120,0.016533516
111,1152,0.016543655
111,1184,0.016395561
111,1216,0.01646281
111,1248,0.016540686
111,1280,0.016488286
111,1312,0.016519256
111,1344,0.016490668
111,1376,0.016432757
111,1408,0.016477108
111,1440,0.01643227
111,1472,0.016465476
111,1504,0.016364928
111,1536,0.01642576
111,1568,0.01640262
111,1600,0.016343188
111,1632,0.016312174
111,1664,0.01641234
111,1696,0.016370231
111,1728,0.01640342
111,1760,0.016416494
111,1792,0.016324265
111,1824,0.016316451
111,1856,0.016377458
111,1888,0.016375732
111,1920,0.01633643
111,1952,0.016177889
111,1984,0.016340218
111,2016,0.01620165
111,2048,0.016254837
111,2080,0.016240986
111,2112,0.016229456
111,2144,0.016264914
111,2176,0.016210789
111,2208,0.0162132
111,2240,0.016264603
111,2272,0.01622296
111,2304,0.016330019
111,2336,0.016193662
111,2368,0.016193833
111,2400,0.016246704
111,2432,0.016193297
111,2464,0.016160388
111,2496,0.01617858
111,2528,0.016146716
111,2560,0.016140722
111,2592,0.016181769
111,2624,0.016237358
111,2656,0.016130414
111,2688,0.01613162
111,2720,0.016094701
111,2752,0.016136726
111,2784,0.0161608
111,2816,0.016093453
111,2848,0.016124591
111,2880,0.016154533
111,2912,0.016105639
111,2944,0.016085936
111,2976,0.016040318
111,3008,0.016068408
111,3040,0.016161432
111,3072,0.01613728
111,3104,0.016108353
111,3136,0.016104696
111,3168,0.016071161
111,3200,0.016077133
111,3232,0.016030062
111,3264,0.016044097
111,3296,0.016063925
111,3328,0.01607254
111,3360,0.016030973
111,3392,0.01609489
111,3424,0.016130505
111,3456,0.016132377
111,3488,0.016033642
111,3520,0.016048599
111,3552,0.016105112
111,3584,0.01605096
111,3616,0.016134053
111,3648,0.0160596
111,3680,0.016011575
111,3712,0.01604679
111,3744,0.016102504
111,3776,0.01607628
111,3808,0.016081199
111,3840,0.015977938
111,3872,0.016004506
111,3904,0.016064692
111,3936,0.016039653
111,3968,0.016054127
111,4000,0.016028173
111,4032,0.016028117
111,4064,0.016023397
111,4096,0.01590921
111,4128,0.016053593
111,4160,0.016002024
111,4192,0.015972896
111,4224,0.015988199
111,4256,0.016012395
111,4288,0.016052473
111,4320,0.01591935
111,4352,0.015992185
111,4384,0.0159687
111,4416,0.016711997
111,4448,0.017291335
111,4480,0.017169492
111,4512,0.017101401
111,4544,0.017125847
111,4576,0.01702419
111,4608,0.016958402
111,4640,0.017001657
111,4672,0.016906265
111,4704,0.016866505
111,4736,0.01686352
111,4768,0.01673238
111,4800,0.016829897
111,4832,0.016847141
111,4864,0.0166998
111,4896,0.016838772
111,4928,0.016642183
111,4960,0.016601417
111,4992,0.016624294
111,5024,0.016665662
111,5056,0.016694246
111,5088,0.01654996
111,5120,0.01662144
111,5152,0.016534943
111,5184,0.016580516
111,5216,0.016538031
111,5248,0.01646678
111,5280,0.016587757
111,5312,0.016476413
111,5344,0.016474918
111,5376,0.016478935
111,5408,0.016517814
111,5440,0.01646095
111,5472,0.01650119
111,5504,0.016375344
111,5536,0.016418498
111,5568,0.016484514
111,5600,0.01643007
111,5632,0.01639197
111,5664,0.016341362
111,5696,0.016344292
111,5728,0.016396716
111,5760,0.016352534
111,5792,0.016390234
111,5824,0.016317172
111,5856,0.01632434
111,5888,0.016305694
111,5920,0.016358031
111,5952,0.016327912
111,5984,0.01631221
111,6016,0.016292624
111,6048,0.016272083
111,6080,0.016352985
112,0,0.016214693
112,32,0.0163507
112,64,0.016346961
112,96,0.016288236
112,128,0.016307537
112,160,0.01620476
112,192,0.016324248
112,224,0.016274717
112,256,0.016333152
112,288,0.01627141
112,320,0.016243823
112,352,0.016239867
112,384,0.016266255
112,416,0.016315015
112,448,0.016186189
112,480,0.01629547
112,512,0.016222712
112,544,0.016204186
112,576,0.0161756
112,608,0.016240355
112,640,0.016255844
112,672,0.016180145
112,704,0.016149497
112,736,0.016275747
112,768,0.016177062
112,800,0.01614851
112,832,0.016169498
112,864,0.0162093
112,896,0.016199082
112,928,0.016142633
112,960,0.016235739
112,992,0.01612922
112,1024,0.016087329
112,1056,0.016144702
112,1088,0.016134998
112,1120,0.016191863
112,1152,0.016175546
112,1184,0.01614619
112,1216,0.016154304
112,1248,0.01610104
112,1280,0.01611358
112,1312,0.01611198
112,1344,0.016078847
112,1376,0.016029181
112,1408,0.016115116
112,1440,0.01607505
112,1472,0.016083963
112,1504,0.016066255
112,1536,0.01614748
112,1568,0.016071117
112,1600,0.016062308
112,1632,0.016102858
112,1664,0.016084136
112,1696,0.016051462
112,1728,0.01609656
112,1760,0.016071789
112,1792,0.016108043
112,1824,0.01610573
112,1856,0.016097466
112,1888,0.016024828
112,1920,0.016019668
112,1952,0.016058357
112,1984,0.016134704
112,2016,0.016065946
112,2048,0.016045
112,2080,0.01606994
112,2112,0.016048504
112,2144,0.016061284
112,2176,0.016028795
112,2208,0.016063122
112,2240,0.016058467
112,2272,0.01602914
112,2304,0.015966218
112,2336,0.016060472
112,2368,0.016100168
112,2400,0.016430052
112,2432,0.017393509
112,2464,0.017201833
112,2496,0.017180469
112,2528,0.017193986
112,2560,0.017094458
112,2592,0.017075062
112,2624,0.016957644
112,2656,0.016931575
112,2688,0.016981445
112,2720,0.016895823
112,2752,0.0168538
112,2784,0.016807659
112,2816,0.016905537
112,2848,0.016776942
112,2880,0.016795443
112,2912,0.01675664
112,2944,0.01672667
112,2976,0.016696116
112,3008,0.016695263
112,3040,0.016629243
112,3072,0.016636532
112,3104,0.0166018
112,3136,0.016635377
112,3168,0.016613053
112,3200,0.016585818
112,3232,0.016654257
112,3264,0.01650006
112,3296,0.01648813
112,3328,0.016524881
112,3360,0.016547132
112,3392,0.016537474
112,3424,0.0164969
112,3456,0.016508251
112,3488,0.016513262
112,3520,0.016416281
112,3552,0.016471999
112,3584,0.016375788
112,3616,0.016485697
112,3648,0.016457966
112,3680,0.01640691
112,3712,0.016391128
112,3744,0.016364008
112,3776,0.016359162
112,3808,0.016411122
112,3840,0.016373985
112,3872,0.016405893
112,3904,0.01637603
112,3936,0.016394988
112,3968,0.016412128
112,4000,0.016333282
112,4032,0.016434267
112,4064,0.016298413
112,4096,0.01628714
112,4128,0.016362252
112,4160,0.016317938
112,4192,0.01633084
112,4224,0.016210513
112,4256,0.016274331
112,4288,0.016277581
112,4320,0.01628216
112,4352,0.016246082
112,4384,0.016228253
112,4416,0.016285598
112,4448,0.01625091
112,4480,0.016303703
112,4512,0.016205043
112,4544,0.016171202
112,4576,0.0161553
112,4608,0.016240604
112,4640,0.016258415
112,4672,0.01622286
112,4704,0.016191842
112,4736,0.016271425
112,4768,0.016209383
112,4800,0.016114783
112,4832,0.016185464
112,4864,0.016245319
112,4896,0.016214646
112,4928,0.016125657
112,4960,0.016210102
112,4992,0.016116805
112,5024,0.016090674
112,5056,0.016140379
112,5088,0.01611026
112,5120,0.016137801
112,5152,0.016149256
112,5184,0.016105155
112,5216,0.01615179
112,5248,0.016101312
112,5280,0.016093273
112,5312,0.01616014
112,5344,0.016090326
112,5376,0.016199179
112,5408,0.016134355
112,5440,0.01611979
112,5472,0.016128428
112,5504,0.016106032
112,5536,0.016078565
112,5568,0.016102875
112,5600,0.016107652
112,5632,0.016154844
112,5664,0.01611126
112,5696,0.016123787
112,5728,0.016031006
112,5760,0.016077945
112,5792,0.016024278
112,5824,0.016052939
112,5856,0.015984733
112,5888,0.01608663
112,5920,0.01607808
112,5952,0.016033804
112,5984,0.016074771
112,6016,0.016084008
112,6048,0.016050532
112,6080,0.016044281
113,0,0.016027613
113,32,0.016152533
113,64,0.016065922
113,96,0.016057748
113,128,0.016050324
113,160,0.016136067
113,192,0.016038273
113,224,0.016047057
113,256,0.01607816
113,288,0.016056098
113,320,0.016060492
113,352,0.01607274
113,384,0.016049897
113,416,0.017309058
113,448,0.017284231
113,480,0.017245304
113,512,0.017152073
113,544,0.01703286
113,576,0.017056117
113,608,0.016961826
113,640,0.016954025
113,672,0.016911376
113,704,0.016945329
113,736,0.01694139
113,768,0.016833194
113,800,0.016802398
113,832,0.016864233
113,864,0.01685597
113,896,0.016788093
113,928,0.016759545
113,960,0.016738212
113,992,0.01670377
113,1024,0.016677596
113,1056,0.016699992
113,1088,0.016626913
113,1120,0.016643943
113,1152,0.016686128
113,1184,0.016593086
113,1216,0.01656301
113,1248,0.016635695
113,1280,0.016578985
113,1312,0.016576635
113,1344,0.016591784
113,1376,0.016564757
113,1408,0.0164973
113,1440,0.016514517
113,1472,0.016479047
113,1504,0.01648367
113,1536,0.016459862
113,1568,0.016511682
113,1600,0.016480703
113,1632,0.016483046
113,1664,0.01646662
113,1696,0.016445467
113,1728,0.016373089
113,1760,0.016346572
113,1792,0.016386863
113,1824,0.016430736
113,1856,0.016376976
113,1888,0.016342679
113,1920,0.016357573
113,1952,0.016401706
113,1984,0.016390951
113,2016,0.016430356
113,2048,0.016367014
113,2080,0.016345143
113,2112,0.016372608
113,2144,0.016349398
113,2176,0.016286932
113,2208,0.01634382
113,2240,0.016351923
113,2272,0.016236752
113,2304,0.016303005
113,2336,0.016314495
113,2368,0.01628921
113,2400,0.01629312
113,2432,0.016320046
113,2464,0.016219502
113,2496,0.016243588
113,2528,0.016287673
113,2560,0.016264372
113,2592,0.01626377
113,2624,0.01626058
113,2656,0.016219202
113,2688,0.016239656
113,2720,0.016202778
113,2752,0.016203072
113,2784,0.016206115
113,2816,0.016168462
113,2848,0.01617958
113,2880,0.016275033
113,2912,0.016202113
113,2944,0.016175982
113,2976,0.01627055
113,3008,0.016141182
113,3040,0.016225638
113,3072,0.016172316
113,3104,0.01618806
113,3136,0.01618299
113,3168,0.016135333
113,3200,0.01612009
113,3232,0.016131142
113,3264,0.016242629
113,3296,0.01616756
113,3328,0.016128585
113,3360,0.016152691
113,3392,0.016110344
113,3424,0.016114326
113,3456,0.01614021
113,3488,0.016077578
113,3520,0.016168734
113,3552,0.016011287
113,3584,0.016145619
113,3616,0.016147656
113,3648,0.016161142
113,3680,0.016083803
113,3712,0.016078847
113,3744,0.016193865
113,3776,0.016128106
113,3808,0.016071523
113,3840,0.016052276
113,3872,0.016112607
113,3904,0.016115252
113,3936,0.016076984
113,3968,0.01611595
113,4000,0.016069984
113,4032,0.01611185
113,4064,0.01607217
113,4096,0.016113857
113,4128,0.016058737
113,4160,0.016092883
113,4192,0.016057525
113,4224,0.016080283
113,4256,0.016082533
113,4288,0.0159657
113,4320,0.016077206
113,4352,0.016070861
113,4384,0.016069781
113,4416,0.016004734
113,4448,0.016075015
113,4480,0.016107619
113,4512,0.01736489
113,4544,0.017385878
113,4576,0.01721804
113,4608,0.017130448
113,4640,0.017121594
113,4672,0.017060049
113,4704,0.01703143
113,4736,0.016947038
113,4768,0.016999353
113,4800,0.01698997
113,4832,0.01685791
113,4864,0.016906446
113,4896,0.016800763
113,4928,0.01674853
113,4960,0.016792484
113,4992,0.016798075
113,5024,0.016774502
113,5056,0.016749067
113,5088,0.016671427
113,5120,0.01670255
113,5152,0.016698472
113,5184,0.016658125
113,5216,0.016619284
113,5248,0.01657703
113,5280,0.016644744
113,5312,0.016598282
113,5344,0.016661866
113,5376,0.016666366
113,5408,0.016594794
113,5440,0.016550828
113,5472,0.016519768
113,5504,0.016564187
113,5536,0.016451057
113,5568,0.016506918
113,5600,0.01647914
113,5632,0.016499907
113,5664,0.016555192
113,5696,0.01644848
113,5728,0.016436331
113,5760,0.01642762
113,5792,0.016402707
113,5824,0.016472563
113,5856,0.016441906
113,5888,0.016476853
113,5920,0.016412543
113,5952,0.016340485
113,5984,0.016393749
113,6016,0.016368527
113,6048,0.016403861
113,6080,0.016377095
114,0,0.016322142
114,32,0.016404672
114,64,0.016478587
114,96,0.016402014
114,128,0.0163887
114,160,0.016448535
114,192,0.016393524
114,224,0.016362997
114,256,0.016377162
114,288,0.016325885
114,320,0.016334606
114,352,0.016343368
114,384,0.016335355
114,416,0.016367882
114,448,0.01624446
114,480,0.016361274
114,512,0.016309295
114,544,0.01629125
114,576,0.016243849
114,608,0.016331501
114,640,0.01623039
114,672,0.016353179
114,704,0.016299207
114,736,0.016291704
114,768,0.016276406
114,800,0.016318846
114,832,0.016261138
114,864,0.016223827
114,896,0.01622457
114,928,0.01620538
114,960,0.01628979
114,992,0.01621559
114,1024,0.016301336
114,1056,0.016281754
114,1088,0.016251473
114,1120,0.016343331
114,1152,0.016223457
114,1184,0.016205952
114,1216,0.016226284
114,1248,0.016228303
114,1280,0.016190998
114,1312,0.016254904
114,1344,0.01623761
114,1376,0.01621987
114,1408,0.016141541
114,1440,0.016165443
114,1472,0.01613811
114,1504,0.016221536
114,1536,0.016087169
114,1568,0.016166475
114,1600,0.016154086
114,1632,0.016154673
114,1664,0.016221628
114,1696,0.016188087
114,1728,0.016197009
114,1760,0.016219651
114,1792,0.01614225
114,1824,0.016161805
114,1856,0.016158802
114,1888,0.016195385
114,1920,0.016094686
114,1952,0.01611399
114,1984,0.01611563
114,2016,0.016071228
114,2048,0.01616801
114,2080,0.016145917
114,2112,0.0161489
114,2144,0.016114943
114,2176,0.016163975
114,2208,0.016152948
114,2240,0.016179575
114,2272,0.01605211
114,2304,0.016105555
114,2336,0.01608329
114,2368,0.016103236
114,2400,0.016090225
114,2432,0.016067537
114,2464,0.016114552
114,2496,0.017186556
114,2528,0.017418114
114,2560,0.01735405
114,2592,0.01722518
114,2624,0.01718513
114,2656,0.017123131
114,2688,0.01715125
114,2720,0.017079735
114,2752,0.016956946
114,2784,0.016972318
114,2816,0.01708166
114,2848,0.016943181
114,2880,0.016931847
114,2912,0.016895397
114,2944,0.016832795
114,2976,0.016810356
114,3008,0.016757656
114,3040,0.016738635
114,3072,0.016805394
114,3104,0.016796868
114,3136,0.016815415
114,3168,0.016712835
114,3200,0.016699849
114,3232,0.016694827
114,3264,0.01666328
114,3296,0.01671269
114,3328,0.016697295
114,3360,0.016669339
114,3392,0.016661022
114,3424,0.016630527
114,3456,0.016624916
114,3488,0.016614107
114,3520,0.016618965
114,3552,0.016549569
114,3584,0.01652386
114,3616,0.016578216
114,3648,0.016566027
114,3680,0.016511466
114,3712,0.016525771
114,3744,0.01652188
114,3776,0.016531093
114,3808,0.016530085
114,3840,0.016536456
114,3872,0.016490329
114,3904,0.016490245
114,3936,0.016493952
114,3968,0.016390536
114,4000,0.016413191
114,4032,0.016479729
114,4064,0.016408503
114,4096,0.016378962
114,4128,0.01645903
114,4160,0.016364759
114,4192,0.016442098
114,4224,0.016406853
114,4256,0.016372032
114,4288,0.01633785
114,4320,0.016351214
114,4352,0.016284984
114,4384,0.01636054
114,4416,0.016345985
114,4448,0.016378013
114,4480,0.016393704
114,4512,0.01633306
114,4544,0.016256345
114,4576,0.016254066
114,4608,0.016312579
114,4640,0.016341198
114,4672,0.016293377
114,4704,0.016303468
114,4736,0.016298475
114,4768,0.016256697
114,4800,0.016256928
114,4832,0.016234735
114,4864,0.016292697
114,4896,0.016213022
114,4928,0.016188368
114,4960,0.016253352
114,4992,0.016312227
114,5024,0.016270269
114,5056,0.016338129
114,5088,0.01631961
114,5120,0.01621352
114,5152,0.016255891
114,5184,0.016257765
114,5216,0.016216457
114,5248,0.016172452
114,5280,0.016199939
114,5312,0.01618582
114,5344,0.016148796
114,5376,0.016219825
114,5408,0.016183233
114,5440,0.016293803
114,5472,0.016183272
114,5504,0.016127098
114,5536,0.01622122
114,5568,0.01619592
114,5600,0.01612811
114,5632,0.016144529
114,5664,0.016232612
114,5696,0.016139992
114,5728,0.016206108
114,5760,0.016221115
114,5792,0.016154965
114,5824,0.016194915
114,5856,0.01616869
114,5888,0.016162287
114,5920,0.016155355
114,5952,0.01612051
114,5984,0.01616484
114,6016,0.016158625
114,6048,0.016138535
114,6080,0.01612944
115,0,0.016170878
115,32,0.016170923
115,64,0.016147088
115,96,0.016141022
115,128,0.016141051
115,160,0.016226226
115,192,0.016145855
115,224,0.016130682
115,256,0.016118106
115,288,0.01615502
115,320,0.016231295
115,352,0.016101066
115,384,0.016117867
115,416,0.016153129
115,448,0.016127352
115,480,0.016873814
115,512,0.017398393
115,544,0.017392684
115,576,0.017249405
115,608,0.01717059
115,640,0.017182473
115,672,0.01714251
115,704,0.017025389
115,736,0.01703397
115,768,0.017032435
115,800,0.016946776
115,832,0.017011095
115,864,0.016890721
115,896,0.016843421
115,928,0.01683114
115,960,0.016822873
115,992,0.016888857
115,1024,0.016754355
115,1056,0.016708968
115,1088,0.016762502
115,1120,0.016772918
115,1152,0.016702216
115,1184,0.016778043
115,1216,0.016655292
115,1248,0.016683444
115,1280,0.01676511
115,1312,0.016593006
115,1344,0.016651247
115,1376,0.016551076
115,1408,0.016638866
115,1440,0.016586857
115,1472,0.016660307
115,1504,0.016631959
115,1536,0.016577609
115,1568,0.016564015
115,1600,0.016516868
115,1632,0.01657728
115,1664,0.016506556
115,1696,0.016502881
115,1728,0.016543867
115,1760,0.016514309
115,1792,0.016559888
115,1824,0.016509093
115,1856,0.01649366
115,1888,0.016469473
115,1920,0.016442597
115,1952,0.016479606
115,1984,0.016419873
115,2016,0.016442733
115,2048,0.016498867
115,2080,0.016456796
115,2112,0.016380083
115,2144,0.016419565
115,2176,0.016431544
115,2208,0.016360372
115,2240,0.016403027
115,2272,0.016407343
115,2304,0.01640256
115,2336,0.016334098
115,2368,0.016367616
115,2400,0.016353562
115,2432,0.016392866
115,2464,0.016397744
115,2496,0.016381314
115,2528,0.01630221
115,2560,0.01635531
115,2592,0.016326461
115,2624,0.016325315
115,2656,0.01633612
115,2688,0.016325977
115,2720,0.016311478
115,2752,0.0162993
115,2784,0.016339777
115,2816,0.016313305
115,2848,0.016298685
115,2880,0.016286992
115,2912,0.01617822
115,2944,0.01624733
115,2976,0.016303236
115,3008,0.016282098
115,3040,0.016275093
115,3072,0.016296744
115,3104,0.01634749
115,3136,0.016276868
115,3168,0.016241798
115,3200,0.016216623
115,3232,0.016154792
115,3264,0.016296063
115,3296,0.016192684
115,3328,0.016213857
115,3360,0.016228866
115,3392,0.016210793
115,3424,0.016188059
115,3456,0.016301237
115,3488,0.01624322
115,3520,0.016296646
115,3552,0.016140705
115,3584,0.01615661
115,3616,0.01616867
115,3648,0.016201554
115,3680,0.016177934
115,3712,0.01613485
115,3744,0.016293019
115,3776,0.016214881
115,3808,0.016168512
115,3840,0.016225921
115,3872,0.016126795
115,3904,0.016147558
115,3936,0.016149856
115,3968,0.016188582
115,4000,0.016163653
115,4032,0.016112931
115,4064,0.016096525
115,4096,0.016147317
115,4128,0.016189184
115,4160,0.01616012
115,4192,0.016184734
115,4224,0.016147368
115,4256,0.01615836
115,4288,0.016135344
115,4320,0.016168963
115,4352,0.0161031
115,4384,0.016187284
115,4416,0.01608214
115,4448,0.016133083
115,4480,0.016186321
115,4512,0.016101643
115,4544,0.016156055
115,4576,0.016900858
115,4608,0.017452069
115,4640,0.017280892
115,4672,0.017303111
115,4704,0.017224574
115,4736,0.017176127
115,4768,0.017131103
115,4800,0.017012866
115,4832,0.017013393
115,4864,0.017057935
115,4896,0.016967485
115,4928,0.01693927
115,4960,0.017052522
115,4992,0.016967569
115,5024,0.016834658
115,5056,0.016824385
115,5088,0.016848935
115,5120,0.016788442
115,5152,0.016830536
115,5184,0.016787417
115,5216,0.016845603
115,5248,0.016747352
115,5280,0.01666561
115,5312,0.016734863
115,5344,0.016723353
115,5376,0.016660351
115,5408,0.016643653
115,5440,0.01663186
115,5472,0.016662907
115,5504,0.016619839
115,5536,0.016608043
115,5568,0.016578777
115,5600,0.016696999
115,5632,0.01658827
115,5664,0.016564045
115,5696,0.016664172
115,5728,0.016573254
115,5760,0.016506582
115,5792,0.016484829
115,5824,0.016520701
115,5856,0.016464306
115,5888,0.016522989
115,5920,0.01652766
115,5952,0.016529383
115,5984,0.016502231
115,6016,0.0163953
115,6048,0.016503781
115,6080,0.016391471
116,0,0.01637563
116,32,0.016358934
116,64,0.016431633
116,96,0.01642309
116,128,0.016480027
116,160,0.016446808
116,192,0.01642025
116,224,0.016405785
116,256,0.01634313
116,288,0.016414048
116,320,0.016359866
116,352,0.01639404
116,384,0.016370125
116,416,0.016340353
116,448,0.016405078
116,480,0.016363475
116,512,0.01641993
116,544,0.016407467
116,576,0.01638404
116,608,0.016312648
116,640,0.016296778
116,672,0.016350335
116,704,0.016348872
116,736,0.0163585
116,768,0.016238954
116,800,0.016339086
116,832,0.016319495
116,864,0.016249329
116,896,0.016337674
116,928,0.016258398
116,960,0.016306654
116,992,0.016277216
116,1024,0.016269077
116,1056,0.016331563
116,1088,0.016316442
116,1120,0.016234566
116,1152,0.016298588
116,1184,0.01626202
116,1216,0.016337456
116,1248,0.016334621
116,1280,0.016268412
116,1312,0.01627813
116,1344,0.016228788
116,1376,0.016254583
116,1408,0.01625415
116,1440,0.016266938
116,1472,0.01632052
116,1504,0.016189253
116,1536,0.016219474
116,1568,0.016240617
116,1600,0.016273389
116,1632,0.016241359
116,1664,0.016234696
116,1696,0.016223306
116,1728,0.016233912
116,1760,0.016178025
116,1792,0.016179124
116,1824,0.016270906
116,1856,0.016265592
116,1888,0.0162037
116,1920,0.016208045
116,1952,0.01619346
116,1984,0.01617065
116,2016,0.01618631
116,2048,0.016279634
116,2080,0.016223682
116,2112,0.016267614
116,2144,0.016197901
116,2176,0.016214713
116,2208,0.016282847
116,2240,0.016212739
116,2272,0.01622175
116,2304,0.016195567
116,2336,0.016122296
116,2368,0.016154893
116,2400,0.01616542
116,2432,0.016170794
116,2464,0.016180646
116,2496,0.016159842
116,2528,0.016139414
116,2560,0.01655427
116,2592,0.01751793
116,2624,0.01734133
116,2656,0.017326476
116,2688,0.017191041
116,2720,0.017277911
116,2752,0.017177982
116,2784,0.017144153
116,2816,0.01712578
116,2848,0.01710549
116,2880,0.017086864
116,2912,0.017054403
116,2944,0.016967796
116,2976,0.01694864
116,3008,0.01696392
116,3040,0.016876783
116,3072,0.016875794
116,3104,0.016852736
116,3136,0.016866997
116,3168,0.016837139
116,3200,0.01676375
116,3232,0.016763952
116,3264,0.01672604
116,3296,0.01678906
116,3328,0.016744332
116,3360,0.016701048
116,3392,0.016745238
116,3424,0.016666736
116,3456,0.01669854
116,3488,0.016618198
116,3520,0.016664859
116,3552,0.016674383
116,3584,0.016662288
116,3616,0.016652204
116,3648,0.016589198
116,3680,0.016622888
116,3712,0.016555743
116,3744,0.016550846
116,3776,0.016649248
116,3808,0.016554395
116,3840,0.016524257
116,3872,0.016589684
116,3904,0.016537787
116,3936,0.016563056
116,3968,0.01652906
116,4000,0.016493462
116,4032,0.016472384
116,4064,0.016459117
116,4096,0.016480831
116,4128,0.016495284
116,4160,0.016431693
116,4192,0.016433822
116,4224,0.016497755
116,4256,0.016469141
116,4288,0.016477505
116,4320,0.016378706
116,4352,0.016396213
116,4384,0.016389636
116,4416,0.016538342
116,4448,0.016404279
116,4480,0.016362872
116,4512,0.016417226
116,4544,0.016390938
116,4576,0.016394068
116,4608,0.01635764
116,4640,0.016382422
116,4672,0.016334977
116,4704,0.01641371
116,4736,0.01630293
116,4768,0.016342146
116,4800,0.016409852
116,4832,0.016319603
116,4864,0.01631786
116,4896,0.016351882
116,4928,0.01631188
116,4960,0.016325278
116,4992,0.016349263
116,5024,0.016257009
116,5056,0.016332764
116,5088,0.016342415
116,5120,0.016274476
116,5152,0.016290482
116,5184,0.016332276
116,5216,0.016290057
116,5248,0.016322408
116,5280,0.016304575
116,5312,0.016277269
116,5344,0.016341537
116,5376,0.016242512
116,5408,0.016266853
116,5440,0.016254755
116,5472,0.01626664
116,5504,0.016209906
116,5536,0.016193936
116,5568,0.016259942
116,5600,0.016256405
116,5632,0.016218076
116,5664,0.016259208
116,5696,0.016303081
116,5728,0.016296305
116,5760,0.016224217
116,5792,0.016234834
116,5824,0.016191332
116,5856,0.01625571
116,5888,0.016225468
116,5920,0.016193796
116,5952,0.01628
116,5984,0.016212279
116,6016,0.01620158
116,6048,0.016216265
116,6080,0.016247522
117,0,0.016247787
117,32,0.016283605
117,64,0.016224056
117,96,0.016267322
117,128,0.016274987
117,160,0.016214592
117,192,0.016247153
117,224,0.01621824
117,256,0.016171811
117,288,0.016245643
117,320,0.016212767
117,352,0.016193753
117,384,0.016187122
117,416,0.016209321
117,448,0.01619619
117,480,0.016206723
117,512,0.016210146
117,544,0.01621698
117,576,0.017537221
117,608,0.01753478
117,640,0.017336931
117,672,0.017302036
117,704,0.017254863
117,736,0.01726333
117,768,0.017115211
117,800,0.017075943
117,832,0.01712831
117,864,0.017079823
117,896,0.017094718
117,928,0.01700364
117,960,0.017036153
117,992,0.016988868
117,1024,0.016964035
117,1056,0.016905058
117,1088,0.016887853
117,1120,0.016908124
117,1152,0.016939797
117,1184,0.016784871
117,1216,0.016820764
117,1248,0.0167548
117,1280,0.016745875
117,1312,0.016816359
117,1344,0.016697727
117,1376,0.01670817
117,1408,0.016792672
117,1440,0.016748788
117,1472,0.016747318
117,1504,0.01664731
117,1536,0.016739417
117,1568,0.01664899
117,1600,0.016581986
117,1632,0.016694125
117,1664,0.016685326
117,1696,0.016703447
117,1728,0.016686505
117,1760,0.016579978
117,1792,0.016665118
117,1824,0.016656112
117,1856,0.016581168
117,1888,0.016622232
117,1920,0.016571421
117,1952,0.016575031
117,1984,0.016599577
117,2016,0.016590169
117,2048,0.01647999
117,2080,0.016457967
117,2112,0.016566519
117,2144,0.016574802
117,2176,0.016537683
117,2208,0.016497198
117,2240,0.016425833
117,2272,0.016500209
117,2304,0.016512204
117,2336,0.01649318
117,2368,0.016426615
117,2400,0.016451782
117,2432,0.016466167
117,2464,0.016452849
117,2496,0.016451633
117,2528,0.016427863
117,2560,0.01644959
117,2592,0.016375719
117,2624,0.016438408
117,2656,0.016398512
117,2688,0.016415166
117,2720,0.016361076
117,2752,0.016349373
117,2784,0.016404279
117,2816,0.01644847
117,2848,0.01645357
117,2880,0.016470393
117,2912,0.01639853
117,2944,0.016391495
117,2976,0.016344259
117,3008,0.016257878
117,3040,0.01633146
117,3072,0.016372517
117,3104,0.016360858
117,3136,0.016372818
117,3168,0.016316582
117,3200,0.016342346
117,3232,0.016274434
117,3264,0.016289614
117,3296,0.016328374
117,3328,0.016389662
117,3360,0.016306954
117,3392,0.016335271
117,3424,0.016315311
117,3456,0.016341629
117,3488,0.01632969
117,3520,0.01621495
117,3552,0.01637378
117,3584,0.016294017
117,3616,0.01625034
117,3648,0.016324878
117,3680,0.0162544
117,3712,0.016289992
117,3744,0.016252056
117,3776,0.016214848
117,3808,0.016284017
117,3840,0.016248543
117,3872,0.016292566
117,3904,0.016335791
117,3936,0.016223477
117,3968,0.016306639
117,4000,0.01632191
117,4032,0.016268888
117,4064,0.016241034
117,4096,0.016219968
117,4128,0.016240725
117,4160,0.016259102
117,4192,0.016261997
117,4224,0.016216435
117,4256,0.016205344
117,4288,0.01618834
117,4320,0.016172325
117,4352,0.016231103
117,4384,0.016212685
117,4416,0.016187206
117,4448,0.01625602
117,4480,0.016239384
117,4512,0.016200412
117,4544,0.016245315
117,4576,0.016152063
117,4608,0.016237307
117,4640,0.016250143
117,4672,0.01750875
117,4704,0.017322421
117,4736,0.017337045
117,4768,0.017287875
117,4800,0.017272586
117,4832,0.017273914
117,4864,0.01725098
117,4896,0.01706918
117,4928,0.01703783
117,4960,0.017124321
117,4992,0.016952459
117,5024,0.017000519
117,5056,0.016978808
117,5088,0.016889814
117,5120,0.016904466
117,5152,0.016899757
117,5184,0.016913902
117,5216,0.016880296
117,5248,0.01683456
117,5280,0.01684117
117,5312,0.016772505
117,5344,0.016817112
117,5376,0.016749637
117,5408,0.016750423
117,5440,0.016805312
117,5472,0.01672637
117,5504,0.016717333
117,5536,0.016687572
117,5568,0.016734436
117,5600,0.016715987
117,5632,0.016670747
117,5664,0.016610065
117,5696,0.01663119
117,5728,0.016629128
117,5760,0.01660536
117,5792,0.016674336
117,5824,0.01663205
117,5856,0.016595995
117,5888,0.016608458
117,5920,0.016623233
117,5952,0.016585667
117,5984,0.016574796
117,6016,0.016541427
117,6048,0.01648424
117,6080,0.016551219
118,0,0.016477188
118,32,0.016503697
118,64,0.016563753
118,96,0.01653131
118,128,0.016492266
118,160,0.016534498
118,192,0.016437126
118,224,0.016456485
118,256,0.01644513
118,288,0.016473306
118,320,0.01648122
118,352,0.01645826
118,384,0.016510015
118,416,0.016466131
118,448,0.01640102
118,480,0.016484998
118,512,0.016452529
118,544,0.01645716
118,576,0.016432866
118,608,0.016402513
118,640,0.0163587
118,672,0.016418407
118,704,0.016364023
118,736,0.016472934
118,768,0.016363487
118,800,0.01642159
118,832,0.016266968
118,864,0.016349075
118,896,0.016350703
118,928,0.016382284
118,960,0.01633488
118,992,0.01634917
118,1024,0.016380094
118,1056,0.01633551
118,1088,0.016361456
118,1120,0.016296057
118,1152,0.016371349
118,1184,0.016368264
118,1216,0.016355012
118,1248,0.016311454
118,1280,0.01635676
118,1312,0.016377158
118,1344,0.016327688
118,1376,0.01631392
118,1408,0.016363157
118,1440,0.016331239
118,1472,0.01634935
118,1504,0.016316012
118,1536,0.01630619
118,1568,0.0162969
118,1600,0.016274326
118,1632,0.016229715
118,1664,0.016315678
118,1696,0.016255707
118,1728,0.016270231
118,1760,0.01630313
118,1792,0.016210701
118,1824,0.016260289
118,1856,0.016310329
118,1888,0.01625173
118,1920,0.016258387
118,1952,0.016215375
118,1984,0.016270714
118,2016,0.016311081
118,2048,0.01630138
118,2080,0.016188214
118,2112,0.016257279
118,2144,0.016249904
118,2176,0.016243892
118,2208,0.01626033
118,2240,0.016244346
118,2272,0.016229495
118,2304,0.016235357
118,2336,0.016216489
118,2368,0.016216716
118,2400,0.01615554
118,2432,0.01616835
118,2464,0.016194962
118,2496,0.016234927
118,2528,0.01619029
118,2560,0.016251393
118,2592,0.016238036
118,2624,0.016232736
118,2656,0.017304447
118,2688,0.01754538
118,2720,0.017456517
118,2752,0.017344655
118,2784,0.017336251
118,2816,0.017290084
118,2848,0.017251601
118,2880,0.017189471
118,2912,0.01724363
118,2944,0.017089814
118,2976,0.017100196
118,3008,0.01705476
118,3040,0.017000725
118,3072,0.017042674
118,3104,0.016990481
118,3136,0.017049074
118,3168,0.016943665
118,3200,0.016983753
118,3232,0.016926719
118,3264,0.016994542
118,3296,0.016955536
118,3328,0.01688944
118,3360,0.01681242
118,3392,0.016906459
118,3424,0.016891304
118,3456,0.016816165
118,3488,0.016766395
118,3520,0.01676705
118,3552,0.016713694
118,3584,0.0167261
118,3616,0.016690465
118,3648,0.016722092
118,3680,0.016731553
118,3712,0.016691785
118,3744,0.016647037
118,3776,0.016702302
118,3808,0.016694563
118,3840,0.016712615
118,3872,0.016679648
118,3904,0.016608546
118,3936,0.01665036
118,3968,0.016656913
118,4000,0.016664868
118,4032,0.016578352
118,4064,0.016636197
118,4096,0.016541356
118,4128,0.016522948
118,4160,0.016556026
118,4192,0.016552549
118,4224,0.016594749
118,4256,0.016535359
118,4288,0.016597789
118,4320,0.016557032
118,4352,0.016498357
118,4384,0.016495356
118,4416,0.016485631
118,4448,0.01652348
118,4480,0.01653806
118,4512,0.01654445
118,4544,0.016486937
118,4576,0.016434496
118,4608,0.016465308
118,4640,0.01650558
118,4672,0.016408524
118,4704,0.016526682
118,4736,0.016538348
118,4768,0.016402476
118,4800,0.016401272
118,4832,0.016471738
118,4864,0.016421877
118,4896,0.016428754
118,4928,0.016458396
118,4960,0.01640329
118,4992,0.016421275
118,5024,0.01644966
118,5056,0.016422566
118,5088,0.01638403
118,5120,0.016375663
118,5152,0.016397169
118,5184,0.01640904
118,5216,0.01641482
118,5248,0.016427375
118,5280,0.016409088
118,5312,0.01636381
118,5344,0.016347375
118,5376,0.01645458
118,5408,0.016344534
118,5440,0.016291602
118,5472,0.016382784
118,5504,0.016329197
118,5536,0.016344095
118,5568,0.016397161
118,5600,0.016309237
118,5632,0.016300421
118,5664,0.016266884
118,5696,0.016295603
118,5728,0.016327823
118,5760,0.016364183
118,5792,0.016311875
118,5824,0.016407292
118,5856,0.016328728
118,5888,0.016313825
118,5920,0.016330857
118,5952,0.016353905
118,5984,0.01625852
118,6016,0.016299894
118,6048,0.016327225
118,6080,0.016284242
119,0,0.016277371
119,32,0.01627653
119,64,0.016357483
119,96,0.016336938
119,128,0.016347231
119,160,0.016374942
119,192,0.016347669
119,224,0.016308254
119,256,0.01637219
119,288,0.016336912
119,320,0.016306218
119,352,0.016288532
119,384,0.016337149
119,416,0.016280616
119,448,0.016293995
119,480,0.016264684
119,512,0.016306251
119,544,0.016214926
119,576,0.016331278
119,608,0.016288519
119,640,0.017045848
119,672,0.017563608
119,704,0.017489556
119,736,0.017466065
119,768,0.01739574
119,800,0.017245188
119,832,0.017231356
119,864,0.017194802
119,896,0.017208328
119,928,0.017095834
119,960,0.01710757
119,992,0.017093245
119,1024,0.017042702
119,1056,0.017015258
119,1088,0.017026454
119,1120,0.01695088
119,1152,0.017014595
119,1184,0.016986512
119,1216,0.01694039
119,1248,0.016839137
119,1280,0.016828425
119,1312,0.016858831
119,1344,0.016829344
119,1376,0.016909722
119,1408,0.01688763
119,1440,0.016788345
119,1472,0.016839936
119,1504,0.01681485
119,1536,0.016808009
119,1568,0.016747024
119,1600,0.016781118
119,1632,0.016715981
119,1664,0.01674678
119,1696,0.016716624
119,1728,0.016743936
119,1760,0.016682534
119,1792,0.01670635
119,1824,0.01669059
119,1856,0.016723592
119,1888,0.016700888
119,1920,0.016674379
119,1952,0.016627574
119,1984,0.016649947
119,2016,0.01667077
119,2048,0.016565118
119,2080,0.016512152
119,2112,0.016620453
119,2144,0.016622765
119,2176,0.016614478
119,2208,0.01658975
119,2240,0.016484166
119,2272,0.016521743
119,2304,0.016558472
119,2336,0.016545156
119,2368,0.016551554
119,2400,0.016537845
119,2432,0.016561408
119,2464,0.016619928
119,2496,0.016408114
119,2528,0.016465485
119,2560,0.01646368
119,2592,0.01644062
119,2624,0.016541744
119,2656,0.016466225
119,2688,0.016451517
119,2720,0.016368313
119,2752,0.016489543
119,2784,0.016474081
119,2816,0.016475895
119,2848,0.016491318
119,2880,0.01636238
119,2912,0.016529081
119,2944,0.016430346
119,2976,0.016505385
119,3008,0.01645735
119,3040,0.016389273
119,3072,0.01644791
119,3104,0.016363388
119,3136,0.016387766
119,3168,0.016428817
119,3200,0.016384238
119,3232,0.016450696
119,3264,0.016339151
119,3296,0.016364906
119,3328,0.016327238
119,3360,0.016445048
119,3392,0.016363688
119,3424,0.016334627
119,3456,0.01641879
119,3488,0.016325852
119,3520,0.016352944
119,3552,0.016355246
119,3584,0.01637812
119,3616,0.016413394
119,3648,0.016286027
119,3680,0.016307065
119,3712,0.016303433
119,3744,0.016351018
119,3776,0.016328508
119,3808,0.01632085
119,3840,0.016394688
119,3872,0.016323138
119,3904,0.01632807
119,3936,0.016246246
119,3968,0.016308172
119,4000,0.016316062
119,4032,0.016289957
119,4064,0.016294863
119,4096,0.016323432
119,4128,0.016327757
119,4160,0.01631223
119,4192,0.016175022
119,4224,0.016348114
119,4256,0.016247181
119,4288,0.016303327
119,4320,0.016373653
119,4352,0.016253212
119,4384,0.016320307
119,4416,0.016225476
119,4448,0.016236853
119,4480,0.016287439
119,4512,0.016268421
119,4544,0.016220693
119,4576,0.016220722
119,4608,0.016285144
119,4640,0.016235067
119,4672,0.016286187
119,4704,0.016197456
119,4736,0.01694319
119,4768,0.017575609
119,4800,0.017518584
119,4832,0.017413396
119,4864,0.017378546
119,4896,0.017264564
119,4928,0.01724874
119,4960,0.017174046
119,4992,0.01723729
119,5024,0.01721085
119,5056,0.017135294
119,5088,0.017108072
119,5120,0.017031644
119,5152,0.017109197
119,5184,0.017082054
119,5216,0.016990721
119,5248,0.016979823
119,5280,0.016935963
119,5312,0.016960707
119,5344,0.01694474
119,5376,0.016912296
119,5408,0.016873695
119,5440,0.016821861
119,5472,0.016765688
119,5504,0.01679299
119,5536,0.016830707
119,5568,0.016770985
119,5600,0.016836584
119,5632,0.016765123
119,5664,0.0167497
119,5696,0.01671608
119,5728,0.01675211
119,5760,0.016744478
119,5792,0.016697487
119,5824,0.0166371
119,5856,0.01676784
119,5888,0.016703455
119,5920,0.016691474
119,5952,0.016651418
119,5984,0.0166432
119,6016,0.016671808
119,6048,0.016620638
119,6080,0.016684841
120,0,0.01651481
120,32,0.01663571
120,64,0.016761972
120,96,0.016701004
120,128,0.016625803
120,160,0.0166069
120,192,0.016586097
120,224,0.016665675
120,256,0.01658777
120,288,0.016555518
120,320,0.016650815
120,352,0.016577527
120,384,0.016618052
120,416,0.016592115
120,448,0.01658458
120,480,0.016519312
120,512,0.016500585
120,544,0.016607406
120,576,0.016559193
120,608,0.016475014
120,640,0.016528351
120,672,0.016514668
120,704,0.016585778
120,736,0.01654442
120,768,0.01650802
120,800,0.016479867
120,832,0.016461305
120,864,0.01650401
120,896,0.016534561
120,928,0.016454205
120,960,0.016441602
120,992,0.016446058
120,1024,0.016482834
120,1056,0.016460204
120,1088,0.016472958
120,1120,0.016451882
120,1152,0.016476478
120,1184,0.016451275
120,1216,0.016444994
120,1248,0.016421871
120,1280,0.016486507
120,1312,0.016466144
120,1344,0.016499866
120,1376,0.016426476
120,1408,0.016482575
120,1440,0.01641162
120,1472,0.016371144
120,1504,0.016330063
120,1536,0.016359704
120,1568,0.0164268
120,1600,0.016343657
120,1632,0.016388724
120,1664,0.01634373
120,1696,0.016417984
120,1728,0.016382396
120,1760,0.016451174
120,1792,0.016353806
120,1824,0.01635716
120,1856,0.01636874
120,1888,0.016347762
120,1920,0.016336879
120,1952,0.016334515
120,1984,0.01630513
120,2016,0.016288726
120,2048,0.01635491
120,2080,0.016376814
120,2112,0.016346933
120,2144,0.016303862
120,2176,0.016327992
120,2208,0.016344221
120,2240,0.016290732
120,2272,0.016373076
120,2304,0.016302159
120,2336,0.016370788
120,2368,0.01636691
120,2400,0.016327586
120,2432,0.016340522
120,2464,0.016269624
120,2496,0.016312463
120,2528,0.016298424
120,2560,0.016316315
120,2592,0.016375357
120,2624,0.016262654
120,2656,0.016349282
120,2688,0.016270343
120,2720,0.016764766
120,2752,0.017620923
120,2784,0.017595414
120,2816,0.017422408
120,2848,0.017426066
120,2880,0.01739136
120,2912,0.017307922
120,2944,0.01729844
120,2976,0.017244948
120,3008,0.017182253
120,3040,0.01718822
120,3072,0.017096117
120,3104,0.01702199
120,3136,0.0171476
120,3168,0.017052788
120,3200,0.017079802
120,3232,0.016985547
120,3264,0.016929876
120,3296,0.017019065
120,3328,0.016982056
120,3360,0.016936367
120,3392,0.017009776
120,3424,0.016983
120,3456,0.01683148
120,3488,0.016873322
120,3520,0.016861344
120,3552,0.016849158
120,3584,0.016829573
120,3616,0.01676811
120,3648,0.016846567
120,3680,0.016774118
120,3712,0.016721833
120,3744,0.0168047
120,3776,0.016781904
120,3808,0.016693486
120,3840,0.016733963
120,3872,0.016714327
120,3904,0.016721206
120,3936,0.01667958
120,3968,0.016757695
120,4000,0.016694622
120,4032,0.016714318
120,4064,0.016724372
120,4096,0.016654376
120,4128,0.016610315
120,4160,0.016641809
120,4192,0.016577877
120,4224,0.016714549
120,4256,0.016668418
120,4288,0.016637944
120,4320,0.016604396
120,4352,0.016676782
120,4384,0.016561516
120,4416,0.016555628
120,4448,0.016556457
120,4480,0.016538706
120,4512,0.016518094
120,4544,0.016538655
120,4576,0.01648742
120,4608,0.016587198
120,4640,0.016487714
120,4672,0.016556153
120,4704,0.016428655
120,4736,0.016535375
120,4768,0.016488766
120,4800,0.016467858
120,4832,0.016443914
120,4864,0.016489198
120,4896,0.0164235
120,4928,0.016560864
120,4960,0.016514078
120,4992,0.016500473
120,5024,0.016468076
120,5056,0.016395783
120,5088,0.016475525
120,5120,0.016524704
120,5152,0.016408572
120,5184,0.01646616
120,5216,0.016434764
120,5248,0.01646984
120,5280,0.01645638
120,5312,0.016456073
120,5344,0.016345406
120,5376,0.016405042
120,5408,0.016436283
120,5440,0.016424317
120,5472,0.016413406
120,5504,0.016380588
120,5536,0.016417805
120,5568,0.016362324
120,5600,0.016431011
120,5632,0.0164445
120,5664,0.016362838
120,5696,0.016383087
120,5728,0.016458917
120,5760,0.016378384
120,5792,0.016379979
120,5824,0.016360015
120,5856,0.016379224
120,5888,0.016380211
120,5920,0.016336627
120,5952,0.016406467
120,5984,0.016353413
120,6016,0.016421009
120,6048,0.016316358
120,6080,0.016317027
121,0,0.0163432
121,32,0.016396686
121,64,0.016361259
121,96,0.01640378
121,128,0.016302165
121,160,0.01641411
121,192,0.016429286
121,224,0.016280413
121,256,0.016338829
121,288,0.016368702
121,320,0.016356537
121,352,0.016287053
121,384,0.016339077
121,416,0.01632812
121,448,0.01633801
121,480,0.01636083
121,512,0.016317008
121,544,0.0163042
121,576,0.016329005
121,608,0.016265003
121,640,0.016319433
121,672,0.016305102
121,704,0.016358081
121,736,0.017707387
121,768,0.017522175
121,800,0.017508943
121,832,0.017382702
121,864,0.017419886
121,896,0.017337713
121,928,0.017274477
121,960,0.017297208
121,992,0.017174033
121,1024,0.017245255
121,1056,0.0172384
121,1088,0.017204361
121,1120,0.017131506
121,1152,0.017072184
121,1184,0.01701984
121,1216,0.0170354
121,1248,0.017123874
121,1280,0.017068885
121,1312,0.01699433
121,1344,0.016961768
121,1376,0.016972609
121,1408,0.016964195
121,1440,0.016938865
121,1472,0.016967557
121,1504,0.016902186
121,1536,0.016895572
121,1568,0.016866751
121,1600,0.016910877
121,1632,0.016850177
121,1664,0.016852766
121,1696,0.016825797
121,1728,0.016781047
121,1760,0.0167351
121,1792,0.016765878
121,1824,0.016786803
121,1856,0.016715195
121,1888,0.016735991
121,1920,0.016689157
121,1952,0.016676756
121,1984,0.0166548
121,2016,0.016670756
121,2048,0.016754389
121,2080,0.016741008
121,2112,0.016624428
121,2144,0.016677028
121,2176,0.016638437
121,2208,0.016642263
121,2240,0.016616395
121,2272,0.016664654
121,2304,0.016657835
121,2336,0.016694365
121,2368,0.01659493
121,2400,0.016664134
121,2432,0.01658731
121,2464,0.016585696
121,2496,0.016592793
121,2528,0.016531376
121,2560,0.016583582
121,2592,0.016555486
121,2624,0.016618777
121,2656,0.016562302
121,2688,0.016608033
121,2720,0.016523976
121,2752,0.016529731
121,2784,0.016493933
121,2816,0.016581945
121,2848,0.016479474
121,2880,0.016543347
121,2912,0.016473636
121,2944,0.016528659
121,2976,0.016584335
121,3008,0.01655805
121,3040,0.016583117
121,3072,0.016511606
121,3104,0.016566565
121,3136,0.016478773
121,3168,0.016434869
121,3200,0.016507117
121,3232,0.016461615
121,3264,0.016453689
121,3296,0.016571295
121,3328,0.01648952
121,3360,0.016444296
121,3392,0.016448364
121,3424,0.016406966
121,3456,0.016429797
121,3488,0.016495828
121,3520,0.016404897
121,3552,0.016478429
121,3584,0.016503643
121,3616,0.01633109
121,3648,0.016437484
121,3680,0.016474744
121,3712,0.016446184
121,3744,0.016383145
121,3776,0.016435042
121,3808,0.01642793
121,3840,0.016417777
121,3872,0.016447848
121,3904,0.016470484
121,3936,0.016411098
121,3968,0.016412398
121,4000,0.016391091
121,4032,0.016368844
121,4064,0.016284414
121,4096,0.01632632
121,4128,0.016368007
121,4160,0.016393626
121,4192,0.01640429
121,4224,0.016329221
121,4256,0.016413217
121,4288,0.016327702
121,4320,0.016368244
121,4352,0.01633457
121,4384,0.016376905
121,4416,0.016344182
121,4448,0.016404696
121,4480,0.016355805
121,4512,0.016314533
121,4544,0.016346984
121,4576,0.016346756
121,4608,0.016301483
121,4640,0.016354201
121,4672,0.01631668
121,4704,0.016301954
121,4736,0.016239164
121,4768,0.016354378
121,4800,0.016356604
121,4832,0.017742952
121,4864,0.017612224
121,4896,0.017473148
121,4928,0.017396081
121,4960,0.017417025
121,4992,0.017374637
121,5024,0.01737104
121,5056,0.017286927
121,5088,0.017261967
121,5120,0.017176902
121,5152,0.017235875
121,5184,0.017209653
121,5216,0.017108021
121,5248,0.01702644
121,5280,0.01702421
121,5312,0.017100554
121,5344,0.017044669
121,5376,0.017004801
121,5408,0.01707224
121,5440,0.017003335
121,5472,0.017016102
121,5504,0.016977554
121,5536,0.016914397
121,5568,0.016872156
121,5600,0.01689845
121,5632,0.01685283
121,5664,0.016871186
121,5696,0.0169009
121,5728,0.01684102
121,5760,0.016750913
121,5792,0.016820645
121,5824,0.016798109
121,5856,0.016802838
121,5888,0.016792024
121,5920,0.01674691
121,5952,0.016764225
121,5984,0.016723806
121,6016,0.01674274
121,6048,0.016711911
121,6080,0.016706906
122,0,0.016702715
122,32,0.016717123
122,64,0.016685251
122,96,0.016729696
122,128,0.016787957
122,160,0.016700933
122,192,0.01668123
122,224,0.016784161
122,256,0.016684629
122,288,0.016758788
122,320,0.016685238
122,352,0.016574185
122,384,0.016726715
122,416,0.016703416
122,448,0.016686061
122,480,0.016615473
122,512,0.016663028
122,544,0.016597433
122,576,0.016654653
122,608,0.016560316
122,640,0.016592357
122,672,0.016665652
122,704,0.01658418
122,736,0.016539345
122,768,0.016559515
122,800,0.016530156
122,832,0.016562117
122,864,0.016610337
122,896,0.016536323
122,928,0.016589573
122,960,0.016546305
122,992,0.016494248
122,1024,0.01654338
122,1056,0.016554909
122,1088,0.01652376
122,1120,0.016528247
122,1152,0.016547201
122,1184,0.016427891
122,1216,0.016546072
122,1248,0.01653506
122,1280,0.016510412
122,1312,0.016527126
122,1344,0.01649936
122,1376,0.016444763
122,1408,0.016550096
122,1440,0.016373752
122,1472,0.01649889
122,1504,0.016442526
122,1536,0.016435314
122,1568,0.016478203
122,1600,0.016521074
122,1632,0.016395913
122,1664,0.016488122
122,1696,0.016465161
122,1728,0.016457828
122,1760,0.016410679
122,1792,0.016517593
122,1824,0.016463915
122,1856,0.016405506
122,1888,0.016462617
122,1920,0.016389709
122,1952,0.016407825
122,1984,0.016460601
122,2016,0.016483724
122,2048,0.01634883
122,2080,0.016453147
122,2112,0.016411781
122,2144,0.016397983
122,2176,0.016333856
122,2208,0.016421253
122,2240,0.016467117
122,2272,0.016438758
122,2304,0.016410718
122,2336,0.016365042
122,2368,0.016429342
122,2400,0.016387613
122,2432,0.016378386
122,2464,0.016345922
122,2496,0.016369078
122,2528,0.016354594
122,2560,0.01632829
122,2592,0.01634717
122,2624,0.016416335
122,2656,0.01634312
122,2688,0.01637723
122,2720,0.01637399
122,2752,0.01638522
122,2784,0.016316816
122,2816,0.017415453
122,2848,0.017727852
122,2880,0.01758488
122,2912,0.017499208
122,2944,0.017458785
122,2976,0.017439405
122,3008,0.017379949
122,3040,0.017319907
122,3072,0.017271185
122,3104,0.017279387
122,3136,0.017273813
122,3168,0.017229421
122,3200,0.017134083
122,3232,0.017138269
122,3264,0.017179977
122,3296,0.01708376
122,3328,0.017073615
122,3360,0.017113367
122,3392,0.01705286
122,3424,0.016988132
122,3456,0.017003195
122,3488,0.016937383
122,3520,0.017041268
122,3552,0.016942991
122,3584,0.016934209
122,3616,0.016940858
122,3648,0.016930964
122,3680,0.016973717
122,3712,0.01691625
122,3744,0.016847452
122,3776,0.016870098
122,3808,0.016909001
122,3840,0.01682507
122,3872,0.016728831
122,3904,0.016856939
122,3936,0.016870549
122,3968,0.016807228
122,4000,0.01676033
122,4032,0.016809938
122,4064,0.016722687
122,4096,0.01682127
122,4128,0.016800225
122,4160,0.01673587
122,4192,0.01678407
122,4224,0.01674562
122,4256,0.016761899
122,4288,0.01670944
122,4320,0.016685698
122,4352,0.016707283
122,4384,0.016706493
122,4416,0.016618686
122,4448,0.016688233
122,4480,0.016658945
122,4512,0.016669216
122,4544,0.016768387
122,4576,0.016612204
122,4608,0.01660367
122,4640,0.016599972
122,4672,0.016635252
122,4704,0.016634343
122,4736,0.016629633
122,4768,0.016657146
122,4800,0.016575122
122,4832,0.016606173
122,4864,0.016594248
122,4896,0.016532423
122,4928,0.016554546
122,4960,0.01651984
122,4992,0.016601637
122,5024,0.016529236
122,5056,0.016598117
122,5088,0.016515432
122,5120,0.016605992
122,5152,0.016531255
122,5184,0.016553761
122,5216,0.016489247
122,5248,0.016507067
122,5280,0.01663155
122,5312,0.01655124
122,5344,0.016498389
122,5376,0.016531289
122,5408,0.016573071
122,5440,0.016533254
122,5472,0.016528113
122,5504,0.01648554
122,5536,0.016507892
122,5568,0.016524995
122,5600,0.016571281
122,5632,0.016451936
122,5664,0.016523486
122,5696,0.016522216
122,5728,0.016445797
122,5760,0.016534481
122,5792,0.016511919
122,5824,0.016471924
122,5856,0.01643887
122,5888,0.016425576
122,5920,0.01642357
122,5952,0.016374897
122,5984,0.016395003
122,6016,0.016420834
122,6048,0.016445704
122,6080,0.01637
123,0,0.016339082
123,32,0.016457416
123,64,0.016444929
123,96,0.016491301
123,128,0.016501505
123,160,0.016439179
123,192,0.016368195
123,224,0.016501658
123,256,0.016437054
123,288,0.016461037
123,320,0.016414465
123,352,0.016447326
123,384,0.016408429
123,416,0.016483605
123,448,0.016449286
123,480,0.016522214
123,512,0.016423767
123,544,0.016447796
123,576,0.016476208
123,608,0.016412318
123,640,0.016406938
123,672,0.016339485
123,704,0.016352674
123,736,0.01640817
123,768,0.016403276
123,800,0.01711999
123,832,0.01769736
123,864,0.017658632
123,896,0.017500903
123,928,0.017512742
123,960,0.017478893
123,992,0.017453844
123,1024,0.017389592
123,1056,0.017364746
123,1088,0.017342031
123,1120,0.017231815
123,1152,0.017280534
123,1184,0.01715989
123,1216,0.01714258
123,1248,0.0172249
123,1280,0.01713881
123,1312,0.01709275
123,1344,0.017065441
123,1376,0.017125621
123,1408,0.01708439
123,1440,0.017022286
123,1472,0.017087547
123,1504,0.01704228
123,1536,0.017074242
123,1568,0.016957756
123,1600,0.016993754
123,1632,0.016961908
123,1664,0.016948856
123,1696,0.016889857
123,1728,0.016951172
123,1760,0.016977701
123,1792,0.016799154
123,1824,0.016904302
123,1856,0.016860755
123,1888,0.016849373
123,1920,0.016826835
123,1952,0.016838524
123,1984,0.016778827
123,2016,0.016797943
123,2048,0.016810415
123,2080,0.01678684
123,2112,0.016782517
123,2144,0.016751615
123,2176,0.01675397
123,2208,0.016733278
123,2240,0.016733963
123,2272,0.0167586
123,2304,0.016670965
123,2336,0.016774919
123,2368,0.016714754
123,2400,0.016692718
123,2432,0.016713768
123,2464,0.016745739
123,2496,0.016721783
123,2528,0.016762612
123,2560,0.016635876
123,2592,0.01658007
123,2624,0.016643891
123,2656,0.016689403
123,2688,0.016671283
123,2720,0.016628196
123,2752,0.016682753
123,2784,0.01671504
123,2816,0.016598118
123,2848,0.016667565
123,2880,0.016594531
123,2912,0.016595447
123,2944,0.01658565
123,2976,0.016608171
123,3008,0.016610105
123,3040,0.016607698
123,3072,0.01664757
123,3104,0.016614653
123,3136,0.0165033
123,3168,0.016526481
123,3200,0.016586177
123,3232,0.016562767
123,3264,0.016594183
123,3296,0.016535545
123,3328,0.016587647
123,3360,0.016621519
123,3392,0.016581291
123,3424,0.016599307
123,3456,0.016548723
123,3488,0.01651795
123,3520,0.016508643
123,3552,0.016525796
123,3584,0.016442658
123,3616,0.016458102
123,3648,0.016475176
123,3680,0.016470943
123,3712,0.01658331
123,3744,0.016492214
123,3776,0.016515827
123,3808,0.016434748
123,3840,0.016468875
123,3872,0.016546344
123,3904,0.016434891
123,3936,0.016380638
123,3968,0.016516646
123,4000,0.016489608
123,4032,0.016470617
123,4064,0.016482485
123,4096,0.01649353
123,4128,0.01645608
123,4160,0.016466333
123,4192,0.016468616
123,4224,0.016498074
123,4256,0.016415253
123,4288,0.016375352
123,4320,0.016374469
123,4352,0.016446024
123,4384,0.016434876
123,4416,0.016431963
123,4448,0.016459161
123,4480,0.01642092
123,4512,0.016461767
123,4544,0.016375054
123,4576,0.016365958
123,4608,0.016408497
123,4640,0.016433755
123,4672,0.016399965
123,4704,0.016336286
123,4736,0.016457094
123,4768,0.016393263
123,4800,0.016425757
123,4832,0.01637857
123,4864,0.0164246
123,4896,0.017218575
123,4928,0.017747538
123,4960,0.017713087
123,4992,0.017651966
123,5024,0.017518466
123,5056,0.017449703
123,5088,0.017367361
123,5120,0.017314907
123,5152,0.017383887
123,5184,0.017216278
123,5216,0.017263526
123,5248,0.017274573
123,5280,0.017227873
123,5312,0.017185563
123,5344,0.01715779
123,5376,0.017175449
123,5408,0.017108139
123,5440,0.017053755
123,5472,0.017118784
123,5504,0.017106982
123,5536,0.017010005
123,5568,0.017018894
123,5600,0.017035909
123,5632,0.01705418
123,5664,0.016932987
123,5696,0.016947355
123,5728,0.016935173
123,5760,0.016990552
123,5792,0.016924465
123,5824,0.016938655
123,5856,0.016885646
123,5888,0.016863072
123,5920,0.016945384
123,5952,0.016876925
123,5984,0.016880045
123,6016,0.016827758
123,6048,0.016776878
123,6080,0.016870582
124,0,0.016858416
124,32,0.016835555
124,64,0.016760148
124,96,0.016829105
124,128,0.016789097
124,160,0.016827269
124,192,0.016731668
124,224,0.01687905
124,256,0.016790701
124,288,0.016702877
124,320,0.016833313
124,352,0.016760632
124,384,0.016777175
124,416,0.016703192
124,448,0.016683994
124,480,0.016728643
124,512,0.016749628
124,544,0.01672398
124,576,0.016733803
124,608,0.0166889
124,640,0.01671771
124,672,0.016690098
124,704,0.016682817
124,736,0.016715387
124,768,0.016702564
124,800,0.016738947
124,832,0.01663577
124,864,0.01666481
124,896,0.01665637
124,928,0.016683513
124,960,0.016647318
124,992,0.016616043
124,1024,0.016611366
124,1056,0.016652195
124,1088,0.016564062
124,1120,0.01659942
124,1152,0.016620379
124,1184,0.01659883
124,1216,0.016656334
124,1248,0.016602755
124,1280,0.0166216
124,1312,0.016522916
124,1344,0.01660643
124,1376,0.01663152
124,1408,0.016525224
124,1440,0.016653977
124,1472,0.016584622
124,1504,0.016580608
124,1536,0.016587643
124,1568,0.016612401
124,1600,0.016595388
124,1632,0.016528167
124,1664,0.016651956
124,1696,0.016565237
124,1728,0.016524876
124,1760,0.016543549
124,1792,0.016564088
124,1824,0.01650032
124,1856,0.01647335
124,1888,0.016504742
124,1920,0.016543576
124,1952,0.016516268
124,1984,0.016474528
124,2016,0.016541725
124,2048,0.016561028
124,2080,0.016482422
124,2112,0.016549287
124,2144,0.016528683
124,2176,0.016519958
124,2208,0.016515674
124,2240,0.016436523
124,2272,0.016485404
124,2304,0.01635959
124,2336,0.016482892
124,2368,0.016465746
124,2400,0.016441483
124,2432,0.016483715
124,2464,0.016376413
124,2496,0.016453395
124,2528,0.01651249
124,2560,0.016461726
124,2592,0.016428463
124,2624,0.016471054
124,2656,0.016459208
124,2688,0.016412167
124,2720,0.01636978
124,2752,0.016427526
124,2784,0.016454546
124,2816,0.016393745
124,2848,0.016393036
124,2880,0.01686527
124,2912,0.017809203
124,2944,0.017691197
124,2976,0.017601963
124,3008,0.017545618
124,3040,0.017455142
124,3072,0.017488433
124,3104,0.017377904
124,3136,0.01735312
124,3168,0.017335469
124,3200,0.017211283
124,3232,0.017255742
124,3264,0.017264485
124,3296,0.017230053
124,3328,0.01719127
124,3360,0.017102487
124,3392,0.017129036
124,3424,0.017128365
124,3456,0.017072812
124,3488,0.017063024
124,3520,0.017077912
124,3552,0.017001003
124,3584,0.016985467
124,3616,0.016994769
124,3648,0.016992956
124,3680,0.016961575
124,3712,0.016994309
124,3744,0.017033212
124,3776,0.016976269
124,3808,0.016966272
124,3840,0.01692745
124,3872,0.01679841
124,3904,0.016855353
124,3936,0.01687265
124,3968,0.016824393
124,4000,0.0168509
124,4032,0.016804717
124,4064,0.016834617
124,4096,0.016742824
124,4128,0.016855184
124,4160,0.016795704
124,4192,0.01676238
124,4224,0.016798778
124,4256,0.016754087
124,4288,0.016783878
124,4320,0.01676966
124,4352,0.01668861
124,4384,0.016680887
124,4416,0.016775124
124,4448,0.016817547
124,4480,0.0166848
124,4512,0.01677635
124,4544,0.01668812
124,4576,0.016693756
124,4608,0.01667798
124,4640,0.016673267
124,4672,0.016707562
124,4704,0.016624626
124,4736,0.016599644
124,4768,0.016689586
124,4800,0.016670525
124,4832,0.01659916
124,4864,0.016657181
124,4896,0.01667215
124,4928,0.016632786
124,4960,0.016636949
124,4992,0.016637133
124,5024,0.016622486
124,5056,0.0166094
124,5088,0.016623642
124,5120,0.016569283
124,5152,0.016624834
124,5184,0.01659613
124,5216,0.016585333
124,5248,0.016588442
124,5280,0.01653207
124,5312,0.0165683
124,5344,0.016511502
124,5376,0.016567234
124,5408,0.016572125
124,5440,0.016570726
124,5472,0.016541384
124,5504,0.016577348
124,5536,0.016558545
124,5568,0.016535178
124,5600,0.016497415
124,5632,0.016554728
124,5664,0.01651078
124,5696,0.01652264
124,5728,0.016492028
124,5760,0.016602403
124,5792,0.016501555
124,5824,0.016467998
124,5856,0.016534397
124,5888,0.016513169
124,5920,0.01650224
124,5952,0.016509267
124,5984,0.016591858
124,6016,0.016456265
124,6048,0.016448973
124,6080,0.016493993
125,0,0.0165062
125,32,0.016531916
125,64,0.016545217
125,96,0.016476423
125,128,0.016518014
125,160,0.016546229
125,192,0.016498353
125,224,0.016545145
125,256,0.016495684
125,288,0.01645579
125,320,0.016440548
125,352,0.016507506
125,384,0.016454145
125,416,0.0164589
125,448,0.016462015
125,480,0.01648215
125,512,0.016418846
125,544,0.016471388
125,576,0.016482694
125,608,0.016463142
125,640,0.016469099
125,672,0.016462896
125,704,0.016493168
125,736,0.016413195
125,768,0.016471112
125,800,0.01639471
125,832,0.016441634
125,864,0.016452603
125,896,0.01789298
125,928,0.017736932
125,960,0.017690068
125,992,0.017604854
125,1024,0.017645497
125,1056,0.017504506
125,1088,0.017568704
125,1120,0.01748982
125,1152,0.017375622
125,1184,0.017406536
125,1216,0.017373879
125,1248,0.017324833
125,1280,0.017248036
125,1312,0.017270688
125,1344,0.01719072
125,1376,0.017187815
125,1408,0.017189242
125,1440,0.01716883
125,1472,0.017148802
125,1504,0.017175987
125,1536,0.01708802
125,1568,0.017072137
125,1600,0.017079633
125,1632,0.017047593
125,1664,0.017024357
125,1696,0.01706634
125,1728,0.016974602
125,1760,0.016985724
125,1792,0.01701937
125,1824,0.016988713
125,1856,0.01697958
125,1888,0.01694
125,1920,0.017010555
125,1952,0.016840631
125,1984,0.016860863
125,2016,0.016952675
125,2048,0.016892709
125,2080,0.016998835
125,2112,0.01694904
125,2144,0.016870474
125,2176,0.016790546
125,2208,0.01685235
125,2240,0.01689905
125,2272,0.01687509
125,2304,0.01690023
125,2336,0.016861392
125,2368,0.016882269
125,2400,0.016756758
125,2432,0.01686139
125,2464,0.016794393
125,2496,0.016767338
125,2528,0.016726712
125,2560,0.016834732
125,2592,0.01676179
125,2624,0.016785944
125,2656,0.01674358
125,2688,0.016795404
125,2720,0.016770156
125,2752,0.016724162
125,2784,0.016672231
125,2816,0.01674898
125,2848,0.016669732
125,2880,0.016786033
125,2912,0.016720649
125,2944,0.0166907
125,2976,0.016648168
125,3008,0.016707798
125,3040,0.0167514
125,3072,0.016688798
125,3104,0.016692396
125,3136,0.016614664
125,3168,0.0166576
125,3200,0.016662082
125,3232,0.01663532
125,3264,0.016712599
125,3296,0.016610589
125,3328,0.016631445
125,3360,0.0166319
125,3392,0.01666978
125,3424,0.016642937
125,3456,0.01663488
125,3488,0.016640289
125,3520,0.016650973
125,3552,0.016588511
125,3584,0.016550565
125,3616,0.016605258
125,3648,0.01651721
125,3680,0.016532807
125,3712,0.016601885
125,3744,0.016565936
125,3776,0.016613517
125,3808,0.016560597
125,3840,0.016503753
125,3872,0.016542805
125,3904,0.0165575
125,3936,0.016592197
125,3968,0.016522832
125,4000,0.016502265
125,4032,0.01656461
125,4064,0.016586177
125,4096,0.016599134
125,4128,0.016552597
125,4160,0.016554477
125,4192,0.016467925
125,4224,0.01648307
125,4256,0.016610902
125,4288,0.016585883
125,4320,0.0165452
125,4352,0.016521215
125,4384,0.01650153
125,4416,0.01646891
125,4448,0.0165321
125,4480,0.01650623
125,4512,0.016518138
125,4544,0.016532099
125,4576,0.01646615
125,4608,0.016506158
125,4640,0.01652059
125,4672,0.016569048
125,4704,0.01648336
125,4736,0.016454857
125,4768,0.016376778
125,4800,0.016419327
125,4832,0.016486548
125,4864,0.016461879
125,4896,0.016520089
125,4928,0.016433906
125,4960,0.01652244
125,4992,0.017766373
125,5024,0.017648593
125,5056,0.01767335
125,5088,0.017593017
125,5120,0.017548118
125,5152,0.017520431
125,5184,0.017490996
125,5216,0.017460069
125,5248,0.017315164
125,5280,0.017386546
125,5312,0.017335065
125,5344,0.017344119
125,5376,0.017361235
125,5408,0.017236156
125,5440,0.01724466
125,5472,0.017190207
125,5504,0.017184917
125,5536,0.017114012
125,5568,0.017126668
125,5600,0.017211376
125,5632,0.017090263
125,5664,0.017143454
125,5696,0.01703188
125,5728,0.017053453
125,5760,0.017082455
125,5792,0.017089663
125,5824,0.017036056
125,5856,0.017031735
125,5888,0.017085478
125,5920,0.016957123
125,5952,0.016969427
125,5984,0.016889974
125,6016,0.016915094
125,6048,0.016900176
125,6080,0.01691818
126,0,0.01692389
126,32,0.016920691
126,64,0.01693443
126,96,0.016947424
126,128,0.01687988
126,160,0.01689574
126,192,0.016878126
126,224,0.01691251
126,256,0.016843662
126,288,0.016948055
126,320,0.016908377
126,352,0.01686704
126,384,0.01684404
126,416,0.01685504
126,448,0.016759269
126,480,0.016835332
126,512,0.01683422
126,544,0.016840827
126,576,0.016811175
126,608,0.016786134
126,640,0.016742505
126,672,0.01686278
126,704,0.01676209
126,736,0.01676333
126,768,0.016758956
126,800,0.016689714
126,832,0.016743744
126,864,0.016706
126,896,0.016771998
126,928,0.01682417
126,960,0.01667365
126,992,0.016788613
126,1024,0.01674723
126,1056,0.016622206
126,1088,0.016722273
126,1120,0.016655276
126,1152,0.016751012
126,1184,0.016654748
126,1216,0.016740961
126,1248,0.016610617
126,1280,0.01672538
126,1312,0.016724799
126,1344,0.016703727
126,1376,0.016655596
126,1408,0.016705507
126,1440,0.016704576
126,1472,0.016658492
126,1504,0.016682599
126,1536,0.01664535
126,1568,0.016644211
126,1600,0.0166069
126,1632,0.016644467
126,1664,0.016600732
126,1696,0.016549716
126,1728,0.016632345
126,1760,0.016599538
126,1792,0.016603388
126,1824,0.016573157
126,1856,0.016635302
126,1888,0.016511254
126,1920,0.016613118
126,1952,0.01658209
126,1984,0.016661746
126,2016,0.016533507
126,2048,0.01655135
126,2080,0.016588734
126,2112,0.016545318
126,2144,0.016556267
126,2176,0.016622644
126,2208,0.016665217
126,2240,0.016631939
126,2272,0.016517516
126,2304,0.016544577
126,2336,0.016547339
126,2368,0.016620424
126,2400,0.016532483
126,2432,0.016525209
126,2464,0.016600594
126,2496,0.016564835
126,2528,0.016545024
126,2560,0.016515952
126,2592,0.016592534
126,2624,0.016546963
126,2656,0.016565314
126,2688,0.016531806
126,2720,0.016568113
126,2752,0.016547946
126,2784,0.016530808
126,2816,0.01654181
126,2848,0.016510453
126,2880,0.016582562
126,2912,0.0165688
126,2944,0.016588878
126,2976,0.017583651
126,3008,0.017827574
126,3040,0.017693914
126,3072,0.017763374
126,3104,0.017513376
126,3136,0.01744423
126,3168,0.017500475
126,3200,0.017537255
126,3232,0.017457679
126,3264,0.017339904
126,3296,0.017267125
126,3328,0.017270459
126,3360,0.017302385
126,3392,0.017291663
126,3424,0.017213657
126,3456,0.017230112
126,3488,0.017137595
126,3520,0.017201688
126,3552,0.017182644
126,3584,0.017167194
126,3616,0.017173529
126,3648,0.017076137
126,3680,0.017077846
126,3712,0.017078917
126,3744,0.017072888
126,3776,0.017094845
126,3808,0.017043512
126,3840,0.017057532
126,3872,0.016954137
126,3904,0.016943045
126,3936,0.017040273
126,3968,0.016918305
126,4000,0.016977226
126,4032,0.017012099
126,4064,0.016928999
126,4096,0.016881598
126,4128,0.016947392
126,4160,0.016853299
126,4192,0.016963277
126,4224,0.016849574
126,4256,0.016782964
126,4288,0.016879665
126,4320,0.01685931
126,4352,0.016905459
126,4384,0.016819317
126,4416,0.016758965
126,4448,0.016813714
126,4480,0.016799971
126,4512,0.01674504
126,4544,0.016793814
126,4576,0.0168452
126,4608,0.016783217
126,4640,0.016784929
126,4672,0.016865667
126,4704,0.016784605
126,4736,0.01673815
126,4768,0.016714172
126,4800,0.016750855
126,4832,0.01673072
126,4864,0.016786905
126,4896,0.016750628
126,4928,0.016687114
126,4960,0.016686011
126,4992,0.0166838
126,5024,0.016675351
126,5056,0.016685532
126,5088,0.016636364
126,5120,0.016602928
126,5152,0.016596738
126,5184,0.016638929
126,5216,0.016734362
126,5248,0.016676813
126,5280,0.016636364
126,5312,0.016617557
126,5344,0.016671984
126,5376,0.016720371
126,5408,0.016635925
126,5440,0.016709527
126,5472,0.01660485
126,5504,0.01663748
126,5536,0.016577398
126,5568,0.016637603
126,5600,0.01658037
126,5632,0.016680174
126,5664,0.016616182
126,5696,0.016613044
126,5728,0.01659994
126,5760,0.016533619
126,5792,0.016591938
126,5824,0.01656551
126,5856,0.016563423
126,5888,0.01651782
126,5920,0.01655795
126,5952,0.016555227
126,5984,0.016670868
126,6016,0.01663144
126,6048,0.016544465
126,6080,0.016505549
127,0,0.016510949
127,32,0.016622335
127,64,0.016586201
127,96,0.016634
127,128,0.016565355
127,160,0.016568381
127,192,0.016544549
127,224,0.016646923
127,256,0.016570505
127,288,0.016576089
127,320,0.01657307
127,352,0.01666696
127,384,0.016563227
127,416,0.016544454
127,448,0.016513003
127,480,0.016506493
127,512,0.016514435
127,544,0.016508028
127,576,0.016544541
127,608,0.016519893
127,640,0.016540667
127,672,0.016596057
127,704,0.016456766
127,736,0.016419077
127,768,0.016544757
127,800,0.01649017
127,832,0.016508365
127,864,0.016529478
127,896,0.016530182
127,928,0.016499666
127,960,0.01729769
127,992,0.01792807
127,1024,0.017802767
127,1056,0.017756138
127,1088,0.017641904
127,1120,0.017651021
127,1152,0.017596768
127,1184,0.01759913
127,1216,0.01758168
127,1248,0.017527884
127,1280,0.017446756
127,1312,0.017383885
127,1344,0.017399807
127,1376,0.01731066
127,1408,0.01731496
127,1440,0.017270554
127,1472,0.017270846
127,1504,0.017245729
127,1536,0.017230645
127,1568,0.017302373
127,1600,0.017229388
127,1632,0.01722595
127,1664,0.01714074
127,1696,0.017171048
127,1728,0.017120361
127,1760,0.01714878
127,1792,0.017162407
127,1824,0.017129388
127,1856,0.017082851
127,1888,0.017055023
127,1920,0.017099394
127,1952,0.017004961
127,1984,0.017032146
127,2016,0.016965933
127,2048,0.01703887
127,2080,0.017040359
127,2112,0.016961182
127,2144,0.01697861
127,2176,0.016927501
127,2208,0.016946249
127,2240,0.017042339
127,2272,0.01695552
127,2304,0.016984828
127,2336,0.016886815
127,2368,0.016960606
127,2400,0.016886473
127,2432,0.016916057
127,2464,0.016915105
127,2496,0.016847998
127,2528,0.016819758
127,2560,0.016846495
127,2592,0.016813602
127,2624,0.016874034
127,2656,0.016850935
127,2688,0.016775943
127,2720,0.016856728
127,2752,0.016846156
127,2784,0.01681926
127,2816,0.01679714
127,2848,0.016835507
127,2880,0.016694637
127,2912,0.016817575
127,2944,0.016841097
127,2976,0.0168649
127,3008,0.016776321
127,3040,0.016764138
127,3072,0.016834674
127,3104,0.016758231
127,3136,0.016810317
127,3168,0.016756602
127,3200,0.016833756
127,3232,0.016708216
127,3264,0.01666801
127,3296,0.016718008
127,3328,0.016768845
127,3360,0.016725581
127,3392,0.0166736
127,3424,0.01676272
127,3456,0.016622618
127,3488,0.016661692
127,3520,0.01675988
127,3552,0.016719623
127,3584,0.016720003
127,3616,0.01665322
127,3648,0.016755613
127,3680,0.016650409
127,3712,0.016643556
127,3744,0.01662237
127,3776,0.016687486
127,3808,0.016750244
127,3840,0.016695471
127,3872,0.016658297
127,3904,0.016676366
127,3936,0.016715249
127,3968,0.016633246
127,4000,0.016599521
127,4032,0.016637143
127,4064,0.01667872
127,4096,0.016553542
127,4128,0.016632468
127,4160,0.016552601
127,4192,0.016689349
127,4224,0.016620986
127,4256,0.01650318
127,4288,0.016586626
127,4320,0.016588906
127,4352,0.016622873
127,4384,0.016596023
127,4416,0.016566886
127,4448,0.016621552
127,4480,0.016666366
127,4512,0.01652186
127,4544,0.016579341
127,4576,0.016634205
127,4608,0.016610242
127,4640,0.01662515
127,4672,0.01661298
127,4704,0.01655653
127,4736,0.016559523
127,4768,0.016630104
127,4800,0.016577644
127,4832,0.01654835
127,4864,0.01653196
127,4896,0.016651092
127,4928,0.01660324
127,4960,0.016612925
127,4992,0.016631298
127,5024,0.016564138
127,5056,0.017240813
127,5088,0.017913837
127,5120,0.017748551
127,5152,0.017682025
127,5184,0.017609876
127,5216,0.017603993
127,5248,0.017559543
127,5280,0.017557075
127,5312,0.017490929
127,5344,0.017461367
127,5376,0.017369028
127,5408,0.017403359
127,5440,0.017286217
127,5472,0.017362725
127,5504,0.017314602
127,5536,0.017247753
127,5568,0.017144414
127,5600,0.0172592
127,5632,0.01723384
127,5664,0.017087063
127,5696,0.017150227
127,5728,0.017144388
127,5760,0.017141212
127,5792,0.017100673
127,5824,0.0171719
127,5856,0.017088724
127,5888,0.017038457
127,5920,0.017067436
127,5952,0.017071363
127,5984,0.017028984
127,6016,0.01700002
127,6048,0.017127115
127,6080,0.016947445
128,0,0.017060779
128,32,0.017084133
128,64,0.017012838
128,96,0.017025001
128,128,0.016976021
128,160,0.016944028
128,192,0.016961247
128,224,0.016908329
128,256,0.01697413
128,288,0.016935732
128,320,0.016949054
128,352,0.016872892
128,384,0.016905414
128,416,0.01693674
128,448,0.01685447
128,480,0.016893083
128,512,0.016852496
128,544,0.016924711
128,576,0.016878592
128,608,0.016847197
128,640,0.016849918
128,672,0.01693931
128,704,0.016741585
128,736,0.016803367
128,768,0.016819922
128,800,0.0168239
128,832,0.016745286
128,864,0.016816344
128,896,0.016806435
128,928,0.016746176
128,960,0.016721034
128,992,0.01675779
128,1024,0.016779954
128,1056,0.01676394
128,1088,0.016767466
128,1120,0.016678637
128,1152,0.01673361
128,1184,0.016718706
128,1216,0.016867882
128,1248,0.01678531
128,1280,0.016766341
128,1312,0.016649872
128,1344,0.016719868
128,1376,0.016702702
128,1408,0.01679432
128,1440,0.016691275
128,1472,0.016668376
128,1504,0.016612303
128,1536,0.016697042
128,1568,0.016644333
128,1600,0.016691262
128,1632,0.016663404
128,1664,0.016692089
128,1696,0.016669217
128,1728,0.016719757
128,1760,0.016653793
128,1792,0.016692108
128,1824,0.016674917
128,1856,0.016682358
128,1888,0.016650148
128,1920,0.01675575
128,1952,0.016751599
128,1984,0.016674044
128,2016,0.016690671
128,2048,0.016681755
128,2080,0.016651012
128,2112,0.016594138
128,2144,0.01666689
128,2176,0.01661992
128,2208,0.016693663
128,2240,0.016654864
128,2272,0.016692799
128,2304,0.01663155
128,2336,0.016653836
128,2368,0.016606884
128,2400,0.016563442
128,2432,0.016635915
128,2464,0.016630698
128,2496,0.016599797
128,2528,0.016673015
128,2560,0.016593782
128,2592,0.016583534
128,2624,0.016551794
128,2656,0.016558992
128,2688,0.016569536
128,2720,0.01655538
128,2752,0.016610073
128,2784,0.016623616
128,2816,0.016551698
128,2848,0.016556747
128,2880,0.016638275
128,2912,0.016515892
128,2944,0.016535932
128,2976,0.016538119
128,3008,0.016560135
128,3040,0.016942851
128,3072,0.017904285
128,3104,0.017801018
128,3136,0.017811446
128,3168,0.017775452
128,3200,0.01765505
128,3232,0.01769892
128,3264,0.017645156
128,3296,0.01751822
128,3328,0.01745286
128,3360,0.01736933
128,3392,0.017370472
128,3424,0.017335253
128,3456,0.017325168
128,3488,0.0173261
128,3520,0.017315669
128,3552,0.017318869
128,3584,0.017248938
128,3616,0.017275985
128,3648,0.017159605
128,3680,0.017249472
128,3712,0.017134847
128,3744,0.017193321
128,3776,0.017163372
128,3808,0.017177057
128,3840,0.017104743
128,3872,0.017180923
128,3904,0.017159473
128,3936,0.017108364
128,3968,0.01707498
128,4000,0.017045863
128,4032,0.017078675
128,4064,0.017039772
128,4096,0.017039202
128,4128,0.016974032
128,4160,0.016992971
128,4192,0.017009724
128,4224,0.017056897
128,4256,0.016959026
128,4288,0.016921958
128,4320,0.016904304
128,4352,0.016943522
128,4384,0.017009176
128,4416,0.016993202
128,4448,0.016927617
128,4480,0.016843313
128,4512,0.016886072
128,4544,0.016874924
128,4576,0.016816653
128,4608,0.016963296
128,4640,0.01687884
128,4672,0.016829899
128,4704,0.016912365
128,4736,0.016869472
128,4768,0.01676984
128,4800,0.01686098
128,4832,0.016825277
128,4864,0.016827926
128,4896,0.016831031
128,4928,0.016845807
128,4960,0.016835915
128,4992,0.016880427
128,5024,0.016795175
128,5056,0.016779525
128,5088,0.016770465
128,5120,0.016774626
128,5152,0.01678943
128,5184,0.016806757
128,5216,0.016742716
128,5248,0.016732953
128,5280,0.016771907
128,5312,0.016807288
128,5344,0.016762562
128,5376,0.016725143
128,5408,0.016676854
128,5440,0.016786143
128,5472,0.016715983
128,5504,0.016789466
128,5536,0.016676825
128,5568,0.016712593
128,5600,0.016719813
128,5632,0.016730886
128,5664,0.016709754
128,5696,0.016663553
128,5728,0.016700314
128,5760,0.016713575
128,5792,0.016594157
128,5824,0.016674351
128,5856,0.016698163
128,5888,0.016629301
128,5920,0.016627498
128,5952,0.016635738
128,5984,0.016699448
128,6016,0.016675776
128,6048,0.01665694
128,6080,0.016691586
129,0,0.016629677
129,32,0.016742159
129,64,0.016705174
129,96,0.01664428
129,128,0.016670804
129,160,0.016704893
129,192,0.0166288
129,224,0.01669162
129,256,0.016639922
129,288,0.016687939
129,320,0.016656578
129,352,0.016606567
129,384,0.01664879
129,416,0.016677365
129,448,0.01667562
129,480,0.016626198
129,512,0.016650982
129,544,0.016718287
129,576,0.016659044
129,608,0.016677251
129,640,0.016648171
129,672,0.016623266
129,704,0.016584266
129,736,0.016611705
129,768,0.016665889
129,800,0.016612023
129,832,0.016610434
129,864,0.016657453
129,896,0.016546078
129,928,0.016637918
129,960,0.016594343
129,992,0.0166779
129,1024,0.016649729
129,1056,0.01805447
129,1088,0.017948573
129,1120,0.017761648
129,1152,0.01773847
129,1184,0.017746137
129,1216,0.01765619
129,1248,0.017635355
129,1280,0.017588304
129,1312,0.017464511
129,1344,0.01747577
129,1376,0.01749742
129,1408,0.01747816
129,1440,0.017447611
129,1472,0.017433727
129,1504,0.017328957
129,1536,0.017381653
129,1568,0.017359259
129,1600,0.017264133
129,1632,0.017333841
129,1664,0.017317971
129,1696,0.017243193
129,1728,0.017341724
129,1760,0.017183084
129,1792,0.017194506
129,1824,0.017142877
129,1856,0.01717497
129,1888,0.017239993
129,1920,0.017096663
129,1952,0.017137114
129,1984,0.01710414
129,2016,0.017112564
129,2048,0.01707677
129,2080,0.017038494
129,2112,0.017044974
129,2144,0.017079934
129,2176,0.017032372
129,2208,0.017058758
129,2240,0.016988909
129,2272,0.016944887
129,2304,0.017005071
129,2336,0.016937196
129,2368,0.01699311
129,2400,0.016959485
129,2432,0.017007213
129,2464,0.01690659
129,2496,0.017036358
129,2528,0.016925313
129,2560,0.016867336
129,2592,0.016921608
129,2624,0.016965024
129,2656,0.016894983
129,2688,0.016932437
129,2720,0.016868606
129,2752,0.016956516
129,2784,0.016893128
129,2816,0.016927162
129,2848,0.016832845
129,2880,0.016752822
129,2912,0.016876739
129,2944,0.016821975
129,2976,0.016852645
129,3008,0.0168651
129,3040,0.016851299
129,3072,0.01677785
129,3104,0.016933829
129,3136,0.016820481
129,3168,0.016856525
129,3200,0.016812693
129,3232,0.01679892
129,3264,0.016751684
129,3296,0.016835669
129,3328,0.016799945
129,3360,0.016752215
129,3392,0.016719405
129,3424,0.01671448
129,3456,0.016729537
129,3488,0.016742097
129,3520,0.01675227
129,3552,0.016797338
129,3584,0.016746763
129,3616,0.01671166
129,3648,0.016778154
129,3680,0.016668286
129,3712,0.016748242
129,3744,0.016762497
129,3776,0.016719725
129,3808,0.01678857
129,3840,0.016787255
129,3872,0.016723666
129,3904,0.01667229
129,3936,0.016635077
129,3968,0.01665506
129,4000,0.01671735
129,4032,0.016708761
129,4064,0.016764833
129,4096,0.01662765
129,4128,0.016730644
129,4160,0.016641183
129,4192,0.016689027
129,4224,0.01666325
129,4256,0.016752444
129,4288,0.016695162
129,4320,0.016623676
129,4352,0.016587334
129,4384,0.016574755
129,4416,0.01663833
129,4448,0.016649207
129,4480,0.01668964
129,4512,0.01662299
129,4544,0.01671841
129,4576,0.016615557
129,4608,0.01661843
129,4640,0.016590057
129,4672,0.016583081
129,4704,0.016675824
129,4736,0.01664237
129,4768,0.016570937
129,4800,0.016589306
129,4832,0.016643098
129,4864,0.01668683
129,4896,0.016644327
129,4928,0.01659161
129,4960,0.016577905
129,4992,0.016653504
129,5024,0.016601585
129,5056,0.016613496
129,5088,0.016683046
129,5120,0.016645296
129,5152,0.017975274
129,5184,0.017834112
129,5216,0.017796975
129,5248,0.01775923
129,5280,0.01764931
129,5312,0.017669752
129,5344,0.017627187
129,5376,0.017554399
129,5408,0.017585462
129,5440,0.017459098
129,5472,0.017450979
129,5504,0.01743143
129,5536,0.017451506
129,5568,0.017434523
129,5600,0.017472109
129,5632,0.017397434
129,5664,0.017291322
129,5696,0.017313931
129,5728,0.017267996
129,5760,0.017314386
129,5792,0.017319685
129,5824,0.017200967
129,5856,0.017194973
129,5888,0.017248813
129,5920,0.017174851
129,5952,0.0171106
129,5984,0.017130839
129,6016,0.017147057
129,6048,0.017168598
129,6080,0.017113058
130,0,0.017047325
130,32,0.0171063
130,64,0.017140575
130,96,0.01705819
130,128,0.017036635
130,160,0.017070238
130,192,0.017104689
130,224,0.017044624
130,256,0.017039832
130,288,0.017073305
130,320,0.017053086
130,352,0.016968103
130,384,0.016974466
130,416,0.016952217
130,448,0.016900988
130,480,0.016958363
130,512,0.017006297
130,544,0.016970955
130,576,0.017027475
130,608,0.016931865
130,640,0.016943019
130,672,0.016937595
130,704,0.016881658
130,736,0.016928673
130,768,0.01688852
130,800,0.016944498
130,832,0.016899133
130,864,0.016945338
130,896,0.016839597
130,928,0.016914593
130,960,0.016905896
130,992,0.016862806
130,1024,0.016824117
130,1056,0.016879454
130,1088,0.016888913
130,1120,0.016870514
130,1152,0.01686795
130,1184,0.016787086
130,1216,0.016812539
130,1248,0.016772013
130,1280,0.016773414
130,1312,0.016710248
130,1344,0.016774626
130,1376,0.016820762
130,1408,0.016733991
130,1440,0.016780237
130,1472,0.016743155
130,1504,0.016866403
130,1536,0.016754057
130,1568,0.016856203
130,1600,0.01676213
130,1632,0.0167291
130,1664,0.016828103
130,1696,0.016789418
130,1728,0.016791023
130,1760,0.016771765
130,1792,0.01674782
130,1824,0.016733043
130,1856,0.016754499
130,1888,0.016770415
130,1920,0.01674352
130,1952,0.016744006
130,1984,0.016706405
130,2016,0.016743183
130,2048,0.016746063
130,2080,0.016605653
130,2112,0.016786901
130,2144,0.016720863
130,2176,0.016704194
130,2208,0.0166928
130,2240,0.016685877
130,2272,0.016727015
130,2304,0.016728684
130,2336,0.016715212
130,2368,0.016638037
130,2400,0.016702985
130,2432,0.016665436
130,2464,0.016680727
130,2496,0.016642826
130,2528,0.016615003
130,2560,0.01667676
130,2592,0.016684424
130,2624,0.016674593
130,2656,0.016638305
130,2688,0.016607359
130,2720,0.016571663
130,2752,0.016625533
130,2784,0.01661905
130,2816,0.01665494
130,2848,0.016636964
130,2880,0.016569596
130,2912,0.016609171
130,2944,0.016760884
130,2976,0.01666149
130,3008,0.016670657
130,3040,0.01662009
130,3072,0.016633395
130,3104,0.016655589
130,3136,0.017759653
130,3168,0.017920548
130,3200,0.01783089
130,3232,0.017730953
130,3264,0.017751
130,3296,0.017686868
130,3328,0.0175999
130,3360,0.01763154
130,3392,0.017599892
130,3424,0.017518708
130,3456,0.017538752
130,3488,0.017482527
130,3520,0.017430188
130,3552,0.01744041
130,3584,0.017396985
130,3616,0.017321913
130,3648,0.017309695
130,3680,0.017359482
130,3712,0.017321995
130,3744,0.017369945
130,3776,0.017268207
130,3808,0.017209148
130,3840,0.017243678
130,3872,0.01725161
130,3904,0.017214006
130,3936,0.017149406
130,3968,0.017146818
130,4000,0.017147891
130,4032,0.017206859
130,4064,0.017142287
130,4096,0.01715369
130,4128,0.017085243
130,4160,0.01712834
130,4192,0.017028237
130,4224,0.017147044
130,4256,0.017110277
130,4288,0.017089805
130,4320,0.017068122
130,4352,0.017075429
130,4384,0.017021585
130,4416,0.017047098
130,4448,0.017065272
130,4480,0.016971618
130,4512,0.016974986
130,4544,0.016922284
130,4576,0.017013067
130,4608,0.016994217
130,4640,0.016960094
130,4672,0.016932104
130,4704,0.016915549
130,4736,0.016958944
130,4768,0.016965454
130,4800,0.016893707
130,4832,0.016927559
130,4864,0.016894003
130,4896,0.016983505
130,4928,0.016866205
130,4960,0.01691383
130,4992,0.01689374
130,5024,0.01691475
130,5056,0.01692559
130,5088,0.01689818
130,5120,0.016838243
130,5152,0.016886998
130,5184,0.01690183
130,5216,0.016816556
130,5248,0.016754918
130,5280,0.016844202
130,5312,0.016831972
130,5344,0.016900936
130,5376,0.01682218
130,5408,0.016824523
130,5440,0.016825322
130,5472,0.01678739
130,5504,0.016803252
130,5536,0.016796285
130,5568,0.016820548
130,5600,0.016786313
130,5632,0.016752357
130,5664,0.016789617
130,5696,0.016780902
130,5728,0.016754884
130,5760,0.016776117
130,5792,0.016834736
130,5824,0.016771795
130,5856,0.016711524
130,5888,0.016719418
130,5920,0.016745972
130,5952,0.016696986
130,5984,0.01681011
130,6016,0.016667342
130,6048,0.016747927
130,6080,0.016754616
